Rk,Team,Date,Opp,Comp,Result,GF,GA,GD,Poss,G-PK,PK,PKatt,PKm,Carries,TotDist,PrgDist,PrgC,1/3,CPA,Mis,Dis,Rec,PrgR,Match Report
1,Manchester Utd,2021-05-23,Wolves,eng Premier League,W 2-1,2,1,+1,43,1,1,1,0,425,2176,966,20,21,2,21,4,400,32,Match Report
2,Brighton,2021-05-23,Arsenal,eng Premier League,L 0-2,0,2,-2,46,0,0,0,0,382,1951,981,9,11,1,17,11,437,23,Match Report
3,Southampton,2021-05-23,West Ham,eng Premier League,L 0-3,0,3,-3,62,0,0,0,0,432,2691,1337,29,22,4,18,9,457,37,Match Report
4,Fulham,2021-05-23,Newcastle Utd,eng Premier League,L 0-2,0,2,-2,64,0,0,0,0,565,2946,1804,41,23,7,11,8,562,53,Match Report
5,Aston Villa,2021-05-23,Chelsea,eng Premier League,W 2-1,2,1,+1,29,1,1,1,0,147,922,423,10,6,4,10,10,187,19,Match Report
6,Everton,2021-05-23,Manchester City,eng Premier League,L 0-5,0,5,-5,33,0,0,1,1,290,1664,751,18,11,2,7,3,286,18,Match Report
7,West Brom,2021-05-23,Leeds United,eng Premier League,L 1-3,1,3,-2,36,1,0,0,0,235,1124,610,11,6,1,20,14,208,29,Match Report
8,Wolves,2021-05-23,Manchester Utd,eng Premier League,L 1-2,1,2,-1,57,1,0,0,0,469,2172,984,15,19,5,14,3,529,51,Match Report
9,Manchester City,2021-05-23,Everton,eng Premier League,W 5-0,5,0,+5,67,5,0,0,0,578,2733,1470,25,19,8,12,9,682,45,Match Report
10,Liverpool,2021-05-23,Crystal Palace,eng Premier League,W 2-0,2,0,+2,69,2,0,0,0,449,2170,1140,26,19,9,24,13,530,60,Match Report
11,Chelsea,2021-05-23,Aston Villa,eng Premier League,L 1-2,1,2,-1,71,1,0,0,0,406,2323,1274,25,23,5,19,8,562,79,Match Report
12,Newcastle Utd,2021-05-23,Fulham,eng Premier League,W 2-0,2,0,+2,36,1,1,1,0,272,1434,687,10,12,3,11,7,291,14,Match Report
13,Leicester City,2021-05-23,Tottenham,eng Premier League,L 2-4,2,4,-2,47,0,2,2,0,322,1638,686,15,16,4,15,13,363,30,Match Report
14,Arsenal,2021-05-23,Brighton,eng Premier League,W 2-0,2,0,+2,54,2,0,0,0,477,2447,1285,21,10,9,13,7,525,57,Match Report
15,Tottenham,2021-05-23,Leicester City,eng Premier League,W 4-2,4,2,+2,53,3,0,0,0,434,2315,1011,20,16,5,20,15,427,37,Match Report
16,Burnley,2021-05-23,Sheffield Utd,eng Premier League,L 0-1,0,1,-1,57,0,0,0,0,312,1659,736,11,10,1,15,10,372,34,Match Report
17,Leeds United,2021-05-23,West Brom,eng Premier League,W 3-1,3,1,+2,64,2,1,1,0,318,2174,1392,34,15,1,18,3,435,44,Match Report
18,Crystal Palace,2021-05-23,Liverpool,eng Premier League,L 0-2,0,2,-2,31,0,0,0,0,178,928,519,8,4,2,15,9,179,12,Match Report
19,West Ham,2021-05-23,Southampton,eng Premier League,W 3-0,3,0,+3,38,3,0,0,0,227,1169,527,9,10,5,8,11,231,28,Match Report
20,Sheffield Utd,2021-05-23,Burnley,eng Premier League,W 1-0,1,0,+1,43,1,0,0,0,263,1620,838,20,14,4,15,10,264,23,Match Report
21,Arsenal,2021-05-19,Crystal Palace,eng Premier League,W 3-1,3,1,+2,68,3,0,0,0,537,2667,1218,14,11,2,18,13,550,55,Match Report
22,Tottenham,2021-05-19,Aston Villa,eng Premier League,L 1-2,1,2,-1,60,1,0,0,0,404,2458,1396,21,13,6,10,7,504,39,Match Report
23,Crystal Palace,2021-05-19,Arsenal,eng Premier League,L 1-3,1,3,-2,32,1,0,0,0,206,1179,603,13,10,4,17,5,205,25,Match Report
24,Aston Villa,2021-05-19,Tottenham,eng Premier League,W 2-1,2,1,+1,40,1,0,0,0,288,1837,1104,29,15,13,17,15,316,33,Match Report
25,Sheffield Utd,2021-05-19,Newcastle Utd,eng Premier League,L 0-1,0,1,-1,49,0,0,0,0,353,2066,943,16,18,1,11,4,416,24,Match Report
26,West Brom,2021-05-19,West Ham,eng Premier League,L 1-3,1,3,-2,52,1,0,0,0,286,1634,851,21,18,4,15,10,280,30,Match Report
27,Wolves,2021-05-19,Everton,eng Premier League,L 0-1,0,1,-1,59,0,0,0,0,404,2268,1300,25,17,6,22,9,484,40,Match Report
28,Liverpool,2021-05-19,Burnley,eng Premier League,W 3-0,3,0,+3,59,3,0,0,0,440,2368,1307,31,21,9,14,10,515,44,Match Report
29,Newcastle Utd,2021-05-19,Sheffield Utd,eng Premier League,W 1-0,1,0,+1,51,1,0,0,0,286,1878,1018,17,19,5,22,6,463,39,Match Report
30,Burnley,2021-05-19,Liverpool,eng Premier League,L 0-3,0,3,-3,41,0,0,0,0,290,1489,639,17,11,2,13,12,315,29,Match Report
31,West Ham,2021-05-19,West Brom,eng Premier League,W 3-1,3,1,+2,48,3,0,1,1,210,1468,799,24,14,5,17,1,260,35,Match Report
32,Everton,2021-05-19,Wolves,eng Premier League,W 1-0,1,0,+1,41,1,0,0,0,245,1843,940,15,19,0,15,5,311,28,Match Report
33,Southampton,2021-05-18,Leeds United,eng Premier League,L 0-2,0,2,-2,51,0,0,0,0,250,1910,1104,22,23,3,15,21,345,33,Match Report
34,Leicester City,2021-05-18,Chelsea,eng Premier League,L 1-2,1,2,-1,42,1,0,0,0,250,1520,770,13,5,0,10,10,318,30,Match Report
35,Fulham,2021-05-18,Manchester Utd,eng Premier League,D 1-1,1,1,0,43,1,0,0,0,330,1597,756,16,6,3,19,9,348,20,Match Report
36,Leeds United,2021-05-18,Southampton,eng Premier League,W 2-0,2,0,+2,49,2,0,0,0,344,1448,659,8,7,4,13,13,315,27,Match Report
37,Brighton,2021-05-18,Manchester City,eng Premier League,W 3-2,3,2,+1,63,3,0,0,0,468,2448,1312,26,13,4,17,10,561,51,Match Report
38,Manchester Utd,2021-05-18,Fulham,eng Premier League,D 1-1,1,1,0,57,1,0,0,0,389,2215,1207,18,15,1,10,10,487,50,Match Report
39,Manchester City,2021-05-18,Brighton,eng Premier League,L 2-3,2,3,-1,37,2,0,0,0,256,1666,744,14,14,4,15,13,312,15,Match Report
40,Chelsea,2021-05-18,Leicester City,eng Premier League,W 2-1,2,1,+1,58,1,1,1,0,447,2060,1022,22,13,8,9,12,496,50,Match Report
41,Aston Villa,2021-05-16,Crystal Palace,eng Premier League,L 2-3,2,3,-1,55,2,0,0,0,347,1597,597,7,9,1,24,8,341,43,Match Report
42,Sheffield Utd,2021-05-16,Everton,eng Premier League,W 1-0,1,0,+1,38,1,0,0,0,258,1475,750,14,7,3,13,11,318,24,Match Report
43,Wolves,2021-05-16,Tottenham,eng Premier League,L 0-2,0,2,-2,38,0,0,0,0,239,1721,830,20,7,6,14,8,311,19,Match Report
44,Crystal Palace,2021-05-16,Aston Villa,eng Premier League,W 3-2,3,2,+1,45,3,0,0,0,203,1371,713,15,16,7,16,10,257,30,Match Report
45,Tottenham,2021-05-16,Wolves,eng Premier League,W 2-0,2,0,+2,62,2,0,0,0,453,2383,1230,23,14,7,8,8,535,45,Match Report
46,Everton,2021-05-16,Sheffield Utd,eng Premier League,L 0-1,0,1,-1,62,0,0,0,0,518,2808,1562,18,8,2,16,7,580,57,Match Report
47,West Brom,2021-05-16,Liverpool,eng Premier League,L 1-2,1,2,-1,24,1,0,0,0,159,735,350,8,6,3,16,6,138,20,Match Report
48,Liverpool,2021-05-16,West Brom,eng Premier League,W 2-1,2,1,+1,76,2,0,0,0,477,2967,1708,34,25,8,13,7,637,58,Match Report
49,Brighton,2021-05-15,West Ham,eng Premier League,D 1-1,1,1,0,51,1,0,0,0,505,2423,1394,25,15,2,14,5,520,49,Match Report
50,Southampton,2021-05-15,Fulham,eng Premier League,W 3-1,3,1,+2,47,3,0,0,0,357,1882,1025,14,12,3,17,17,430,30,Match Report
51,Burnley,2021-05-15,Leeds United,eng Premier League,L 0-4,0,4,-4,48,0,0,0,0,331,1419,568,15,5,5,19,6,334,38,Match Report
52,West Ham,2021-05-15,Brighton,eng Premier League,D 1-1,1,1,0,49,1,0,0,0,402,2444,1069,24,24,2,10,7,497,40,Match Report
53,Leeds United,2021-05-15,Burnley,eng Premier League,W 4-0,4,0,+4,52,4,0,0,0,320,1874,1088,22,14,3,12,8,360,31,Match Report
54,Fulham,2021-05-15,Southampton,eng Premier League,L 1-3,1,3,-2,53,1,0,0,0,499,2519,1084,18,5,5,20,13,495,47,Match Report
55,Manchester City,2021-05-14,Newcastle Utd,eng Premier League,W 4-3,4,3,+1,82,4,0,0,0,737,3518,1845,31,35,7,14,7,890,50,Match Report
56,Newcastle Utd,2021-05-14,Manchester City,eng Premier League,L 3-4,3,4,-1,18,2,1,2,1,153,899,528,15,7,6,12,13,146,19,Match Report
57,Everton,2021-05-13,Aston Villa,eng Premier League,D 0-0,0,0,0,42,0,0,0,0,311,1782,1011,23,20,2,16,5,314,33,Match Report
58,Aston Villa,2021-05-13,Everton,eng Premier League,D 0-0,0,0,0,58,0,0,0,0,368,2136,1158,23,22,4,12,5,447,38,Match Report
59,Liverpool,2021-05-13,Manchester Utd,eng Premier League,W 4-2,4,2,+2,47,4,0,0,0,355,1789,1026,23,11,14,16,12,381,28,Match Report
60,Manchester Utd,2021-05-13,Liverpool,eng Premier League,L 2-4,2,4,-2,53,2,0,0,0,367,2313,1145,23,14,6,17,11,431,29,Match Report
61,Chelsea,2021-05-12,Arsenal,eng Premier League,L 0-1,0,1,-1,67,0,0,0,0,608,2990,1614,23,21,8,15,4,718,58,Match Report
62,Arsenal,2021-05-12,Chelsea,eng Premier League,W 1-0,1,0,+1,33,1,0,0,0,309,1486,623,13,9,3,18,2,310,22,Match Report
63,Manchester Utd,2021-05-11,Leicester City,eng Premier League,L 1-2,1,2,-1,53,1,0,0,0,366,2234,1187,21,7,1,13,9,491,26,Match Report
64,Southampton,2021-05-11,Crystal Palace,eng Premier League,W 3-1,3,1,+2,62,3,0,0,0,394,1830,938,15,12,1,19,12,481,36,Match Report
65,Leicester City,2021-05-11,Manchester Utd,eng Premier League,W 2-1,2,1,+1,47,2,0,0,0,376,1867,909,12,13,1,15,4,423,37,Match Report
66,Crystal Palace,2021-05-11,Southampton,eng Premier League,L 1-3,1,3,-2,38,1,0,1,1,264,916,381,9,5,3,18,5,255,26,Match Report
67,Burnley,2021-05-10,Fulham,eng Premier League,W 2-0,2,0,+2,32,2,0,0,0,173,697,289,4,4,2,16,10,141,18,Match Report
68,Fulham,2021-05-10,Burnley,eng Premier League,L 0-2,0,2,-2,68,0,0,0,0,393,2539,1524,35,16,4,16,11,425,59,Match Report
69,West Brom,2021-05-09,Arsenal,eng Premier League,L 1-3,1,3,-2,35,1,0,0,0,213,1164,620,12,9,5,18,4,228,28,Match Report
70,Manchester Utd,2021-05-09,Aston Villa,eng Premier League,W 3-1,3,1,+2,59,2,1,1,0,516,2367,1287,25,19,10,16,6,504,58,Match Report
71,West Ham,2021-05-09,Everton,eng Premier League,L 0-1,0,1,-1,68,0,0,0,0,468,2398,1236,28,15,2,18,11,574,54,Match Report
72,Everton,2021-05-09,West Ham,eng Premier League,W 1-0,1,0,+1,32,1,0,0,0,198,1234,655,10,7,1,11,7,220,20,Match Report
73,Arsenal,2021-05-09,West Brom,eng Premier League,W 3-1,3,1,+2,65,3,0,0,0,531,2890,1582,25,20,6,11,6,515,52,Match Report
74,Wolves,2021-05-09,Brighton,eng Premier League,W 2-1,2,1,+1,61,2,0,0,0,534,2700,1331,25,20,11,13,7,528,64,Match Report
75,Aston Villa,2021-05-09,Manchester Utd,eng Premier League,L 1-3,1,3,-2,41,1,0,0,0,267,1239,653,11,5,4,13,6,325,28,Match Report
76,Brighton,2021-05-09,Wolves,eng Premier League,L 1-2,1,2,-1,39,1,0,0,0,298,1800,1024,14,16,3,19,8,324,26,Match Report
77,Sheffield Utd,2021-05-08,Crystal Palace,eng Premier League,L 0-2,0,2,-2,50,0,0,0,0,308,1568,862,11,7,5,20,12,367,35,Match Report
78,Leeds United,2021-05-08,Tottenham,eng Premier League,W 3-1,3,1,+2,53,3,0,0,0,344,1985,976,28,12,6,17,8,381,43,Match Report
79,Chelsea,2021-05-08,Manchester City,eng Premier League,W 2-1,2,1,+1,52,2,0,0,0,346,1965,1112,22,16,7,10,7,543,31,Match Report
80,Southampton,2021-05-08,Liverpool,eng Premier League,L 0-2,0,2,-2,46,0,0,0,0,332,1878,902,19,17,4,14,10,421,28,Match Report
81,Liverpool,2021-05-08,Southampton,eng Premier League,W 2-0,2,0,+2,54,2,0,0,0,412,2015,1050,22,17,12,11,8,511,49,Match Report
82,Crystal Palace,2021-05-08,Sheffield Utd,eng Premier League,W 2-0,2,0,+2,50,2,0,0,0,250,1582,850,18,8,8,18,11,356,47,Match Report
83,Manchester City,2021-05-08,Chelsea,eng Premier League,L 1-2,1,2,-1,48,1,0,1,1,426,2218,1176,20,9,6,14,8,504,29,Match Report
84,Tottenham,2021-05-08,Leeds United,eng Premier League,L 1-3,1,3,-2,47,1,0,0,0,341,1989,970,21,14,7,16,10,324,31,Match Report
85,Leicester City,2021-05-07,Newcastle Utd,eng Premier League,L 2-4,2,4,-2,68,2,0,0,0,442,2397,1262,22,14,4,18,7,549,43,Match Report
86,Newcastle Utd,2021-05-07,Leicester City,eng Premier League,W 4-2,4,2,+2,32,4,0,0,0,165,1083,553,15,11,6,11,8,215,12,Match Report
87,West Brom,2021-05-03,Wolves,eng Premier League,D 1-1,1,1,0,43,1,0,0,0,280,1261,620,11,5,6,23,13,270,34,Match Report
88,West Ham,2021-05-03,Burnley,eng Premier League,W 2-1,2,1,+1,55,2,0,0,0,352,2175,1205,31,16,8,8,4,453,47,Match Report
89,Wolves,2021-05-03,West Brom,eng Premier League,D 1-1,1,1,0,57,1,0,0,0,330,2061,1152,25,28,2,20,13,387,38,Match Report
90,Burnley,2021-05-03,West Ham,eng Premier League,L 1-2,1,2,-1,45,0,1,1,0,248,1561,657,12,15,1,10,7,325,34,Match Report
91,Arsenal,2021-05-02,Newcastle Utd,eng Premier League,W 2-0,2,0,+2,61,2,0,0,0,548,2554,1284,17,9,4,7,6,605,61,Match Report
92,Newcastle Utd,2021-05-02,Arsenal,eng Premier League,L 0-2,0,2,-2,39,0,0,0,0,355,1854,966,17,14,4,10,2,358,14,Match Report
93,Sheffield Utd,2021-05-02,Tottenham,eng Premier League,L 0-4,0,4,-4,34,0,0,0,0,309,1540,776,19,9,5,15,7,297,23,Match Report
94,Tottenham,2021-05-02,Sheffield Utd,eng Premier League,W 4-0,4,0,+4,66,4,0,0,0,499,2298,1299,20,16,5,16,4,668,46,Match Report
95,Crystal Palace,2021-05-01,Manchester City,eng Premier League,L 0-2,0,2,-2,32,0,0,0,0,191,1233,590,13,12,4,16,7,239,19,Match Report
96,Manchester City,2021-05-01,Crystal Palace,eng Premier League,W 2-0,2,0,+2,68,2,0,0,0,628,2985,1684,24,14,6,16,12,630,60,Match Report
97,Aston Villa,2021-05-01,Everton,eng Premier League,W 2-1,2,1,+1,53,2,0,0,0,258,1353,632,12,7,4,25,12,408,41,Match Report
98,Everton,2021-05-01,Aston Villa,eng Premier League,L 1-2,1,2,-1,47,1,0,0,0,372,1888,933,16,14,1,17,9,364,26,Match Report
99,Fulham,2021-05-01,Chelsea,eng Premier League,L 0-2,0,2,-2,51,0,0,0,0,328,2163,1117,17,19,2,30,16,470,38,Match Report
100,Chelsea,2021-05-01,Fulham,eng Premier League,W 2-0,2,0,+2,49,2,0,0,0,320,1981,1036,17,19,7,15,7,453,36,Match Report
101,Brighton,2021-05-01,Leeds United,eng Premier League,W 2-0,2,0,+2,42,1,1,1,0,315,2031,969,19,19,4,17,8,297,26,Match Report
102,Leeds United,2021-05-01,Brighton,eng Premier League,L 0-2,0,2,-2,58,0,0,0,0,371,2093,1113,19,11,2,19,4,417,49,Match Report
103,Southampton,2021-04-30,Leicester City,eng Premier League,D 1-1,1,1,0,30,0,1,1,0,203,1050,406,6,4,1,13,11,191,10,Match Report
104,Leicester City,2021-04-30,Southampton,eng Premier League,D 1-1,1,1,0,70,1,0,0,0,459,2299,1244,22,14,6,13,8,566,72,Match Report
105,Crystal Palace,2021-04-26,Leicester City,eng Premier League,L 1-2,1,2,-1,34,1,0,0,0,162,848,366,4,6,2,19,9,213,14,Match Report
106,Leicester City,2021-04-26,Crystal Palace,eng Premier League,W 2-1,2,1,+1,66,2,0,0,0,419,2351,1383,19,17,7,21,5,518,50,Match Report
107,Aston Villa,2021-04-25,West Brom,eng Premier League,D 2-2,2,2,0,70,1,1,1,0,423,2116,1233,22,18,8,20,3,495,57,Match Report
108,Burnley,2021-04-25,Wolves,eng Premier League,W 4-0,4,0,+4,42,4,0,0,0,245,1156,530,13,7,5,15,8,261,25,Match Report
109,Wolves,2021-04-25,Burnley,eng Premier League,L 0-4,0,4,-4,58,0,0,0,0,327,1914,1027,27,16,5,13,7,392,31,Match Report
110,West Brom,2021-04-25,Aston Villa,eng Premier League,D 2-2,2,2,0,30,0,1,1,0,147,867,395,5,5,1,17,11,153,18,Match Report
111,Leeds United,2021-04-25,Manchester Utd,eng Premier League,D 0-0,0,0,0,44,0,0,0,0,273,1646,870,15,8,5,17,10,322,26,Match Report
112,Manchester Utd,2021-04-25,Leeds United,eng Premier League,D 0-0,0,0,0,56,0,0,0,0,374,2612,1487,28,22,6,22,11,445,45,Match Report
113,Sheffield Utd,2021-04-24,Brighton,eng Premier League,W 1-0,1,0,+1,32,1,0,0,0,148,898,434,8,6,1,10,7,213,21,Match Report
114,Liverpool,2021-04-24,Newcastle Utd,eng Premier League,D 1-1,1,1,0,68,1,0,0,0,563,3043,1617,30,27,7,15,5,744,71,Match Report
115,Chelsea,2021-04-24,West Ham,eng Premier League,W 1-0,1,0,+1,55,1,0,0,0,455,2009,1022,21,16,10,18,11,496,42,Match Report
116,West Ham,2021-04-24,Chelsea,eng Premier League,L 0-1,0,1,-1,45,0,0,0,0,301,1639,668,15,15,1,9,13,364,27,Match Report
117,Newcastle Utd,2021-04-24,Liverpool,eng Premier League,D 1-1,1,1,0,32,1,0,0,0,311,1727,834,18,7,4,16,10,303,25,Match Report
118,Brighton,2021-04-24,Sheffield Utd,eng Premier League,L 0-1,0,1,-1,68,0,0,0,0,507,2968,1613,35,20,5,16,14,587,50,Match Report
119,Everton,2021-04-23,Arsenal,eng Premier League,W 1-0,1,0,+1,41,0,0,0,0,228,1297,644,10,6,2,9,9,374,22,Match Report
120,Arsenal,2021-04-23,Everton,eng Premier League,L 0-1,0,1,-1,59,0,0,0,0,392,2241,1123,16,9,8,14,9,602,65,Match Report
121,Leicester City,2021-04-22,West Brom,eng Premier League,W 3-0,3,0,+3,72,3,0,0,0,415,2381,1181,23,15,5,14,7,623,37,Match Report
122,West Brom,2021-04-22,Leicester City,eng Premier League,L 0-3,0,3,-3,28,0,0,0,0,204,831,367,3,4,1,13,9,186,20,Match Report
123,Tottenham,2021-04-21,Southampton,eng Premier League,W 2-1,2,1,+1,62,1,1,1,0,438,2144,980,18,17,5,17,12,544,46,Match Report
124,Aston Villa,2021-04-21,Manchester City,eng Premier League,L 1-2,1,2,-1,28,1,0,0,0,256,1063,535,11,6,3,11,3,259,21,Match Report
125,Manchester City,2021-04-21,Aston Villa,eng Premier League,W 2-1,2,1,+1,72,2,0,0,0,585,3009,1578,34,27,14,20,7,758,70,Match Report
126,Southampton,2021-04-21,Tottenham,eng Premier League,L 1-2,1,2,-1,38,1,0,0,0,274,1487,767,19,10,2,19,8,291,18,Match Report
127,Chelsea,2021-04-20,Brighton,eng Premier League,D 0-0,0,0,0,64,0,0,0,0,563,2928,1660,29,17,6,19,13,685,37,Match Report
128,Brighton,2021-04-20,Chelsea,eng Premier League,D 0-0,0,0,0,36,0,0,0,0,206,1172,671,15,7,3,18,4,331,25,Match Report
129,Leeds United,2021-04-19,Liverpool,eng Premier League,D 1-1,1,1,0,61,1,0,0,0,381,1946,1126,19,12,6,17,7,468,36,Match Report
130,Liverpool,2021-04-19,Leeds United,eng Premier League,D 1-1,1,1,0,39,1,0,0,0,265,1624,941,19,19,7,12,9,276,35,Match Report
131,Arsenal,2021-04-18,Fulham,eng Premier League,D 1-1,1,1,0,69,1,0,0,0,508,2609,1484,27,19,6,10,3,582,53,Match Report
132,Fulham,2021-04-18,Arsenal,eng Premier League,D 1-1,1,1,0,31,0,1,1,0,224,1202,532,10,5,3,11,8,219,15,Match Report
133,Manchester Utd,2021-04-18,Burnley,eng Premier League,W 3-1,3,1,+2,69,3,0,0,0,371,2265,1236,23,14,12,13,12,569,63,Match Report
134,Burnley,2021-04-18,Manchester Utd,eng Premier League,L 1-3,1,3,-2,31,1,0,0,0,204,1138,547,12,11,2,8,2,209,21,Match Report
135,Sheffield Utd,2021-04-17,Wolves,eng Premier League,L 0-1,0,1,-1,52,0,0,0,0,460,2423,1316,28,18,3,17,11,469,51,Match Report
136,West Ham,2021-04-17,Newcastle Utd,eng Premier League,L 2-3,2,3,-1,66,1,1,1,0,403,2277,1155,19,15,5,16,7,472,41,Match Report
137,Newcastle Utd,2021-04-17,West Ham,eng Premier League,W 3-2,3,2,+1,34,2,0,0,0,232,1367,738,20,15,4,17,4,222,20,Match Report
138,Wolves,2021-04-17,Sheffield Utd,eng Premier League,W 1-0,1,0,+1,48,1,0,0,0,398,1935,1028,23,14,5,10,9,439,30,Match Report
139,Everton,2021-04-16,Tottenham,eng Premier League,D 2-2,2,2,0,53,1,1,1,0,357,1955,971,25,23,7,16,10,418,39,Match Report
140,Tottenham,2021-04-16,Everton,eng Premier League,D 2-2,2,2,0,47,2,0,0,0,293,1630,782,13,11,3,19,12,364,24,Match Report
141,Brighton,2021-04-12,Everton,eng Premier League,D 0-0,0,0,0,55,0,0,0,0,339,1888,947,22,10,5,16,6,422,43,Match Report
142,West Brom,2021-04-12,Southampton,eng Premier League,W 3-0,3,0,+3,40,2,1,1,0,218,1245,625,16,14,6,20,7,213,25,Match Report
143,Everton,2021-04-12,Brighton,eng Premier League,D 0-0,0,0,0,45,0,0,0,0,227,1160,522,8,5,2,13,14,334,26,Match Report
144,Southampton,2021-04-12,West Brom,eng Premier League,L 0-3,0,3,-3,60,0,0,1,1,354,1686,873,20,19,7,16,7,360,46,Match Report
145,Newcastle Utd,2021-04-11,Burnley,eng Premier League,W 2-1,2,1,+1,44,2,0,0,0,187,1178,670,13,6,2,19,4,260,24,Match Report
146,Leicester City,2021-04-11,West Ham,eng Premier League,L 2-3,2,3,-1,63,2,0,0,0,417,2295,1151,27,9,6,18,4,554,64,Match Report
147,Sheffield Utd,2021-04-11,Arsenal,eng Premier League,L 0-3,0,3,-3,45,0,0,0,0,406,1874,817,4,4,3,11,10,414,30,Match Report
148,Arsenal,2021-04-11,Sheffield Utd,eng Premier League,W 3-0,3,0,+3,55,3,0,0,0,445,2243,1169,26,11,7,11,9,534,36,Match Report
149,Manchester Utd,2021-04-11,Tottenham,eng Premier League,W 3-1,3,1,+2,53,3,0,0,0,276,1912,1017,11,10,3,18,14,441,56,Match Report
150,Tottenham,2021-04-11,Manchester Utd,eng Premier League,L 1-3,1,3,-2,47,1,0,0,0,281,1820,844,17,9,4,12,8,377,35,Match Report
151,Burnley,2021-04-11,Newcastle Utd,eng Premier League,L 1-2,1,2,-1,56,1,0,0,0,341,1398,638,16,12,4,22,8,369,56,Match Report
152,West Ham,2021-04-11,Leicester City,eng Premier League,W 3-2,3,2,+1,37,3,0,0,0,291,1258,459,7,7,3,12,7,286,20,Match Report
153,Chelsea,2021-04-10,Crystal Palace,eng Premier League,W 4-1,4,1,+3,64,4,0,0,0,621,2759,1456,29,19,7,9,9,722,58,Match Report
154,Aston Villa,2021-04-10,Liverpool,eng Premier League,L 1-2,1,2,-1,35,1,0,0,0,210,883,368,6,13,2,12,9,233,25,Match Report
155,Crystal Palace,2021-04-10,Chelsea,eng Premier League,L 1-4,1,4,-3,36,1,0,0,0,275,1265,533,13,9,4,14,11,355,17,Match Report
156,Leeds United,2021-04-10,Manchester City,eng Premier League,W 2-1,2,1,+1,29,2,0,0,0,154,1083,567,13,7,3,15,1,186,11,Match Report
157,Liverpool,2021-04-10,Aston Villa,eng Premier League,W 2-1,2,1,+1,65,2,0,0,0,451,2521,1489,29,15,13,18,11,502,57,Match Report
158,Manchester City,2021-04-10,Leeds United,eng Premier League,L 1-2,1,2,-1,71,1,0,0,0,592,3714,2132,43,41,11,14,12,582,68,Match Report
159,Fulham,2021-04-09,Wolves,eng Premier League,L 0-1,0,1,-1,50,0,0,0,0,291,1753,888,12,14,2,25,12,399,41,Match Report
160,Wolves,2021-04-09,Fulham,eng Premier League,W 1-0,1,0,+1,50,1,0,0,0,371,1590,744,6,11,0,22,11,407,27,Match Report
161,Everton,2021-04-05,Crystal Palace,eng Premier League,D 1-1,1,1,0,48,1,0,0,0,400,2186,1176,17,13,2,10,9,391,41,Match Report
162,Wolves,2021-04-05,West Ham,eng Premier League,L 2-3,2,3,-1,65,2,0,0,0,459,2590,1465,24,18,3,15,7,579,47,Match Report
163,West Ham,2021-04-05,Wolves,eng Premier League,W 3-2,3,2,+1,35,3,0,0,0,252,1485,721,21,16,4,14,8,256,21,Match Report
164,Crystal Palace,2021-04-05,Everton,eng Premier League,D 1-1,1,1,0,52,1,0,0,0,320,2083,1122,27,15,10,22,8,446,50,Match Report
165,Burnley,2021-04-04,Southampton,eng Premier League,L 2-3,2,3,-1,47,1,1,1,0,259,1230,553,9,9,5,12,7,264,29,Match Report
166,Southampton,2021-04-04,Burnley,eng Premier League,W 3-2,3,2,+1,53,3,0,0,0,256,1750,924,23,11,4,16,10,340,45,Match Report
167,Tottenham,2021-04-04,Newcastle Utd,eng Premier League,D 2-2,2,2,0,58,2,0,0,0,326,1839,962,16,14,4,15,7,445,35,Match Report
168,Brighton,2021-04-04,Manchester Utd,eng Premier League,L 1-2,1,2,-1,43,1,0,0,0,253,1482,637,10,10,2,15,9,360,27,Match Report
169,Fulham,2021-04-04,Aston Villa,eng Premier League,L 1-3,1,3,-2,47,1,0,0,0,274,1279,643,10,10,5,22,7,308,30,Match Report
170,Manchester Utd,2021-04-04,Brighton,eng Premier League,W 2-1,2,1,+1,57,2,0,0,0,449,2541,1354,22,15,6,15,11,531,73,Match Report
171,Aston Villa,2021-04-04,Fulham,eng Premier League,W 3-1,3,1,+2,53,3,0,0,0,295,1773,822,14,13,5,19,11,356,37,Match Report
172,Newcastle Utd,2021-04-04,Tottenham,eng Premier League,D 2-2,2,2,0,42,2,0,0,0,227,1340,536,11,13,3,12,3,283,25,Match Report
173,Chelsea,2021-04-03,West Brom,eng Premier League,L 2-5,2,5,-3,65,2,0,0,0,395,2366,1461,25,19,6,15,12,523,52,Match Report
174,Liverpool,2021-04-03,Arsenal,eng Premier League,W 3-0,3,0,+3,64,3,0,0,0,555,2202,1052,19,13,4,14,15,629,38,Match Report
175,Sheffield Utd,2021-04-03,Leeds United,eng Premier League,L 1-2,1,2,-1,46,1,0,0,0,315,1395,608,5,8,1,18,7,329,22,Match Report
176,Leicester City,2021-04-03,Manchester City,eng Premier League,L 0-2,0,2,-2,44,0,0,0,0,295,1707,768,11,6,1,15,5,392,17,Match Report
177,Arsenal,2021-04-03,Liverpool,eng Premier League,L 0-3,0,3,-3,36,0,0,0,0,259,1319,512,9,5,2,11,9,317,19,Match Report
178,Leeds United,2021-04-03,Sheffield Utd,eng Premier League,W 2-1,2,1,+1,54,1,0,0,0,292,1742,934,26,13,8,20,10,410,42,Match Report
179,West Brom,2021-04-03,Chelsea,eng Premier League,W 5-2,5,2,+3,35,5,0,0,0,254,1366,625,15,2,4,19,11,243,17,Match Report
180,Manchester City,2021-04-03,Leicester City,eng Premier League,W 2-0,2,0,+2,56,2,0,0,0,471,2489,1416,28,22,2,14,12,524,46,Match Report
181,West Ham,2021-03-21,Arsenal,eng Premier League,D 3-3,3,3,0,38,3,0,0,0,244,1519,693,16,7,7,9,5,276,36,Match Report
182,Arsenal,2021-03-21,West Ham,eng Premier League,D 3-3,3,3,0,62,1,0,0,0,520,2693,1448,25,25,3,10,6,545,63,Match Report
183,Aston Villa,2021-03-21,Tottenham,eng Premier League,L 0-2,0,2,-2,50,0,0,0,0,353,1806,775,13,7,4,12,6,339,46,Match Report
184,Tottenham,2021-03-21,Aston Villa,eng Premier League,W 2-0,2,0,+2,50,1,1,1,0,301,1692,762,14,17,4,20,14,355,31,Match Report
185,Brighton,2021-03-20,Newcastle Utd,eng Premier League,W 3-0,3,0,+3,65,3,0,0,0,536,2568,1241,20,9,5,12,6,662,61,Match Report
186,Newcastle Utd,2021-03-20,Brighton,eng Premier League,L 0-3,0,3,-3,35,0,0,0,0,336,1428,602,7,7,1,13,7,325,19,Match Report
187,Fulham,2021-03-19,Leeds United,eng Premier League,L 1-2,1,2,-1,51,1,0,0,0,237,1553,760,18,12,2,32,12,274,20,Match Report
188,Leeds United,2021-03-19,Fulham,eng Premier League,W 2-1,2,1,+1,49,2,0,0,0,215,1498,911,14,14,3,18,11,257,38,Match Report
189,Liverpool,2021-03-15,Wolves,eng Premier League,W 1-0,1,0,+1,47,1,0,0,0,347,2105,1097,20,17,7,15,8,375,43,Match Report
190,Wolves,2021-03-15,Liverpool,eng Premier League,L 0-1,0,1,-1,53,0,0,0,0,294,1533,757,17,12,5,22,10,422,34,Match Report
191,Leicester City,2021-03-14,Sheffield Utd,eng Premier League,W 5-0,5,0,+5,71,4,0,0,0,510,2176,1161,22,12,3,13,8,693,48,Match Report
192,Tottenham,2021-03-14,Arsenal,eng Premier League,L 1-2,1,2,-1,48,1,0,0,0,336,1553,676,8,11,1,7,10,417,27,Match Report
193,Arsenal,2021-03-14,Tottenham,eng Premier League,W 2-1,2,1,+1,52,1,1,1,0,402,2271,1215,24,12,8,12,9,465,54,Match Report
194,West Ham,2021-03-14,Manchester Utd,eng Premier League,L 0-1,0,1,-1,39,0,0,0,0,285,1549,721,17,7,5,9,7,351,32,Match Report
195,Southampton,2021-03-14,Brighton,eng Premier League,L 1-2,1,2,-1,59,1,0,0,0,283,1576,825,18,14,3,21,16,416,33,Match Report
196,Manchester Utd,2021-03-14,West Ham,eng Premier League,W 1-0,1,0,+1,61,0,0,0,0,499,3179,1585,31,24,11,13,6,626,57,Match Report
197,Brighton,2021-03-14,Southampton,eng Premier League,W 2-1,2,1,+1,41,2,0,0,0,228,981,341,9,3,4,22,8,249,22,Match Report
198,Sheffield Utd,2021-03-14,Leicester City,eng Premier League,L 0-5,0,5,-5,29,0,0,0,0,190,1311,681,10,7,0,12,12,225,18,Match Report
199,Chelsea,2021-03-13,Leeds United,eng Premier League,D 0-0,0,0,0,62,0,0,0,0,523,2886,1313,24,25,6,20,4,519,50,Match Report
200,Fulham,2021-03-13,Manchester City,eng Premier League,L 0-3,0,3,-3,46,0,0,0,0,301,1718,769,15,6,4,20,8,380,29,Match Report
201,Crystal Palace,2021-03-13,West Brom,eng Premier League,W 1-0,1,0,+1,45,0,1,1,0,218,1299,661,9,7,3,17,11,249,16,Match Report
202,Everton,2021-03-13,Burnley,eng Premier League,L 1-2,1,2,-1,65,1,0,0,0,399,2720,1484,25,11,5,19,3,482,51,Match Report
203,Leeds United,2021-03-13,Chelsea,eng Premier League,D 0-0,0,0,0,38,0,0,0,0,224,1535,732,10,6,4,21,10,278,24,Match Report
204,Burnley,2021-03-13,Everton,eng Premier League,W 2-1,2,1,+1,35,2,0,0,0,191,970,452,13,11,2,17,7,220,30,Match Report
205,Manchester City,2021-03-13,Fulham,eng Premier League,W 3-0,3,0,+3,54,2,1,1,0,417,2512,1500,18,16,4,15,16,466,32,Match Report
206,Fulham,2021-03-13,Manchester City,eng Premier League,L 0-3,0,3,-3,46,0,0,0,0,301,1718,769,15,6,4,20,8,380,29,Match Report
207,Newcastle Utd,2021-03-12,Aston Villa,eng Premier League,D 1-1,1,1,0,49,1,0,0,0,247,1447,731,16,10,4,12,10,303,34,Match Report
208,Aston Villa,2021-03-12,Newcastle Utd,eng Premier League,D 1-1,1,1,0,51,0,0,0,0,343,1801,893,20,22,8,14,18,341,37,Match Report
209,Manchester City,2021-03-10,Southampton,eng Premier League,W 5-2,5,2,+3,58,5,0,0,0,447,2103,971,17,8,8,21,10,635,48,Match Report
210,Southampton,2021-03-10,Manchester City,eng Premier League,L 2-5,2,5,-3,42,1,1,1,0,388,1404,603,12,11,2,13,6,413,21,Match Report
211,West Ham,2021-03-08,Leeds United,eng Premier League,W 2-0,2,0,+2,35,2,0,1,1,213,1230,620,17,8,2,16,11,207,18,Match Report
212,Leeds United,2021-03-08,West Ham,eng Premier League,L 0-2,0,2,-2,65,0,0,0,0,421,2720,1643,25,21,7,25,8,470,59,Match Report
213,Everton,2021-03-08,Chelsea,eng Premier League,L 0-2,0,2,-2,35,0,0,0,0,278,1563,695,8,11,1,13,15,311,23,Match Report
214,Chelsea,2021-03-08,Everton,eng Premier League,W 2-0,2,0,+2,65,0,1,1,0,486,3190,1612,28,22,6,14,5,658,38,Match Report
215,Manchester City,2021-03-07,Manchester Utd,eng Premier League,L 0-2,0,2,-2,66,0,0,0,0,607,3429,1834,38,23,13,19,9,668,67,Match Report
216,Crystal Palace,2021-03-07,Tottenham,eng Premier League,L 1-4,1,4,-3,37,1,0,0,0,218,1297,496,9,6,1,9,18,306,21,Match Report
217,Tottenham,2021-03-07,Crystal Palace,eng Premier League,W 4-1,4,1,+3,63,4,0,0,0,612,2449,1077,16,11,3,13,6,625,50,Match Report
218,Newcastle Utd,2021-03-07,West Brom,eng Premier League,D 0-0,0,0,0,47,0,0,0,0,224,1106,635,12,8,3,17,7,266,22,Match Report
219,Fulham,2021-03-07,Liverpool,eng Premier League,W 1-0,1,0,+1,37,1,0,0,0,320,1727,849,19,7,9,17,5,336,21,Match Report
220,West Brom,2021-03-07,Newcastle Utd,eng Premier League,D 0-0,0,0,0,53,0,0,0,0,254,1490,706,21,11,4,14,9,320,43,Match Report
221,Liverpool,2021-03-07,Fulham,eng Premier League,L 0-1,0,1,-1,63,0,0,0,0,566,2514,1393,27,23,9,5,10,621,57,Match Report
222,Manchester Utd,2021-03-07,Manchester City,eng Premier League,W 2-0,2,0,+2,34,1,1,1,0,245,1679,933,18,12,5,13,9,306,16,Match Report
223,Burnley,2021-03-06,Arsenal,eng Premier League,D 1-1,1,1,0,41,1,0,0,0,188,922,335,4,7,3,14,9,321,35,Match Report
224,Southampton,2021-03-06,Sheffield Utd,eng Premier League,W 2-0,2,0,+2,49,1,1,1,0,280,1720,898,16,14,6,14,9,312,28,Match Report
225,Sheffield Utd,2021-03-06,Southampton,eng Premier League,L 0-2,0,2,-2,51,0,0,0,0,204,944,366,7,6,3,16,7,306,36,Match Report
226,Wolves,2021-03-06,Aston Villa,eng Premier League,D 0-0,0,0,0,51,0,0,0,0,329,1902,1000,23,16,4,16,9,360,31,Match Report
227,Aston Villa,2021-03-06,Wolves,eng Premier League,D 0-0,0,0,0,49,0,0,0,0,243,1319,631,12,12,3,10,5,343,34,Match Report
228,Arsenal,2021-03-06,Burnley,eng Premier League,D 1-1,1,1,0,59,1,0,0,0,406,2295,1486,24,19,4,19,8,513,48,Match Report
229,Brighton,2021-03-06,Leicester City,eng Premier League,L 1-2,1,2,-1,37,1,0,0,0,214,1106,607,11,7,2,26,9,275,40,Match Report
230,Leicester City,2021-03-06,Brighton,eng Premier League,W 2-1,2,1,+1,63,2,0,0,0,542,2548,1294,12,13,3,26,21,544,54,Match Report
231,Fulham,2021-03-04,Tottenham,eng Premier League,L 0-1,0,1,-1,60,0,0,0,0,480,2681,1332,21,18,8,24,12,480,41,Match Report
232,Everton,2021-03-04,West Brom,eng Premier League,W 1-0,1,0,+1,51,1,0,0,0,398,2373,1342,21,18,2,20,4,414,41,Match Report
233,Chelsea,2021-03-04,Liverpool,eng Premier League,W 1-0,1,0,+1,46,1,0,0,0,385,2078,1005,21,15,3,13,10,492,33,Match Report
234,Liverpool,2021-03-04,Chelsea,eng Premier League,L 0-1,0,1,-1,54,0,0,0,0,534,2745,1106,12,14,2,23,9,603,45,Match Report
235,West Brom,2021-03-04,Everton,eng Premier League,L 0-1,0,1,-1,49,0,0,0,0,346,1703,822,20,9,4,21,5,389,50,Match Report
236,Tottenham,2021-03-04,Fulham,eng Premier League,W 1-0,1,0,+1,40,0,0,0,0,291,1347,632,11,10,3,19,8,286,30,Match Report
237,Crystal Palace,2021-03-03,Manchester Utd,eng Premier League,D 0-0,0,0,0,37,0,0,0,0,205,1296,511,13,4,2,23,4,297,17,Match Report
238,Aston Villa,2021-03-03,Sheffield Utd,eng Premier League,L 0-1,0,1,-1,72,0,0,0,0,530,2156,1070,14,16,4,13,6,578,72,Match Report
239,Manchester Utd,2021-03-03,Crystal Palace,eng Premier League,D 0-0,0,0,0,63,0,0,0,0,544,2999,1470,16,17,4,16,6,555,69,Match Report
240,Sheffield Utd,2021-03-03,Aston Villa,eng Premier League,W 1-0,1,0,+1,28,1,0,0,0,208,1023,483,7,5,1,18,2,191,26,Match Report
241,Leicester City,2021-03-03,Burnley,eng Premier League,D 1-1,1,1,0,61,1,0,0,0,460,2304,1223,23,15,8,12,4,495,28,Match Report
242,Burnley,2021-03-03,Leicester City,eng Premier League,D 1-1,1,1,0,39,1,0,0,0,225,1221,473,8,8,1,20,4,279,32,Match Report
243,Manchester City,2021-03-02,Wolves,eng Premier League,W 4-1,4,1,+3,72,3,0,0,0,638,3377,2036,34,22,11,4,9,748,91,Match Report
244,Wolves,2021-03-02,Manchester City,eng Premier League,L 1-4,1,4,-3,28,1,0,0,0,214,1264,692,14,10,2,24,8,265,15,Match Report
245,Everton,2021-03-01,Southampton,eng Premier League,W 1-0,1,0,+1,47,1,0,0,0,260,1302,562,9,8,1,14,10,326,23,Match Report
246,Southampton,2021-03-01,Everton,eng Premier League,L 0-1,0,1,-1,53,0,0,0,0,327,1815,867,19,18,3,22,12,379,27,Match Report
247,Leicester City,2021-02-28,Arsenal,eng Premier League,L 1-3,1,3,-2,44,1,0,0,0,325,1411,667,8,9,2,12,4,329,26,Match Report
248,Chelsea,2021-02-28,Manchester Utd,eng Premier League,D 0-0,0,0,0,57,0,0,0,0,417,2223,1055,19,12,6,12,4,559,36,Match Report
249,Liverpool,2021-02-28,Sheffield Utd,eng Premier League,W 2-0,2,0,+2,60,1,0,0,0,504,2892,1534,30,14,7,15,6,558,38,Match Report
250,Burnley,2021-02-28,Tottenham,eng Premier League,L 0-4,0,4,-4,42,0,0,0,0,349,1869,723,15,13,1,15,5,362,38,Match Report
251,Fulham,2021-02-28,Crystal Palace,eng Premier League,D 0-0,0,0,0,60,0,0,0,0,385,2243,1159,17,13,3,14,11,487,55,Match Report
252,Sheffield Utd,2021-02-28,Liverpool,eng Premier League,L 0-2,0,2,-2,40,0,0,0,0,292,1385,557,12,7,2,19,8,325,37,Match Report
253,Tottenham,2021-02-28,Burnley,eng Premier League,W 4-0,4,0,+4,58,4,0,0,0,437,2542,1215,25,19,5,12,5,552,32,Match Report
254,Arsenal,2021-02-28,Leicester City,eng Premier League,W 3-1,3,1,+2,56,2,1,1,0,295,1601,864,17,8,4,12,8,451,38,Match Report
255,Manchester Utd,2021-02-28,Chelsea,eng Premier League,D 0-0,0,0,0,43,0,0,0,0,352,2013,1106,22,14,1,15,14,389,24,Match Report
256,Crystal Palace,2021-02-28,Fulham,eng Premier League,D 0-0,0,0,0,40,0,0,0,0,324,1377,501,4,4,1,18,9,308,22,Match Report
257,Aston Villa,2021-02-27,Leeds United,eng Premier League,W 1-0,1,0,+1,31,1,0,0,0,157,1158,553,11,4,4,20,11,152,17,Match Report
258,Brighton,2021-02-27,West Brom,eng Premier League,L 0-1,0,1,-1,68,0,0,2,2,440,2116,1156,15,13,2,13,10,471,54,Match Report
259,Manchester City,2021-02-27,West Ham,eng Premier League,W 2-1,2,1,+1,63,2,0,0,0,653,3296,1767,27,23,10,11,5,625,49,Match Report
260,Leeds United,2021-02-27,Aston Villa,eng Premier League,L 0-1,0,1,-1,69,0,0,0,0,398,2575,1489,26,18,6,18,8,444,50,Match Report
261,Newcastle Utd,2021-02-27,Wolves,eng Premier League,D 1-1,1,1,0,48,1,0,0,0,305,1556,743,18,5,9,17,9,335,34,Match Report
262,Wolves,2021-02-27,Newcastle Utd,eng Premier League,D 1-1,1,1,0,52,1,0,0,0,266,1813,921,31,18,10,17,10,356,28,Match Report
263,West Brom,2021-02-27,Brighton,eng Premier League,W 1-0,1,0,+1,32,1,0,0,0,139,909,434,8,5,4,17,10,162,16,Match Report
264,West Ham,2021-02-27,Manchester City,eng Premier League,L 1-2,1,2,-1,37,1,0,0,0,346,1854,923,17,11,4,10,4,328,18,Match Report
265,Leeds United,2021-02-23,Southampton,eng Premier League,W 3-0,3,0,+3,46,3,0,0,0,239,1432,763,14,10,6,16,9,247,21,Match Report
266,Southampton,2021-02-23,Leeds United,eng Premier League,L 0-3,0,3,-3,54,0,0,0,0,263,1953,847,29,17,4,25,20,306,26,Match Report
267,Brighton,2021-02-22,Crystal Palace,eng Premier League,L 1-2,1,2,-1,74,1,0,0,0,556,2663,1260,15,9,3,16,6,663,70,Match Report
268,Crystal Palace,2021-02-22,Brighton,eng Premier League,W 2-1,2,1,+1,26,2,0,0,0,149,982,452,6,2,0,15,7,180,13,Match Report
269,Manchester City,2021-02-21,Arsenal,eng Premier League,W 1-0,1,0,+1,55,1,0,0,0,461,2551,1545,32,24,14,8,4,540,44,Match Report
270,Newcastle Utd,2021-02-21,Manchester Utd,eng Premier League,L 1-3,1,3,-2,29,1,0,0,0,185,1105,441,7,7,5,14,8,199,23,Match Report
271,West Ham,2021-02-21,Tottenham,eng Premier League,W 2-1,2,1,+1,32,2,0,0,0,201,1222,580,14,11,5,18,9,174,24,Match Report
272,Tottenham,2021-02-21,West Ham,eng Premier League,L 1-2,1,2,-1,68,1,0,0,0,451,3000,1590,38,21,5,14,11,491,41,Match Report
273,Leicester City,2021-02-21,Aston Villa,eng Premier League,W 2-1,2,1,+1,49,2,0,0,0,311,1510,696,13,9,3,15,7,387,31,Match Report
274,Aston Villa,2021-02-21,Leicester City,eng Premier League,L 1-2,1,2,-1,51,1,0,0,0,236,1253,528,6,6,3,11,8,386,33,Match Report
275,Manchester Utd,2021-02-21,Newcastle Utd,eng Premier League,W 3-1,3,1,+2,71,2,1,1,0,403,2685,1563,33,19,7,10,13,623,52,Match Report
276,Arsenal,2021-02-21,Manchester City,eng Premier League,L 0-1,0,1,-1,45,0,0,0,0,391,1840,1000,13,11,4,19,1,422,29,Match Report
277,Fulham,2021-02-20,Sheffield Utd,eng Premier League,W 1-0,1,0,+1,64,1,0,0,0,498,2478,1255,28,14,4,24,7,519,37,Match Report
278,Chelsea,2021-02-20,Southampton,eng Premier League,D 1-1,1,1,0,70,0,1,1,0,560,2500,1208,22,13,6,25,6,648,48,Match Report
279,Burnley,2021-02-20,West Brom,eng Premier League,D 0-0,0,0,0,62,0,0,0,0,327,1884,1079,19,10,2,15,7,361,27,Match Report
280,Everton,2021-02-20,Liverpool,eng Premier League,W 2-0,2,0,+2,29,1,1,1,0,164,803,360,9,4,2,12,10,200,14,Match Report
281,West Brom,2021-02-20,Burnley,eng Premier League,D 0-0,0,0,0,38,0,0,0,0,159,1068,572,11,7,2,6,9,176,21,Match Report
282,Southampton,2021-02-20,Chelsea,eng Premier League,D 1-1,1,1,0,30,1,0,0,0,215,758,283,2,3,1,17,11,210,19,Match Report
283,Liverpool,2021-02-20,Everton,eng Premier League,L 0-2,0,2,-2,71,0,0,0,0,511,2745,1439,24,23,3,17,8,639,63,Match Report
284,Sheffield Utd,2021-02-20,Fulham,eng Premier League,L 0-1,0,1,-1,36,0,0,0,0,163,846,406,6,4,0,10,4,231,16,Match Report
285,Wolves,2021-02-19,Leeds United,eng Premier League,W 1-0,1,0,+1,42,0,0,0,0,228,1570,731,11,16,2,17,14,258,24,Match Report
286,Leeds United,2021-02-19,Wolves,eng Premier League,L 0-1,0,1,-1,58,0,0,0,0,282,1389,633,8,6,1,13,7,384,26,Match Report
287,Fulham,2021-02-17,Burnley,eng Premier League,D 1-1,1,1,0,53,1,0,0,0,324,1778,774,12,11,2,19,6,363,20,Match Report
288,Manchester City,2021-02-17,Everton,eng Premier League,W 3-1,3,1,+2,71,3,0,0,0,645,3568,2192,40,42,19,14,9,696,69,Match Report
289,Burnley,2021-02-17,Fulham,eng Premier League,D 1-1,1,1,0,47,1,0,0,0,293,1107,403,7,6,1,15,10,302,22,Match Report
290,Everton,2021-02-17,Manchester City,eng Premier League,L 1-3,1,3,-2,29,1,0,0,0,266,1398,650,11,7,1,12,5,241,18,Match Report
291,West Ham,2021-02-15,Sheffield Utd,eng Premier League,W 3-0,3,0,+3,46,2,1,1,0,336,2321,1238,24,16,10,10,10,371,28,Match Report
292,Sheffield Utd,2021-02-15,West Ham,eng Premier League,L 0-3,0,3,-3,54,0,0,0,0,346,1853,988,24,14,4,12,5,448,50,Match Report
293,Chelsea,2021-02-15,Newcastle Utd,eng Premier League,W 2-0,2,0,+2,64,2,0,0,0,417,2090,1219,29,14,13,15,11,514,43,Match Report
294,Newcastle Utd,2021-02-15,Chelsea,eng Premier League,L 0-2,0,2,-2,36,0,0,0,0,223,1268,494,11,8,3,14,12,250,20,Match Report
295,Leeds United,2021-02-14,Arsenal,eng Premier League,L 2-4,2,4,-2,54,2,0,0,0,322,1831,858,14,5,5,21,4,414,36,Match Report
296,West Brom,2021-02-14,Manchester Utd,eng Premier League,D 1-1,1,1,0,27,1,0,0,0,115,657,239,3,6,1,11,7,179,18,Match Report
297,Wolves,2021-02-14,Southampton,eng Premier League,W 2-1,2,1,+1,49,1,1,1,0,333,1653,721,19,11,4,10,5,360,29,Match Report
298,Arsenal,2021-02-14,Leeds United,eng Premier League,W 4-2,4,2,+2,46,3,1,1,0,316,1766,962,16,12,7,14,3,352,27,Match Report
299,Manchester Utd,2021-02-14,West Brom,eng Premier League,D 1-1,1,1,0,73,1,0,0,0,472,3462,1836,39,27,11,15,5,635,74,Match Report
300,Southampton,2021-02-14,Wolves,eng Premier League,L 1-2,1,2,-1,51,1,0,0,0,316,1609,879,19,12,6,15,3,393,22,Match Report
301,Fulham,2021-02-14,Everton,eng Premier League,W 2-0,2,0,+2,50,2,0,0,0,395,2222,1028,24,22,8,15,11,486,42,Match Report
302,Everton,2021-02-14,Fulham,eng Premier League,L 0-2,0,2,-2,50,0,0,0,0,331,1500,683,10,10,2,14,10,466,28,Match Report
303,Manchester City,2021-02-13,Tottenham,eng Premier League,W 3-0,3,0,+3,60,2,1,1,0,549,2871,1601,25,25,12,14,12,646,55,Match Report
304,Burnley,2021-02-13,Crystal Palace,eng Premier League,W 3-0,3,0,+3,46,3,0,0,0,242,1352,563,9,8,1,11,12,300,26,Match Report
305,Leicester City,2021-02-13,Liverpool,eng Premier League,W 3-1,3,1,+2,38,3,0,0,0,274,1312,630,14,11,3,17,11,259,18,Match Report
306,Brighton,2021-02-13,Aston Villa,eng Premier League,D 0-0,0,0,0,58,0,0,0,0,337,1696,761,17,9,4,11,4,446,43,Match Report
307,Crystal Palace,2021-02-13,Burnley,eng Premier League,L 0-3,0,3,-3,54,0,0,0,0,290,1794,912,28,10,5,19,9,352,37,Match Report
308,Liverpool,2021-02-13,Leicester City,eng Premier League,L 1-3,1,3,-2,62,1,0,0,0,466,2471,1276,28,25,4,21,12,494,58,Match Report
309,Aston Villa,2021-02-13,Brighton,eng Premier League,D 0-0,0,0,0,42,0,0,0,0,309,1264,567,7,5,2,19,9,299,35,Match Report
310,Tottenham,2021-02-13,Manchester City,eng Premier League,L 0-3,0,3,-3,40,0,0,0,0,334,1860,978,18,14,1,14,7,398,21,Match Report
311,Leeds United,2021-02-08,Crystal Palace,eng Premier League,W 2-0,2,0,+2,67,2,0,0,0,597,2753,1590,20,15,4,11,8,657,53,Match Report
312,Crystal Palace,2021-02-08,Leeds United,eng Premier League,L 0-2,0,2,-2,33,0,0,0,0,260,1572,742,13,14,4,23,14,277,27,Match Report
313,Chelsea,2021-02-07,Sheffield Utd,eng Premier League,W 2-1,2,1,+1,68,1,1,1,0,553,2180,1148,17,17,5,17,12,680,60,Match Report
314,West Brom,2021-02-07,Tottenham,eng Premier League,L 0-2,0,2,-2,35,0,0,0,0,208,906,425,8,5,1,13,5,245,23,Match Report
315,Tottenham,2021-02-07,West Brom,eng Premier League,W 2-0,2,0,+2,65,2,0,0,0,424,2527,1468,32,21,6,16,11,525,51,Match Report
316,Manchester City,2021-02-07,Liverpool,eng Premier League,W 4-1,4,1,+3,44,4,0,1,1,416,1935,1092,27,17,8,18,9,457,41,Match Report
317,Leicester City,2021-02-07,Wolves,eng Premier League,D 0-0,0,0,0,56,0,0,0,0,450,2160,1232,19,20,3,18,10,517,41,Match Report
318,Wolves,2021-02-07,Leicester City,eng Premier League,D 0-0,0,0,0,44,0,0,0,0,287,1792,1006,22,13,6,18,11,370,24,Match Report
319,Sheffield Utd,2021-02-07,Chelsea,eng Premier League,L 1-2,1,2,-1,32,0,0,0,0,189,972,443,8,5,4,16,14,262,27,Match Report
320,Liverpool,2021-02-07,Manchester City,eng Premier League,L 1-4,1,4,-3,56,0,1,1,0,542,2652,1317,19,25,2,19,12,596,46,Match Report
321,Aston Villa,2021-02-06,Arsenal,eng Premier League,W 1-0,1,0,+1,35,1,0,0,0,221,1103,501,14,6,7,18,4,253,18,Match Report
322,Everton,2021-02-06,Manchester Utd,eng Premier League,D 3-3,3,3,0,39,3,0,0,0,246,1148,494,8,3,3,9,10,341,32,Match Report
323,Newcastle Utd,2021-02-06,Southampton,eng Premier League,W 3-2,3,2,+1,27,3,0,0,0,166,985,437,8,5,4,10,9,140,14,Match Report
324,Fulham,2021-02-06,West Ham,eng Premier League,D 0-0,0,0,0,60,0,0,0,0,478,2515,1412,25,18,5,18,6,482,56,Match Report
325,Arsenal,2021-02-06,Aston Villa,eng Premier League,L 0-1,0,1,-1,65,0,0,0,0,431,2442,1347,28,17,7,17,8,548,72,Match Report
326,Brighton,2021-02-06,Burnley,eng Premier League,D 1-1,1,1,0,45,1,0,0,0,300,1510,863,21,14,2,17,5,306,29,Match Report
327,Southampton,2021-02-06,Newcastle Utd,eng Premier League,L 2-3,2,3,-1,73,2,0,0,0,449,2491,1465,31,29,7,11,7,536,65,Match Report
328,Burnley,2021-02-06,Brighton,eng Premier League,D 1-1,1,1,0,55,1,0,0,0,323,1846,1053,19,15,8,19,4,383,34,Match Report
329,Manchester Utd,2021-02-06,Everton,eng Premier League,D 3-3,3,3,0,61,3,0,0,0,538,3032,1609,25,33,5,9,10,604,52,Match Report
330,West Ham,2021-02-06,Fulham,eng Premier League,D 0-0,0,0,0,40,0,0,0,0,234,1170,528,13,6,4,16,8,284,26,Match Report
331,Chelsea,2021-02-04,Tottenham,eng Premier League,W 1-0,1,0,+1,58,0,1,1,0,468,2333,1293,26,26,7,11,8,575,51,Match Report
332,Tottenham,2021-02-04,Chelsea,eng Premier League,L 0-1,0,1,-1,43,0,0,0,0,314,1619,783,10,9,2,10,7,393,32,Match Report
333,Everton,2021-02-03,Leeds United,eng Premier League,W 2-1,2,1,+1,37,2,0,0,0,227,1596,794,15,10,2,17,10,259,23,Match Report
334,Aston Villa,2021-02-03,West Ham,eng Premier League,L 1-3,1,3,-2,56,1,0,0,0,307,1895,963,11,15,6,15,10,418,54,Match Report
335,Brighton,2021-02-03,Liverpool,eng Premier League,W 1-0,1,0,+1,37,1,0,0,0,239,1378,635,13,7,0,13,7,322,25,Match Report
336,West Ham,2021-02-03,Aston Villa,eng Premier League,W 3-1,3,1,+2,44,3,0,0,0,215,1159,622,16,12,2,9,6,313,40,Match Report
337,Manchester City,2021-02-03,Burnley,eng Premier League,W 2-0,2,0,+2,74,2,0,0,0,668,3992,2262,41,27,9,10,8,748,57,Match Report
338,Fulham,2021-02-03,Leicester City,eng Premier League,L 0-2,0,2,-2,57,0,0,0,0,489,2811,1447,13,20,4,9,8,525,56,Match Report
339,Liverpool,2021-02-03,Brighton,eng Premier League,L 0-1,0,1,-1,63,0,0,0,0,576,2853,1644,22,26,3,18,10,626,45,Match Report
340,Leeds United,2021-02-03,Everton,eng Premier League,L 1-2,1,2,-1,63,1,0,0,0,403,2379,1337,23,8,3,23,7,493,63,Match Report
341,Leicester City,2021-02-03,Fulham,eng Premier League,W 2-0,2,0,+2,43,2,0,0,0,280,1390,753,12,8,3,8,12,369,30,Match Report
342,Burnley,2021-02-03,Manchester City,eng Premier League,L 0-2,0,2,-2,26,0,0,0,0,161,1053,514,14,9,2,7,5,214,18,Match Report
343,Wolves,2021-02-02,Arsenal,eng Premier League,W 2-1,2,1,+1,55,1,1,1,0,375,2604,1362,30,18,6,12,4,546,34,Match Report
344,Southampton,2021-02-02,Manchester Utd,eng Premier League,L 0-9,0,9,-9,26,0,0,0,0,137,587,218,1,1,0,17,7,143,6,Match Report
345,West Brom,2021-02-02,Sheffield Utd,eng Premier League,L 1-2,1,2,-1,32,1,0,0,0,157,851,445,7,11,1,14,9,193,23,Match Report
346,Manchester Utd,2021-02-02,Southampton,eng Premier League,W 9-0,9,0,+9,74,7,1,1,0,453,2897,1513,22,25,8,11,12,572,85,Match Report
347,Newcastle Utd,2021-02-02,Crystal Palace,eng Premier League,L 1-2,1,2,-1,61,1,0,0,0,389,2501,1134,18,12,5,11,4,548,41,Match Report
348,Sheffield Utd,2021-02-02,West Brom,eng Premier League,W 2-1,2,1,+1,68,2,0,0,0,505,2149,1283,27,19,6,11,11,523,59,Match Report
349,Arsenal,2021-02-02,Wolves,eng Premier League,L 1-2,1,2,-1,45,1,0,0,0,393,1927,1173,14,12,5,10,7,449,38,Match Report
350,Crystal Palace,2021-02-02,Newcastle Utd,eng Premier League,W 2-1,2,1,+1,39,2,0,0,0,228,1321,567,9,9,0,21,5,318,30,Match Report
351,Brighton,2021-01-31,Tottenham,eng Premier League,W 1-0,1,0,+1,43,1,0,0,0,379,1464,768,13,11,4,21,7,352,47,Match Report
352,Leicester City,2021-01-31,Leeds United,eng Premier League,L 1-3,1,3,-2,51,1,0,0,0,349,1995,932,11,13,3,24,8,324,41,Match Report
353,Liverpool,2021-01-31,West Ham,eng Premier League,W 3-1,3,1,+2,67,3,0,0,0,644,2776,1462,16,17,5,9,8,718,58,Match Report
354,West Ham,2021-01-31,Liverpool,eng Premier League,L 1-3,1,3,-2,33,1,0,0,0,298,1476,700,11,7,1,5,6,295,27,Match Report
355,Chelsea,2021-01-31,Burnley,eng Premier League,W 2-0,2,0,+2,70,2,0,0,0,429,2577,1682,42,24,12,12,7,653,75,Match Report
356,Leeds United,2021-01-31,Leicester City,eng Premier League,W 3-1,3,1,+2,49,3,0,0,0,310,1506,839,9,8,2,21,9,306,23,Match Report
357,Burnley,2021-01-31,Chelsea,eng Premier League,L 0-2,0,2,-2,30,0,0,0,0,189,765,383,5,5,0,11,11,208,19,Match Report
358,Tottenham,2021-01-31,Brighton,eng Premier League,L 0-1,0,1,-1,57,0,0,0,0,445,2319,1134,18,24,3,9,6,481,37,Match Report
359,Manchester Utd,2021-01-30,Arsenal,eng Premier League,D 0-0,0,0,0,57,0,0,0,0,353,1927,1114,21,17,4,11,6,518,43,Match Report
360,Arsenal,2021-01-30,Manchester Utd,eng Premier League,D 0-0,0,0,0,43,0,0,0,0,340,1673,834,15,9,4,5,7,367,37,Match Report
361,Manchester City,2021-01-30,Sheffield Utd,eng Premier League,W 1-0,1,0,+1,75,1,0,0,0,519,3183,1874,48,31,11,8,7,754,65,Match Report
362,Aston Villa,2021-01-30,Southampton,eng Premier League,W 1-0,1,0,+1,41,1,0,0,0,250,1132,511,19,16,8,9,15,266,34,Match Report
363,Wolves,2021-01-30,Crystal Palace,eng Premier League,L 0-1,0,1,-1,52,0,0,0,0,455,2700,1666,30,20,1,17,3,516,36,Match Report
364,Fulham,2021-01-30,West Brom,eng Premier League,D 2-2,2,2,0,62,2,0,0,0,317,2113,1252,26,17,5,16,8,480,30,Match Report
365,Southampton,2021-01-30,Aston Villa,eng Premier League,L 0-1,0,1,-1,59,0,0,0,0,308,1507,764,18,9,4,8,10,419,48,Match Report
366,Crystal Palace,2021-01-30,Wolves,eng Premier League,W 1-0,1,0,+1,48,1,0,0,0,481,2524,1220,22,18,7,11,18,465,41,Match Report
367,Everton,2021-01-30,Newcastle Utd,eng Premier League,L 0-2,0,2,-2,60,0,0,0,0,291,1976,1136,19,17,2,13,11,434,45,Match Report
368,Newcastle Utd,2021-01-30,Everton,eng Premier League,W 2-0,2,0,+2,40,2,0,0,0,233,1267,609,14,8,1,15,10,248,24,Match Report
369,West Brom,2021-01-30,Fulham,eng Premier League,D 2-2,2,2,0,38,2,0,0,0,198,1087,404,6,5,3,15,5,235,25,Match Report
370,Sheffield Utd,2021-01-30,Manchester City,eng Premier League,L 0-1,0,1,-1,25,0,0,0,0,165,859,407,8,7,2,12,10,216,14,Match Report
371,Liverpool,2021-01-28,Tottenham,eng Premier League,W 3-1,3,1,+2,50,3,0,0,0,507,2562,1272,23,23,8,16,11,526,47,Match Report
372,Tottenham,2021-01-28,Liverpool,eng Premier League,L 1-3,1,3,-2,50,1,0,0,0,415,1919,835,11,10,4,14,4,512,36,Match Report
373,Sheffield Utd,2021-01-27,Manchester Utd,eng Premier League,W 2-1,2,1,+1,25,2,0,0,0,177,1047,454,9,13,2,13,11,184,23,Match Report
374,Manchester Utd,2021-01-27,Sheffield Utd,eng Premier League,L 1-2,1,2,-1,75,1,0,0,0,523,3437,1915,35,28,3,15,7,738,74,Match Report
375,Burnley,2021-01-27,Aston Villa,eng Premier League,W 3-2,3,2,+1,39,3,0,0,0,132,757,361,4,6,2,8,4,196,15,Match Report
376,Chelsea,2021-01-27,Wolves,eng Premier League,D 0-0,0,0,0,78,0,0,0,0,621,3669,2004,35,34,5,8,1,853,64,Match Report
377,Aston Villa,2021-01-27,Burnley,eng Premier League,L 2-3,2,3,-1,61,2,0,0,0,292,1778,865,18,7,10,13,8,402,36,Match Report
378,Everton,2021-01-27,Leicester City,eng Premier League,D 1-1,1,1,0,35,1,0,0,0,249,1238,620,10,10,2,13,11,243,15,Match Report
379,Wolves,2021-01-27,Chelsea,eng Premier League,D 0-0,0,0,0,22,0,0,0,0,168,860,483,5,3,1,11,9,188,11,Match Report
380,Fulham,2021-01-27,Brighton,eng Premier League,D 0-0,0,0,0,50,0,0,0,0,314,1784,814,18,8,4,17,14,343,28,Match Report
381,Leicester City,2021-01-27,Everton,eng Premier League,D 1-1,1,1,0,65,1,0,0,0,446,2462,1451,27,15,5,14,8,515,51,Match Report
382,Brighton,2021-01-27,Fulham,eng Premier League,D 0-0,0,0,0,50,0,0,0,0,287,1448,632,17,13,4,10,8,317,46,Match Report
383,Southampton,2021-01-26,Arsenal,eng Premier League,L 1-3,1,3,-2,58,1,0,0,0,450,2030,990,19,11,3,20,10,450,39,Match Report
384,Arsenal,2021-01-26,Southampton,eng Premier League,W 3-1,3,1,+2,42,3,0,0,0,224,1306,632,13,8,9,19,11,300,32,Match Report
385,West Ham,2021-01-26,Crystal Palace,eng Premier League,W 3-2,3,2,+1,46,3,0,0,0,282,1820,825,20,13,6,15,11,373,41,Match Report
386,Newcastle Utd,2021-01-26,Leeds United,eng Premier League,L 1-2,1,2,-1,42,1,0,0,0,222,1647,833,16,10,2,17,9,242,26,Match Report
387,Manchester City,2021-01-26,West Brom,eng Premier League,W 5-0,5,0,+5,77,5,0,0,0,614,3364,1908,27,31,11,14,8,826,69,Match Report
388,Crystal Palace,2021-01-26,West Ham,eng Premier League,L 2-3,2,3,-1,54,2,0,0,0,332,2229,1161,20,14,1,14,12,452,62,Match Report
389,Leeds United,2021-01-26,Newcastle Utd,eng Premier League,W 2-1,2,1,+1,58,2,0,0,0,290,1626,758,14,13,5,19,9,358,32,Match Report
390,West Brom,2021-01-26,Manchester City,eng Premier League,L 0-5,0,5,-5,23,0,0,0,0,155,952,368,5,5,2,8,5,177,13,Match Report
391,Newcastle Utd,2021-01-23,Aston Villa,eng Premier League,L 0-2,0,2,-2,42,0,0,0,0,245,1531,662,14,14,1,12,5,317,32,Match Report
392,Aston Villa,2021-01-23,Newcastle Utd,eng Premier League,W 2-0,2,0,+2,58,2,0,0,0,511,2513,1127,20,16,6,21,10,519,34,Match Report
393,Burnley,2021-01-21,Liverpool,eng Premier League,W 1-0,1,0,+1,28,0,1,1,0,160,1085,451,12,5,3,13,3,190,15,Match Report
394,Liverpool,2021-01-21,Burnley,eng Premier League,L 0-1,0,1,-1,72,0,0,0,0,588,3381,2056,37,37,8,15,8,615,95,Match Report
395,Fulham,2021-01-20,Manchester Utd,eng Premier League,L 1-2,1,2,-1,38,1,0,0,0,338,1610,879,14,12,4,18,10,337,30,Match Report
396,Manchester City,2021-01-20,Aston Villa,eng Premier League,W 2-0,2,0,+2,69,1,1,1,0,415,2433,1552,39,20,17,7,3,569,67,Match Report
397,Manchester Utd,2021-01-20,Fulham,eng Premier League,W 2-1,2,1,+1,62,2,0,0,0,547,2804,1477,26,21,3,15,9,584,61,Match Report
398,Aston Villa,2021-01-20,Manchester City,eng Premier League,L 0-2,0,2,-2,31,0,0,0,0,238,1279,655,13,8,3,7,11,222,16,Match Report
399,West Ham,2021-01-19,West Brom,eng Premier League,W 2-1,2,1,+1,59,2,0,0,0,457,2510,1027,11,16,0,12,11,475,50,Match Report
400,West Brom,2021-01-19,West Ham,eng Premier League,L 1-2,1,2,-1,41,1,0,0,0,276,1495,748,19,7,3,8,1,285,32,Match Report
401,Chelsea,2021-01-19,Leicester City,eng Premier League,L 0-2,0,2,-2,64,0,0,0,0,377,2467,1247,24,13,1,11,9,590,41,Match Report
402,Leicester City,2021-01-19,Chelsea,eng Premier League,W 2-0,2,0,+2,36,2,0,0,0,277,1366,636,10,12,1,11,12,299,24,Match Report
403,Newcastle Utd,2021-01-18,Arsenal,eng Premier League,L 0-3,0,3,-3,34,0,0,0,0,269,1419,562,9,4,2,17,3,250,18,Match Report
404,Arsenal,2021-01-18,Newcastle Utd,eng Premier League,W 3-0,3,0,+3,66,3,0,0,0,500,2656,1389,23,10,7,13,7,589,74,Match Report
405,Liverpool,2021-01-17,Manchester Utd,eng Premier League,D 0-0,0,0,0,65,0,0,0,0,558,2486,1380,19,19,7,12,16,599,61,Match Report
406,Tottenham,2021-01-17,Sheffield Utd,eng Premier League,W 3-1,3,1,+2,57,3,0,0,0,395,2181,1077,19,12,4,10,8,512,34,Match Report
407,Sheffield Utd,2021-01-17,Tottenham,eng Premier League,L 1-3,1,3,-2,43,1,0,0,0,283,1097,513,13,12,4,12,12,342,29,Match Report
408,Manchester City,2021-01-17,Crystal Palace,eng Premier League,W 4-0,4,0,+4,71,4,0,0,0,605,3056,1776,20,16,8,20,9,699,57,Match Report
409,Manchester Utd,2021-01-17,Liverpool,eng Premier League,D 0-0,0,0,0,35,0,0,0,0,203,1192,638,16,8,6,9,12,280,26,Match Report
410,Crystal Palace,2021-01-17,Manchester City,eng Premier League,L 0-4,0,4,-4,29,0,0,0,0,189,1166,438,7,6,2,13,10,233,8,Match Report
411,Leicester City,2021-01-16,Southampton,eng Premier League,W 2-0,2,0,+2,47,2,0,0,0,299,1467,800,24,10,6,16,8,345,46,Match Report
412,Brighton,2021-01-16,Leeds United,eng Premier League,W 1-0,1,0,+1,34,1,0,0,0,193,1621,889,16,16,4,14,8,225,21,Match Report
413,Wolves,2021-01-16,West Brom,eng Premier League,L 2-3,2,3,-1,67,2,0,0,0,382,2354,1496,36,19,5,12,8,492,42,Match Report
414,Burnley,2021-01-16,West Ham,eng Premier League,L 0-1,0,1,-1,55,0,0,0,0,228,1396,741,12,14,0,13,6,357,34,Match Report
415,West Brom,2021-01-16,Wolves,eng Premier League,W 3-2,3,2,+1,33,1,2,2,0,192,1167,408,9,4,2,9,6,196,29,Match Report
416,West Ham,2021-01-16,Burnley,eng Premier League,W 1-0,1,0,+1,45,1,0,0,0,259,1609,743,23,8,9,18,4,279,41,Match Report
417,Southampton,2021-01-16,Leicester City,eng Premier League,L 0-2,0,2,-2,53,0,0,0,0,354,1885,851,13,17,1,21,11,395,40,Match Report
418,Fulham,2021-01-16,Chelsea,eng Premier League,L 0-1,0,1,-1,31,0,0,0,0,214,1347,589,12,14,3,23,12,263,32,Match Report
419,Leeds United,2021-01-16,Brighton,eng Premier League,L 0-1,0,1,-1,66,0,0,0,0,495,2874,1726,24,17,3,16,8,529,54,Match Report
420,Chelsea,2021-01-16,Fulham,eng Premier League,W 1-0,1,0,+1,69,1,0,0,0,601,2874,1455,25,14,7,17,8,696,51,Match Report
421,Crystal Palace,2021-01-14,Arsenal,eng Premier League,D 0-0,0,0,0,33,0,0,0,0,286,1273,591,8,8,5,13,4,275,31,Match Report
422,Arsenal,2021-01-14,Crystal Palace,eng Premier League,D 0-0,0,0,0,67,0,0,0,0,501,3105,1806,27,16,4,12,5,623,72,Match Report
423,Fulham,2021-01-13,Tottenham,eng Premier League,D 1-1,1,1,0,47,1,0,0,0,349,2146,1053,27,18,4,18,4,386,41,Match Report
424,Manchester City,2021-01-13,Brighton,eng Premier League,W 1-0,1,0,+1,65,1,0,1,1,569,2979,1488,32,29,10,10,8,670,54,Match Report
425,Tottenham,2021-01-13,Fulham,eng Premier League,D 1-1,1,1,0,53,1,0,0,0,445,2175,998,19,19,5,11,9,452,39,Match Report
426,Brighton,2021-01-13,Manchester City,eng Premier League,L 0-1,0,1,-1,35,0,0,0,0,318,1559,871,13,7,5,6,10,311,27,Match Report
427,Burnley,2021-01-12,Manchester Utd,eng Premier League,L 0-1,0,1,-1,38,0,0,0,0,182,965,357,4,5,1,15,6,243,15,Match Report
428,Newcastle Utd,2021-01-12,Sheffield Utd,eng Premier League,L 0-1,0,1,-1,35,0,0,0,0,192,863,412,6,8,0,10,7,217,12,Match Report
429,Everton,2021-01-12,Wolves,eng Premier League,W 2-1,2,1,+1,48,2,0,0,0,332,1977,1258,14,16,1,10,7,466,50,Match Report
430,Manchester Utd,2021-01-12,Burnley,eng Premier League,W 1-0,1,0,+1,62,1,0,0,0,375,2144,1327,26,20,4,16,2,492,54,Match Report
431,Sheffield Utd,2021-01-12,Newcastle Utd,eng Premier League,W 1-0,1,0,+1,65,0,1,1,0,432,2147,1125,20,22,3,18,7,512,59,Match Report
432,Wolves,2021-01-12,Everton,eng Premier League,L 1-2,1,2,-1,52,1,0,0,0,505,2617,1384,24,17,1,16,6,524,48,Match Report
433,Liverpool,2021-01-04,Southampton,eng Premier League,L 0-1,0,1,-1,66,0,0,0,0,446,2257,1077,19,16,8,13,9,583,74,Match Report
434,Southampton,2021-01-04,Liverpool,eng Premier League,W 1-0,1,0,+1,34,1,0,0,0,188,972,463,11,5,1,18,12,245,13,Match Report
435,Newcastle Utd,2021-01-03,Leicester City,eng Premier League,L 1-2,1,2,-1,44,1,0,0,0,270,1093,529,8,9,1,12,10,280,20,Match Report
436,Leicester City,2021-01-03,Newcastle Utd,eng Premier League,W 2-1,2,1,+1,56,2,0,0,0,383,1753,893,19,11,3,13,8,412,41,Match Report
437,Manchester City,2021-01-03,Chelsea,eng Premier League,W 3-1,3,1,+2,46,3,0,0,0,485,2054,1164,25,17,8,7,4,509,39,Match Report
438,Chelsea,2021-01-03,Manchester City,eng Premier League,L 1-3,1,3,-2,54,1,0,0,0,575,2760,1234,24,16,11,9,10,612,42,Match Report
439,West Brom,2021-01-02,Arsenal,eng Premier League,L 0-4,0,4,-4,39,0,0,0,0,200,1192,612,11,11,1,16,8,300,30,Match Report
440,Crystal Palace,2021-01-02,Sheffield Utd,eng Premier League,W 2-0,2,0,+2,44,2,0,0,0,265,1662,837,16,20,2,11,13,330,33,Match Report
441,Leeds United,2021-01-02,Tottenham,eng Premier League,L 0-3,0,3,-3,63,0,0,0,0,457,2965,1571,28,16,8,19,9,519,43,Match Report
442,Sheffield Utd,2021-01-02,Crystal Palace,eng Premier League,L 0-2,0,2,-2,56,0,0,0,0,418,2080,922,11,7,0,14,11,452,40,Match Report
443,Tottenham,2021-01-02,Leeds United,eng Premier League,W 3-0,3,0,+3,37,2,1,1,0,247,1466,766,17,13,9,17,13,284,34,Match Report
444,Arsenal,2021-01-02,West Brom,eng Premier League,W 4-0,4,0,+4,61,4,0,0,0,468,2551,1536,35,21,12,16,7,542,51,Match Report
445,Brighton,2021-01-02,Wolves,eng Premier League,D 3-3,3,3,0,54,2,1,1,0,516,2855,1427,20,13,2,15,8,497,57,Match Report
446,Wolves,2021-01-02,Brighton,eng Premier League,D 3-3,3,3,0,46,1,1,1,0,344,1629,840,12,9,5,17,14,399,15,Match Report
447,Aston Villa,2021-01-01,Manchester Utd,eng Premier League,L 1-2,1,2,-1,52,1,0,0,0,353,1911,847,16,9,5,8,6,362,39,Match Report
448,Everton,2021-01-01,West Ham,eng Premier League,L 0-1,0,1,-1,60,0,0,0,0,443,2760,1672,25,15,2,14,10,518,47,Match Report
449,Manchester Utd,2021-01-01,Aston Villa,eng Premier League,W 2-1,2,1,+1,48,1,1,1,0,331,1865,1098,24,19,8,10,11,347,54,Match Report
450,West Ham,2021-01-01,Everton,eng Premier League,W 1-0,1,0,+1,40,1,0,0,0,300,1821,951,17,12,4,13,10,313,37,Match Report
451,Newcastle Utd,2020-12-30,Liverpool,eng Premier League,D 0-0,0,0,0,28,0,0,0,0,164,787,310,6,5,2,11,8,176,18,Match Report
452,Liverpool,2020-12-30,Newcastle Utd,eng Premier League,D 0-0,0,0,0,72,0,0,0,0,427,2218,1210,26,21,5,17,13,606,55,Match Report
453,Brighton,2020-12-29,Arsenal,eng Premier League,L 0-1,0,1,-1,50,0,0,0,0,410,2174,1007,14,10,0,4,6,439,39,Match Report
454,Wolves,2020-12-29,Manchester Utd,eng Premier League,L 0-1,0,1,-1,42,0,0,0,0,382,1812,1077,27,16,7,12,9,377,27,Match Report
455,Burnley,2020-12-29,Sheffield Utd,eng Premier League,W 1-0,1,0,+1,37,1,0,0,0,203,853,401,3,5,0,14,7,243,16,Match Report
456,West Ham,2020-12-29,Southampton,eng Premier League,D 0-0,0,0,0,38,0,0,0,0,209,964,382,6,8,1,18,10,260,31,Match Report
457,West Brom,2020-12-29,Leeds United,eng Premier League,L 0-5,0,5,-5,25,0,0,0,0,133,855,429,10,6,1,13,11,165,16,Match Report
458,Leeds United,2020-12-29,West Brom,eng Premier League,W 5-0,5,0,+5,75,4,0,0,0,656,3539,1927,28,17,5,13,4,704,66,Match Report
459,Southampton,2020-12-29,West Ham,eng Premier League,D 0-0,0,0,0,62,0,0,0,0,397,2497,1318,19,21,5,14,11,508,42,Match Report
460,Manchester Utd,2020-12-29,Wolves,eng Premier League,W 1-0,1,0,+1,58,1,0,0,0,550,2982,1795,38,26,9,13,7,560,69,Match Report
461,Sheffield Utd,2020-12-29,Burnley,eng Premier League,L 0-1,0,1,-1,63,0,0,0,0,452,2421,1258,15,10,1,15,10,475,54,Match Report
462,Arsenal,2020-12-29,Brighton,eng Premier League,W 1-0,1,0,+1,50,1,0,0,0,424,2174,1177,21,13,4,13,11,457,32,Match Report
463,Leicester City,2020-12-28,Crystal Palace,eng Premier League,D 1-1,1,1,0,66,1,0,1,1,399,2079,1140,22,22,1,16,8,522,45,Match Report
464,Chelsea,2020-12-28,Aston Villa,eng Premier League,D 1-1,1,1,0,63,1,0,0,0,313,1960,1113,31,19,8,19,9,484,45,Match Report
465,Crystal Palace,2020-12-28,Leicester City,eng Premier League,D 1-1,1,1,0,34,1,0,0,0,215,1093,517,9,7,1,13,14,209,16,Match Report
466,Aston Villa,2020-12-28,Chelsea,eng Premier League,D 1-1,1,1,0,37,1,0,0,0,241,1293,618,14,10,4,20,10,250,35,Match Report
467,Wolves,2020-12-27,Tottenham,eng Premier League,D 1-1,1,1,0,55,1,0,0,0,410,2335,1256,27,19,8,22,6,489,57,Match Report
468,Burnley,2020-12-27,Leeds United,eng Premier League,L 0-1,0,1,-1,49,0,0,0,0,226,1299,643,11,8,2,13,13,297,43,Match Report
469,Liverpool,2020-12-27,West Brom,eng Premier League,D 1-1,1,1,0,77,1,0,0,0,489,3346,1852,37,38,6,20,10,731,87,Match Report
470,Brighton,2020-12-27,West Ham,eng Premier League,D 2-2,2,2,0,56,2,0,0,0,371,2576,1256,22,18,2,12,9,489,28,Match Report
471,West Brom,2020-12-27,Liverpool,eng Premier League,D 1-1,1,1,0,23,1,0,0,0,100,626,294,8,4,1,14,7,129,14,Match Report
472,Tottenham,2020-12-27,Wolves,eng Premier League,D 1-1,1,1,0,45,1,0,0,0,256,1477,832,14,8,4,10,11,384,34,Match Report
473,Leeds United,2020-12-27,Burnley,eng Premier League,W 1-0,1,0,+1,51,0,1,1,0,324,1829,965,14,4,5,20,5,339,35,Match Report
474,West Ham,2020-12-27,Brighton,eng Premier League,D 2-2,2,2,0,44,2,0,0,0,276,1633,732,17,10,3,14,9,348,38,Match Report
475,Chelsea,2020-12-26,Arsenal,eng Premier League,L 1-3,1,3,-2,60,1,0,1,1,424,2128,1183,30,14,11,15,4,448,45,Match Report
476,Leicester City,2020-12-26,Manchester Utd,eng Premier League,D 2-2,2,2,0,54,1,0,0,0,318,1749,873,16,12,4,12,12,433,32,Match Report
477,Everton,2020-12-26,Sheffield Utd,eng Premier League,W 1-0,1,0,+1,56,1,0,0,0,382,2265,1220,22,9,6,17,10,454,34,Match Report
478,Fulham,2020-12-26,Southampton,eng Premier League,D 0-0,0,0,0,47,0,0,0,0,219,1353,564,16,12,5,24,19,273,34,Match Report
479,Aston Villa,2020-12-26,Crystal Palace,eng Premier League,W 3-0,3,0,+3,39,3,0,0,0,236,1525,866,24,11,6,14,5,232,30,Match Report
480,Crystal Palace,2020-12-26,Aston Villa,eng Premier League,L 0-3,0,3,-3,61,0,0,0,0,347,2238,1261,21,17,5,10,7,407,57,Match Report
481,Manchester Utd,2020-12-26,Leicester City,eng Premier League,D 2-2,2,2,0,46,2,0,0,0,313,2046,1288,23,10,1,19,11,371,35,Match Report
482,Manchester City,2020-12-26,Newcastle Utd,eng Premier League,W 2-0,2,0,+2,74,2,0,0,0,519,2843,1515,23,13,4,14,6,797,59,Match Report
483,Arsenal,2020-12-26,Chelsea,eng Premier League,W 3-1,3,1,+2,40,2,1,1,0,202,1116,556,15,3,4,10,5,247,28,Match Report
484,Sheffield Utd,2020-12-26,Everton,eng Premier League,L 0-1,0,1,-1,44,0,0,0,0,247,1343,772,10,9,2,19,10,331,29,Match Report
485,Southampton,2020-12-26,Fulham,eng Premier League,D 0-0,0,0,0,53,0,0,0,0,249,1703,764,10,11,0,24,11,310,24,Match Report
486,Newcastle Utd,2020-12-26,Manchester City,eng Premier League,L 0-2,0,2,-2,26,0,0,0,0,238,1051,431,8,8,1,11,4,222,18,Match Report
487,Chelsea,2020-12-21,West Ham,eng Premier League,W 3-0,3,0,+3,53,3,0,0,0,458,2226,1030,20,18,6,13,5,461,34,Match Report
488,Burnley,2020-12-21,Wolves,eng Premier League,W 2-1,2,1,+1,37,2,0,0,0,202,1118,604,12,10,1,10,8,193,20,Match Report
489,Wolves,2020-12-21,Burnley,eng Premier League,L 1-2,1,2,-1,63,0,1,1,0,416,2180,1097,19,25,5,12,4,414,48,Match Report
490,West Ham,2020-12-21,Chelsea,eng Premier League,L 0-3,0,3,-3,47,0,0,0,0,338,1787,668,12,12,3,7,15,368,38,Match Report
491,Leeds United,2020-12-20,Manchester Utd,eng Premier League,L 2-6,2,6,-4,59,2,0,0,0,312,1808,1016,24,8,2,15,12,430,47,Match Report
492,Brighton,2020-12-20,Sheffield Utd,eng Premier League,D 1-1,1,1,0,73,1,0,0,0,380,2565,1537,28,16,3,15,8,497,61,Match Report
493,Leicester City,2020-12-20,Tottenham,eng Premier League,W 2-0,2,0,+2,44,0,1,1,0,253,1481,615,15,12,8,21,9,339,28,Match Report
494,Manchester Utd,2020-12-20,Leeds United,eng Premier League,W 6-2,6,2,+4,41,5,1,1,0,254,2092,1224,28,18,6,10,9,290,36,Match Report
495,Aston Villa,2020-12-20,West Brom,eng Premier League,W 3-0,3,0,+3,67,2,1,1,0,480,2559,1320,27,28,10,19,9,511,68,Match Report
496,West Brom,2020-12-20,Aston Villa,eng Premier League,L 0-3,0,3,-3,33,0,0,0,0,211,1027,496,8,5,2,12,4,196,22,Match Report
497,Tottenham,2020-12-20,Leicester City,eng Premier League,L 0-2,0,2,-2,56,0,0,0,0,440,2287,1173,18,12,4,11,12,433,51,Match Report
498,Sheffield Utd,2020-12-20,Brighton,eng Premier League,D 1-1,1,1,0,27,1,0,0,0,112,651,324,6,5,4,12,8,142,10,Match Report
499,Everton,2020-12-19,Arsenal,eng Premier League,W 2-1,2,1,+1,43,1,0,0,0,290,1701,885,16,9,4,17,4,344,20,Match Report
500,Manchester City,2020-12-19,Southampton,eng Premier League,W 1-0,1,0,+1,52,1,0,0,0,486,2039,939,17,14,6,12,11,489,44,Match Report
501,Liverpool,2020-12-19,Crystal Palace,eng Premier League,W 7-0,7,0,+7,64,7,0,0,0,490,2222,1152,17,13,2,14,6,671,43,Match Report
502,Crystal Palace,2020-12-19,Liverpool,eng Premier League,L 0-7,0,7,-7,36,0,0,0,0,334,1427,551,16,9,4,14,9,320,27,Match Report
503,Fulham,2020-12-19,Newcastle Utd,eng Premier League,D 1-1,1,1,0,51,0,0,0,0,300,1937,915,17,14,1,16,7,405,23,Match Report
504,Arsenal,2020-12-19,Everton,eng Premier League,L 1-2,1,2,-1,57,0,1,1,0,458,2795,1581,30,18,10,16,8,508,63,Match Report
505,Newcastle Utd,2020-12-19,Fulham,eng Premier League,D 1-1,1,1,0,49,0,1,1,0,397,1534,788,12,14,3,13,6,393,39,Match Report
506,Southampton,2020-12-19,Manchester City,eng Premier League,L 0-1,0,1,-1,48,0,0,0,0,430,1932,908,21,19,4,13,8,433,28,Match Report
507,Sheffield Utd,2020-12-17,Manchester Utd,eng Premier League,L 2-3,2,3,-1,40,2,0,0,0,169,981,454,9,8,4,13,10,283,36,Match Report
508,Manchester Utd,2020-12-17,Sheffield Utd,eng Premier League,W 3-2,3,2,+1,60,3,0,0,0,489,2421,1276,19,15,5,18,10,490,35,Match Report
509,Burnley,2020-12-17,Aston Villa,eng Premier League,D 0-0,0,0,0,41,0,0,0,0,190,1024,436,6,6,1,14,4,183,23,Match Report
510,Aston Villa,2020-12-17,Burnley,eng Premier League,D 0-0,0,0,0,59,0,0,0,0,241,1492,828,19,19,9,20,16,316,38,Match Report
511,Southampton,2020-12-16,Arsenal,eng Premier League,D 1-1,1,1,0,64,1,0,0,0,542,2538,1309,18,25,4,11,3,562,45,Match Report
512,Arsenal,2020-12-16,Southampton,eng Premier League,D 1-1,1,1,0,36,1,0,0,0,262,1242,687,15,8,5,13,5,287,38,Match Report
513,Liverpool,2020-12-16,Tottenham,eng Premier League,W 2-1,2,1,+1,75,2,0,0,0,738,3623,1835,29,37,7,13,14,740,83,Match Report
514,West Ham,2020-12-16,Crystal Palace,eng Premier League,D 1-1,1,1,0,52,1,0,0,0,322,1952,981,13,11,4,22,17,406,44,Match Report
515,Newcastle Utd,2020-12-16,Leeds United,eng Premier League,L 2-5,2,5,-3,32,2,0,0,0,178,1146,680,12,10,2,16,8,179,19,Match Report
516,Crystal Palace,2020-12-16,West Ham,eng Premier League,D 1-1,1,1,0,48,1,0,0,0,268,1614,746,16,15,6,11,13,348,36,Match Report
517,Tottenham,2020-12-16,Liverpool,eng Premier League,L 1-2,1,2,-1,25,1,0,0,0,187,1105,597,10,5,3,14,3,172,16,Match Report
518,Everton,2020-12-16,Leicester City,eng Premier League,W 2-0,2,0,+2,39,2,0,0,0,203,1579,820,16,11,2,17,16,282,22,Match Report
519,Leeds United,2020-12-16,Newcastle Utd,eng Premier League,W 5-2,5,2,+3,68,5,0,0,0,487,2884,1705,40,25,9,16,4,472,77,Match Report
520,Fulham,2020-12-16,Brighton,eng Premier League,D 0-0,0,0,0,46,0,0,0,0,262,1256,470,9,7,2,25,9,327,28,Match Report
521,Leicester City,2020-12-16,Everton,eng Premier League,L 0-2,0,2,-2,61,0,0,0,0,365,2203,1149,30,19,2,12,8,485,30,Match Report
522,Brighton,2020-12-16,Fulham,eng Premier League,D 0-0,0,0,0,54,0,0,0,0,385,1829,762,19,9,1,19,10,379,27,Match Report
523,Manchester City,2020-12-15,West Brom,eng Premier League,D 1-1,1,1,0,77,1,0,0,0,502,2996,1905,43,29,12,17,7,704,70,Match Report
524,Chelsea,2020-12-15,Wolves,eng Premier League,L 1-2,1,2,-1,55,1,0,0,0,340,2200,1391,32,22,6,14,8,453,46,Match Report
525,Wolves,2020-12-15,Chelsea,eng Premier League,W 2-1,2,1,+1,45,2,0,0,0,337,1639,858,20,12,3,19,6,351,26,Match Report
526,West Brom,2020-12-15,Manchester City,eng Premier League,D 1-1,1,1,0,23,0,0,0,0,113,629,331,3,4,1,12,6,146,4,Match Report
527,Burnley,2020-12-13,Arsenal,eng Premier League,W 1-0,1,0,+1,35,0,0,0,0,264,1216,516,8,9,1,12,7,238,18,Match Report
528,Southampton,2020-12-13,Sheffield Utd,eng Premier League,W 3-0,3,0,+3,67,3,0,0,0,508,2338,1211,14,12,5,8,13,516,35,Match Report
529,Sheffield Utd,2020-12-13,Southampton,eng Premier League,L 0-3,0,3,-3,33,0,0,0,0,194,817,255,3,3,0,6,13,197,24,Match Report
530,Crystal Palace,2020-12-13,Tottenham,eng Premier League,D 1-1,1,1,0,44,1,0,0,0,239,1601,746,17,12,4,13,14,303,35,Match Report
531,Tottenham,2020-12-13,Crystal Palace,eng Premier League,D 1-1,1,1,0,56,1,0,0,0,389,1924,927,9,13,1,11,6,388,36,Match Report
532,Fulham,2020-12-13,Liverpool,eng Premier League,D 1-1,1,1,0,26,1,0,0,0,183,1118,521,14,7,7,22,11,168,22,Match Report
533,Arsenal,2020-12-13,Burnley,eng Premier League,L 0-1,0,1,-1,65,0,0,0,0,407,1971,1039,21,16,6,16,7,498,58,Match Report
534,Brighton,2020-12-13,Leicester City,eng Premier League,L 0-3,0,3,-3,46,0,0,0,0,291,1731,1034,20,8,3,6,7,389,38,Match Report
535,Leicester City,2020-12-13,Brighton,eng Premier League,W 3-0,3,0,+3,54,3,0,0,0,354,1872,1016,19,13,4,12,15,483,45,Match Report
536,Liverpool,2020-12-13,Fulham,eng Premier League,D 1-1,1,1,0,74,0,1,1,0,467,2194,1185,23,16,5,18,9,642,49,Match Report
537,Manchester City,2020-12-12,Manchester Utd,eng Premier League,D 0-0,0,0,0,54,0,0,0,0,484,2355,1027,20,18,5,11,12,523,49,Match Report
538,Newcastle Utd,2020-12-12,West Brom,eng Premier League,W 2-1,2,1,+1,46,2,0,0,0,242,1529,698,17,15,4,14,11,346,26,Match Report
539,Wolves,2020-12-12,Aston Villa,eng Premier League,L 0-1,0,1,-1,50,0,0,0,0,223,1537,848,23,10,8,14,4,288,35,Match Report
540,Aston Villa,2020-12-12,Wolves,eng Premier League,W 1-0,1,0,+1,50,0,1,1,0,287,1480,744,15,7,8,20,8,272,35,Match Report
541,West Brom,2020-12-12,Newcastle Utd,eng Premier League,L 1-2,1,2,-1,54,1,0,0,0,352,1790,875,19,15,0,19,3,416,43,Match Report
542,Everton,2020-12-12,Chelsea,eng Premier League,W 1-0,1,0,+1,29,0,1,1,0,154,1094,493,13,6,3,24,13,182,18,Match Report
543,Chelsea,2020-12-12,Everton,eng Premier League,L 0-1,0,1,-1,71,0,0,0,0,401,2258,1217,15,12,4,21,11,574,66,Match Report
544,Manchester Utd,2020-12-12,Manchester City,eng Premier League,D 0-0,0,0,0,46,0,0,0,0,379,1814,755,11,11,1,12,2,443,27,Match Report
545,West Ham,2020-12-11,Leeds United,eng Premier League,W 2-1,2,1,+1,37,2,0,0,0,235,1656,842,23,16,6,17,11,244,29,Match Report
546,Leeds United,2020-12-11,West Ham,eng Premier League,L 1-2,1,2,-1,63,0,1,1,0,503,2881,1715,31,13,3,19,10,491,46,Match Report
547,Brighton,2020-12-07,Southampton,eng Premier League,L 1-2,1,2,-1,48,0,1,1,0,277,1488,774,22,13,6,19,10,302,35,Match Report
548,Southampton,2020-12-07,Brighton,eng Premier League,W 2-1,2,1,+1,52,1,1,1,0,274,1671,815,20,13,5,22,12,346,31,Match Report
549,Tottenham,2020-12-06,Arsenal,eng Premier League,W 2-0,2,0,+2,31,2,0,0,0,162,1065,623,13,10,4,12,9,204,10,Match Report
550,Leicester City,2020-12-06,Sheffield Utd,eng Premier League,W 2-1,2,1,+1,69,2,0,0,0,545,2288,1093,18,16,5,14,9,596,48,Match Report
551,Arsenal,2020-12-06,Tottenham,eng Premier League,L 0-2,0,2,-2,69,0,0,0,0,531,2962,1704,26,31,6,15,5,570,70,Match Report
552,West Brom,2020-12-06,Crystal Palace,eng Premier League,L 1-5,1,5,-4,50,1,0,0,0,326,1933,964,16,9,2,11,9,446,36,Match Report
553,Crystal Palace,2020-12-06,West Brom,eng Premier League,W 5-1,5,1,+4,50,4,0,0,0,462,2170,960,17,17,7,9,6,447,54,Match Report
554,Wolves,2020-12-06,Liverpool,eng Premier League,L 0-4,0,4,-4,40,0,0,0,0,261,1929,931,19,16,6,11,3,344,20,Match Report
555,Liverpool,2020-12-06,Wolves,eng Premier League,W 4-0,4,0,+4,60,3,0,0,0,517,2400,1226,17,9,3,10,8,573,53,Match Report
556,Sheffield Utd,2020-12-06,Leicester City,eng Premier League,L 1-2,1,2,-1,31,1,0,0,0,166,1099,536,12,11,1,17,13,209,21,Match Report
557,West Ham,2020-12-05,Manchester Utd,eng Premier League,L 1-3,1,3,-2,40,1,0,0,0,240,1572,817,21,12,4,14,8,329,28,Match Report
558,Chelsea,2020-12-05,Leeds United,eng Premier League,W 3-1,3,1,+2,46,3,0,0,0,329,2303,1235,22,22,7,10,19,346,47,Match Report
559,Manchester Utd,2020-12-05,West Ham,eng Premier League,W 3-1,3,1,+2,60,3,0,0,0,441,2490,1118,16,14,5,17,6,565,39,Match Report
560,Everton,2020-12-05,Burnley,eng Premier League,D 1-1,1,1,0,58,1,0,0,0,467,2590,1341,27,14,6,14,5,504,44,Match Report
561,Leeds United,2020-12-05,Chelsea,eng Premier League,L 1-3,1,3,-2,54,1,0,0,0,352,2054,1286,18,10,2,23,16,421,29,Match Report
562,Burnley,2020-12-05,Everton,eng Premier League,D 1-1,1,1,0,42,1,0,0,0,342,1329,625,10,14,2,13,11,336,30,Match Report
563,Manchester City,2020-12-05,Fulham,eng Premier League,W 2-0,2,0,+2,69,1,1,1,0,634,2976,1708,21,20,10,9,10,734,56,Match Report
564,Fulham,2020-12-05,Manchester City,eng Premier League,L 0-2,0,2,-2,31,0,0,0,0,312,1703,774,17,16,1,16,12,286,16,Match Report
565,Aston Villa,2020-11-30,West Ham,eng Premier League,L 1-2,1,2,-1,66,1,0,1,1,349,2243,1248,21,18,4,22,4,455,46,Match Report
566,West Ham,2020-11-30,Aston Villa,eng Premier League,W 2-1,2,1,+1,34,2,0,0,0,184,1098,612,11,11,2,12,4,184,16,Match Report
567,Fulham,2020-11-30,Leicester City,eng Premier League,W 2-1,2,1,+1,32,1,1,1,0,181,1138,519,10,12,3,9,14,236,19,Match Report
568,Leicester City,2020-11-30,Fulham,eng Premier League,L 1-2,1,2,-1,68,1,0,0,0,483,2718,1391,14,13,0,11,13,597,43,Match Report
569,Wolves,2020-11-29,Arsenal,eng Premier League,W 2-1,2,1,+1,44,2,0,0,0,278,1572,944,20,9,9,19,10,338,22,Match Report
570,Southampton,2020-11-29,Manchester Utd,eng Premier League,L 2-3,2,3,-1,50,2,0,0,0,319,1633,920,13,14,4,24,13,439,22,Match Report
571,Manchester Utd,2020-11-29,Southampton,eng Premier League,W 3-2,3,2,+1,50,3,0,0,0,378,1626,768,16,14,5,14,15,445,49,Match Report
572,Chelsea,2020-11-29,Tottenham,eng Premier League,D 0-0,0,0,0,60,0,0,0,0,503,2506,1337,20,20,3,16,3,606,51,Match Report
573,Arsenal,2020-11-29,Wolves,eng Premier League,L 1-2,1,2,-1,56,1,0,0,0,392,2192,1221,20,9,1,14,8,441,63,Match Report
574,Tottenham,2020-11-29,Chelsea,eng Premier League,D 0-0,0,0,0,40,0,0,0,0,280,1794,1050,10,11,3,12,8,371,21,Match Report
575,West Brom,2020-11-28,Sheffield Utd,eng Premier League,W 1-0,1,0,+1,49,1,0,0,0,233,1216,634,21,8,5,12,12,319,36,Match Report
576,Everton,2020-11-28,Leeds United,eng Premier League,L 0-1,0,1,-1,41,0,0,0,0,312,2068,1221,25,22,7,15,12,327,24,Match Report
577,Sheffield Utd,2020-11-28,West Brom,eng Premier League,L 0-1,0,1,-1,51,0,0,0,0,310,1695,891,19,12,7,12,7,345,38,Match Report
578,Brighton,2020-11-28,Liverpool,eng Premier League,D 1-1,1,1,0,40,0,1,2,1,281,1508,730,15,10,5,18,6,295,36,Match Report
579,Manchester City,2020-11-28,Burnley,eng Premier League,W 5-0,5,0,+5,68,5,0,0,0,502,2508,1421,22,16,8,17,5,654,61,Match Report
580,Liverpool,2020-11-28,Brighton,eng Premier League,D 1-1,1,1,0,60,1,0,0,0,436,1888,1013,12,11,3,14,12,461,29,Match Report
581,Leeds United,2020-11-28,Everton,eng Premier League,W 1-0,1,0,+1,59,1,0,0,0,414,2256,1331,24,21,4,21,10,490,61,Match Report
582,Burnley,2020-11-28,Manchester City,eng Premier League,L 0-5,0,5,-5,32,0,0,0,0,229,981,457,10,6,3,11,2,247,14,Match Report
583,Newcastle Utd,2020-11-27,Crystal Palace,eng Premier League,W 2-0,2,0,+2,43,2,0,0,0,228,1166,537,8,11,2,11,11,300,27,Match Report
584,Crystal Palace,2020-11-27,Newcastle Utd,eng Premier League,L 0-2,0,2,-2,57,0,0,0,0,416,2312,947,21,7,6,11,18,437,43,Match Report
585,Wolves,2020-11-23,Southampton,eng Premier League,D 1-1,1,1,0,46,1,0,0,0,318,1600,840,24,12,9,21,8,354,39,Match Report
586,Burnley,2020-11-23,Crystal Palace,eng Premier League,W 1-0,1,0,+1,46,1,0,0,0,240,1111,499,5,3,3,16,8,316,25,Match Report
587,Southampton,2020-11-23,Wolves,eng Premier League,D 1-1,1,1,0,54,1,0,0,0,331,1769,943,11,7,1,21,5,439,28,Match Report
588,Crystal Palace,2020-11-23,Burnley,eng Premier League,L 0-1,0,1,-1,54,0,0,0,0,379,1963,1080,25,20,5,15,11,392,36,Match Report
589,Leeds United,2020-11-22,Arsenal,eng Premier League,D 0-0,0,0,0,66,0,0,0,0,468,2798,1732,39,30,3,7,8,539,54,Match Report
590,West Ham,2020-11-22,Sheffield Utd,eng Premier League,W 1-0,1,0,+1,49,1,0,0,0,368,1928,973,27,14,8,17,12,426,47,Match Report
591,Arsenal,2020-11-22,Leeds United,eng Premier League,D 0-0,0,0,0,34,0,0,0,0,249,1691,922,15,14,3,11,12,235,29,Match Report
592,Sheffield Utd,2020-11-22,West Ham,eng Premier League,L 0-1,0,1,-1,51,0,0,0,0,325,1962,1043,20,14,3,16,5,435,32,Match Report
593,Leicester City,2020-11-22,Liverpool,eng Premier League,L 0-3,0,3,-3,44,0,0,0,0,276,1481,717,16,7,2,16,3,374,40,Match Report
594,Liverpool,2020-11-22,Leicester City,eng Premier League,W 3-0,3,0,+3,56,2,0,0,0,478,2527,1350,21,18,8,16,11,516,48,Match Report
595,Fulham,2020-11-22,Everton,eng Premier League,L 2-3,2,3,-1,54,2,0,1,1,389,2500,1301,34,21,7,22,18,557,41,Match Report
596,Everton,2020-11-22,Fulham,eng Premier League,W 3-2,3,2,+1,46,3,0,0,0,400,1898,891,12,9,4,14,7,426,28,Match Report
597,West Brom,2020-11-21,Manchester Utd,eng Premier League,L 0-1,0,1,-1,37,0,0,0,0,226,1341,793,20,6,4,23,11,316,33,Match Report
598,Manchester City,2020-11-21,Tottenham,eng Premier League,L 0-2,0,2,-2,66,0,0,0,0,528,3148,1797,43,24,10,15,18,549,72,Match Report
599,Manchester Utd,2020-11-21,West Brom,eng Premier League,W 1-0,1,0,+1,63,0,1,1,0,443,2179,1256,29,21,6,16,7,584,58,Match Report
600,Brighton,2020-11-21,Aston Villa,eng Premier League,W 2-1,2,1,+1,44,2,0,0,0,288,1637,1050,19,16,2,12,3,327,24,Match Report
601,Chelsea,2020-11-21,Newcastle Utd,eng Premier League,W 2-0,2,0,+2,70,1,0,0,0,558,2506,1407,24,16,9,12,5,686,47,Match Report
602,Newcastle Utd,2020-11-21,Chelsea,eng Premier League,L 0-2,0,2,-2,30,0,0,0,0,204,1227,627,18,14,6,13,9,224,16,Match Report
603,Aston Villa,2020-11-21,Brighton,eng Premier League,L 1-2,1,2,-1,56,1,0,0,0,393,2018,1208,20,14,8,11,13,413,48,Match Report
604,Tottenham,2020-11-21,Manchester City,eng Premier League,W 2-0,2,0,+2,34,2,0,0,0,219,1427,779,13,7,4,15,8,240,22,Match Report
605,Aston Villa,2020-11-08,Arsenal,eng Premier League,W 3-0,3,0,+3,41,2,0,0,0,247,1352,745,22,20,8,19,4,308,38,Match Report
606,West Brom,2020-11-08,Tottenham,eng Premier League,L 0-1,0,1,-1,42,0,0,0,0,192,1120,428,13,6,3,18,9,248,31,Match Report
607,Tottenham,2020-11-08,West Brom,eng Premier League,W 1-0,1,0,+1,58,1,0,0,0,293,1489,787,12,10,3,16,13,419,43,Match Report
608,Manchester City,2020-11-08,Liverpool,eng Premier League,D 1-1,1,1,0,54,1,0,1,1,393,2078,1162,16,14,3,15,7,490,33,Match Report
609,Arsenal,2020-11-08,Aston Villa,eng Premier League,L 0-3,0,3,-3,59,0,0,0,0,459,2403,1451,27,15,7,11,7,477,42,Match Report
610,Leicester City,2020-11-08,Wolves,eng Premier League,W 1-0,1,0,+1,49,0,1,2,1,312,1565,805,18,17,1,6,11,418,38,Match Report
611,Wolves,2020-11-08,Leicester City,eng Premier League,L 0-1,0,1,-1,51,0,0,0,0,337,1886,937,16,23,2,18,10,435,43,Match Report
612,Liverpool,2020-11-08,Manchester City,eng Premier League,D 1-1,1,1,0,46,0,1,1,0,377,2000,1064,16,14,5,13,8,398,29,Match Report
613,Everton,2020-11-07,Manchester Utd,eng Premier League,L 1-3,1,3,-2,55,1,0,0,0,447,2418,1252,19,9,5,16,6,473,35,Match Report
614,Chelsea,2020-11-07,Sheffield Utd,eng Premier League,W 4-1,4,1,+3,69,4,0,0,0,637,2624,1396,11,11,5,20,6,696,49,Match Report
615,Leeds United,2020-11-07,Crystal Palace,eng Premier League,L 1-4,1,4,-3,64,1,0,0,0,438,2824,1580,24,19,3,22,8,522,56,Match Report
616,Crystal Palace,2020-11-07,Leeds United,eng Premier League,W 4-1,4,1,+3,36,3,0,0,0,278,1590,772,18,8,8,21,14,252,29,Match Report
617,Fulham,2020-11-07,West Ham,eng Premier League,L 0-1,0,1,-1,47,0,0,1,1,329,1355,639,12,13,0,15,10,398,36,Match Report
618,Sheffield Utd,2020-11-07,Chelsea,eng Premier League,L 1-4,1,4,-3,31,1,0,0,0,174,923,424,9,10,0,16,11,242,26,Match Report
619,Manchester Utd,2020-11-07,Everton,eng Premier League,W 3-1,3,1,+2,45,3,0,0,0,313,1860,881,18,16,6,14,18,393,40,Match Report
620,West Ham,2020-11-07,Fulham,eng Premier League,W 1-0,1,0,+1,53,1,0,0,0,365,2160,815,15,14,3,15,5,475,51,Match Report
621,Newcastle Utd,2020-11-06,Southampton,eng Premier League,L 0-2,0,2,-2,39,0,0,0,0,313,1308,482,8,10,0,13,13,294,26,Match Report
622,Brighton,2020-11-06,Burnley,eng Premier League,D 0-0,0,0,0,59,0,0,0,0,399,2372,1193,27,14,11,8,6,473,59,Match Report
623,Southampton,2020-11-06,Newcastle Utd,eng Premier League,W 2-0,2,0,+2,61,2,0,0,0,356,1782,810,17,19,4,20,9,487,22,Match Report
624,Burnley,2020-11-06,Brighton,eng Premier League,D 0-0,0,0,0,41,0,0,0,0,248,1148,515,10,8,0,8,6,306,18,Match Report
625,Leicester City,2020-11-02,Leeds United,eng Premier League,W 4-1,4,1,+3,33,3,1,1,0,235,1506,802,15,12,5,13,9,231,21,Match Report
626,Fulham,2020-11-02,West Brom,eng Premier League,W 2-0,2,0,+2,47,2,0,0,0,325,1712,917,24,20,5,24,19,330,25,Match Report
627,Leeds United,2020-11-02,Leicester City,eng Premier League,L 1-4,1,4,-3,67,1,0,0,0,496,2699,1449,29,22,3,18,14,571,61,Match Report
628,West Brom,2020-11-02,Fulham,eng Premier League,L 0-2,0,2,-2,53,0,0,0,0,348,2186,1097,12,9,3,26,8,398,37,Match Report
629,Manchester Utd,2020-11-01,Arsenal,eng Premier League,L 0-1,0,1,-1,54,0,0,0,0,394,2209,1062,14,9,1,11,12,506,26,Match Report
630,Arsenal,2020-11-01,Manchester Utd,eng Premier League,W 1-0,1,0,+1,46,0,1,1,0,396,1978,1064,18,16,2,19,4,435,40,Match Report
631,Aston Villa,2020-11-01,Southampton,eng Premier League,L 3-4,3,4,-1,56,2,1,1,0,270,1215,616,20,10,10,14,13,314,40,Match Report
632,Brighton,2020-11-01,Tottenham,eng Premier League,L 1-2,1,2,-1,56,1,0,0,0,343,2205,1079,19,10,6,18,8,426,32,Match Report
633,Southampton,2020-11-01,Aston Villa,eng Premier League,W 4-3,4,3,+1,44,4,0,0,0,174,978,505,8,4,1,12,11,231,17,Match Report
634,Everton,2020-11-01,Newcastle Utd,eng Premier League,L 1-2,1,2,-1,61,1,0,0,0,437,2202,1237,18,17,1,19,6,574,40,Match Report
635,Tottenham,2020-11-01,Brighton,eng Premier League,W 2-1,2,1,+1,44,1,1,1,0,299,1567,743,8,10,1,16,9,317,19,Match Report
636,Newcastle Utd,2020-11-01,Everton,eng Premier League,W 2-1,2,1,+1,39,1,1,1,0,291,1374,678,13,7,0,9,12,318,16,Match Report
637,Manchester City,2020-10-31,Sheffield Utd,eng Premier League,W 1-0,1,0,+1,65,1,0,0,0,503,3056,1699,35,31,10,13,7,656,38,Match Report
638,Liverpool,2020-10-31,West Ham,eng Premier League,W 2-1,2,1,+1,72,1,1,1,0,711,3678,1976,23,22,5,13,11,756,56,Match Report
639,West Ham,2020-10-31,Liverpool,eng Premier League,L 1-2,1,2,-1,28,1,0,0,0,162,1151,645,17,8,1,11,9,224,18,Match Report
640,Chelsea,2020-10-31,Burnley,eng Premier League,W 3-0,3,0,+3,63,3,0,0,0,476,2249,1234,23,19,6,20,9,628,51,Match Report
641,Burnley,2020-10-31,Chelsea,eng Premier League,L 0-3,0,3,-3,37,0,0,0,0,269,1104,522,8,9,1,10,10,310,26,Match Report
642,Sheffield Utd,2020-10-31,Manchester City,eng Premier League,L 0-1,0,1,-1,35,0,0,0,0,291,1686,795,11,14,4,14,6,313,34,Match Report
643,Wolves,2020-10-30,Crystal Palace,eng Premier League,W 2-0,2,0,+2,45,2,0,0,0,405,1809,879,20,13,6,10,7,404,37,Match Report
644,Crystal Palace,2020-10-30,Wolves,eng Premier League,L 0-2,0,2,-2,55,0,0,0,0,464,2075,1009,16,11,6,10,7,518,41,Match Report
645,Burnley,2020-10-26,Tottenham,eng Premier League,L 0-1,0,1,-1,39,0,0,0,0,288,1141,462,5,6,0,14,7,291,28,Match Report
646,Brighton,2020-10-26,West Brom,eng Premier League,D 1-1,1,1,0,50,0,0,0,0,331,2002,989,22,11,3,13,11,405,35,Match Report
647,Tottenham,2020-10-26,Burnley,eng Premier League,W 1-0,1,0,+1,61,1,0,0,0,521,2530,1369,19,20,6,12,7,531,43,Match Report
648,West Brom,2020-10-26,Brighton,eng Premier League,D 1-1,1,1,0,50,1,0,0,0,307,1621,705,14,12,2,22,10,421,38,Match Report
649,Leicester City,2020-10-25,Arsenal,eng Premier League,W 1-0,1,0,+1,44,1,0,0,0,304,1453,691,13,9,4,11,9,386,20,Match Report
650,Everton,2020-10-25,Southampton,eng Premier League,L 0-2,0,2,-2,46,0,0,0,0,428,2015,1064,15,11,2,14,10,453,34,Match Report
651,Newcastle Utd,2020-10-25,Wolves,eng Premier League,D 1-1,1,1,0,37,1,0,0,0,291,1589,849,11,11,1,12,7,348,25,Match Report
652,Arsenal,2020-10-25,Leicester City,eng Premier League,L 0-1,0,1,-1,56,0,0,0,0,496,2695,1621,12,7,1,17,5,520,49,Match Report
653,Wolves,2020-10-25,Newcastle Utd,eng Premier League,D 1-1,1,1,0,63,1,0,0,0,609,2939,1531,30,15,5,9,10,663,59,Match Report
654,Southampton,2020-10-25,Everton,eng Premier League,W 2-0,2,0,+2,54,2,0,0,0,385,1932,1054,24,18,5,14,7,562,41,Match Report
655,Chelsea,2020-10-24,Manchester Utd,eng Premier League,D 0-0,0,0,0,49,0,0,0,0,328,1686,827,18,10,5,13,3,497,31,Match Report
656,Liverpool,2020-10-24,Sheffield Utd,eng Premier League,W 2-1,2,1,+1,62,2,0,0,0,572,2670,1417,23,22,11,18,15,606,51,Match Report
657,Fulham,2020-10-24,Crystal Palace,eng Premier League,L 1-2,1,2,-1,64,1,0,0,0,577,2971,1644,25,26,8,17,14,605,64,Match Report
658,Manchester City,2020-10-24,West Ham,eng Premier League,D 1-1,1,1,0,69,1,0,0,0,686,3464,2036,37,33,7,14,7,694,72,Match Report
659,Sheffield Utd,2020-10-24,Liverpool,eng Premier League,L 1-2,1,2,-1,38,0,1,1,0,226,1461,688,15,12,5,18,6,322,38,Match Report
660,Manchester Utd,2020-10-24,Chelsea,eng Premier League,D 0-0,0,0,0,51,0,0,0,0,379,2158,1148,24,17,4,13,9,513,35,Match Report
661,Crystal Palace,2020-10-24,Fulham,eng Premier League,W 2-1,2,1,+1,36,2,0,0,0,281,1646,814,15,8,7,14,15,318,18,Match Report
662,West Ham,2020-10-24,Manchester City,eng Premier League,D 1-1,1,1,0,31,1,0,0,0,181,1296,503,15,9,4,13,4,234,25,Match Report
663,Aston Villa,2020-10-23,Leeds United,eng Premier League,L 0-3,0,3,-3,41,0,0,0,0,231,1480,824,19,10,8,11,11,235,24,Match Report
664,Leeds United,2020-10-23,Aston Villa,eng Premier League,W 3-0,3,0,+3,59,3,0,0,0,402,2018,1196,28,17,9,16,8,399,67,Match Report
665,Wolves,2020-10-19,Leeds United,eng Premier League,W 1-0,1,0,+1,34,1,0,0,0,155,1130,603,16,10,4,20,8,203,25,Match Report
666,Burnley,2020-10-19,West Brom,eng Premier League,D 0-0,0,0,0,43,0,0,0,0,186,1212,528,11,13,2,11,11,269,19,Match Report
667,Leeds United,2020-10-19,Wolves,eng Premier League,L 0-1,0,1,-1,66,0,0,0,0,377,2320,1373,28,9,2,6,6,490,68,Match Report
668,West Brom,2020-10-19,Burnley,eng Premier League,D 0-0,0,0,0,57,0,0,0,0,282,1511,715,12,7,3,15,8,393,30,Match Report
669,Fulham,2020-10-18,Sheffield Utd,eng Premier League,D 1-1,1,1,0,58,1,0,1,1,500,2424,1294,24,15,4,11,7,502,33,Match Report
670,West Ham,2020-10-18,Tottenham,eng Premier League,D 3-3,3,3,0,50,2,0,0,0,313,1946,1011,17,15,5,15,18,402,50,Match Report
671,Brighton,2020-10-18,Crystal Palace,eng Premier League,D 1-1,1,1,0,66,1,0,0,0,389,2361,1349,21,17,6,18,15,488,56,Match Report
672,Tottenham,2020-10-18,West Ham,eng Premier League,D 3-3,3,3,0,50,3,0,0,0,395,1804,1035,20,11,5,17,6,431,28,Match Report
673,Leicester City,2020-10-18,Aston Villa,eng Premier League,L 0-1,0,1,-1,50,0,0,0,0,305,1463,847,18,10,5,13,5,332,40,Match Report
674,Aston Villa,2020-10-18,Leicester City,eng Premier League,W 1-0,1,0,+1,50,1,0,0,0,269,1544,843,18,12,4,15,12,322,31,Match Report
675,Crystal Palace,2020-10-18,Brighton,eng Premier League,D 1-1,1,1,0,34,0,1,1,0,196,1023,524,8,11,1,15,11,206,20,Match Report
676,Sheffield Utd,2020-10-18,Fulham,eng Premier League,D 1-1,1,1,0,42,0,1,1,0,223,1343,721,18,12,6,11,6,332,26,Match Report
677,Manchester City,2020-10-17,Arsenal,eng Premier League,W 1-0,1,0,+1,58,1,0,0,0,550,2261,1104,21,23,7,11,5,601,32,Match Report
678,Newcastle Utd,2020-10-17,Manchester Utd,eng Premier League,L 1-4,1,4,-3,37,0,0,0,0,228,1079,507,7,4,1,15,11,280,23,Match Report
679,Chelsea,2020-10-17,Southampton,eng Premier League,D 3-3,3,3,0,53,3,0,0,0,461,1860,877,17,17,4,30,6,495,36,Match Report
680,Everton,2020-10-17,Liverpool,eng Premier League,D 2-2,2,2,0,42,2,0,0,0,232,1321,601,9,6,3,15,14,300,22,Match Report
681,Manchester Utd,2020-10-17,Newcastle Utd,eng Premier League,W 4-1,4,1,+3,63,4,0,1,1,574,2720,1441,34,22,14,10,8,562,59,Match Report
682,Southampton,2020-10-17,Chelsea,eng Premier League,D 3-3,3,3,0,47,3,0,0,0,296,1732,838,12,10,4,17,7,403,38,Match Report
683,Liverpool,2020-10-17,Everton,eng Premier League,D 2-2,2,2,0,58,2,0,0,0,412,2031,1131,22,19,6,23,5,457,57,Match Report
684,Arsenal,2020-10-17,Manchester City,eng Premier League,L 0-1,0,1,-1,42,0,0,0,0,346,1924,947,17,11,5,14,6,410,22,Match Report
685,Sheffield Utd,2020-10-04,Arsenal,eng Premier League,L 1-2,1,2,-1,36,1,0,0,0,234,1418,679,14,14,1,11,5,311,30,Match Report
686,Tottenham,2020-10-04,Manchester Utd,eng Premier League,W 6-1,6,1,+5,61,5,1,1,0,462,2094,1026,16,12,3,13,11,621,44,Match Report
687,Arsenal,2020-10-04,Sheffield Utd,eng Premier League,W 2-1,2,1,+1,64,2,0,0,0,523,3066,1610,25,18,4,15,5,644,49,Match Report
688,West Brom,2020-10-04,Southampton,eng Premier League,L 0-2,0,2,-2,38,0,0,0,0,179,758,340,6,8,2,26,14,240,21,Match Report
689,Manchester Utd,2020-10-04,Tottenham,eng Premier League,L 1-6,1,6,-5,39,0,1,1,0,359,1885,1039,18,17,1,15,16,368,24,Match Report
690,Southampton,2020-10-04,West Brom,eng Premier League,W 2-0,2,0,+2,62,2,0,0,0,414,2138,1177,17,19,4,16,12,433,31,Match Report
691,Leicester City,2020-10-04,West Ham,eng Premier League,L 0-3,0,3,-3,69,0,0,0,0,513,2467,1344,20,12,8,13,8,600,49,Match Report
692,Aston Villa,2020-10-04,Liverpool,eng Premier League,W 7-2,7,2,+5,31,7,0,0,0,184,1292,652,20,11,10,16,10,206,28,Match Report
693,Liverpool,2020-10-04,Aston Villa,eng Premier League,L 2-7,2,7,-5,69,2,0,0,0,563,2573,1465,27,12,9,23,9,588,59,Match Report
694,Fulham,2020-10-04,Wolves,eng Premier League,L 0-1,0,1,-1,52,0,0,0,0,344,2068,1040,22,11,2,17,7,486,36,Match Report
695,West Ham,2020-10-04,Leicester City,eng Premier League,W 3-0,3,0,+3,31,3,0,0,0,222,1299,646,17,8,6,14,3,222,20,Match Report
696,Wolves,2020-10-04,Fulham,eng Premier League,W 1-0,1,0,+1,48,1,0,0,0,409,1748,974,11,13,4,9,6,439,27,Match Report
697,Chelsea,2020-10-03,Crystal Palace,eng Premier League,W 4-0,4,0,+4,70,2,2,2,0,449,2263,1184,15,12,0,18,4,658,51,Match Report
698,Manchester City,2020-10-03,Leeds United,eng Premier League,D 1-1,1,1,0,49,1,0,0,0,342,2399,1497,39,20,15,18,15,348,48,Match Report
699,Newcastle Utd,2020-10-03,Burnley,eng Premier League,W 3-1,3,1,+2,48,2,1,1,0,337,1795,967,22,21,4,19,9,333,27,Match Report
700,Burnley,2020-10-03,Newcastle Utd,eng Premier League,L 1-3,1,3,-2,52,1,0,0,0,256,1429,719,15,9,2,17,2,364,32,Match Report
701,Crystal Palace,2020-10-03,Chelsea,eng Premier League,L 0-4,0,4,-4,30,0,0,0,0,246,1046,501,5,7,1,16,11,232,26,Match Report
702,Everton,2020-10-03,Brighton,eng Premier League,W 4-2,4,2,+2,43,4,0,0,0,402,1853,928,13,9,1,18,14,422,27,Match Report
703,Brighton,2020-10-03,Everton,eng Premier League,L 2-4,2,4,-2,57,2,0,0,0,432,2530,1246,18,21,5,10,14,541,49,Match Report
704,Leeds United,2020-10-03,Manchester City,eng Premier League,D 1-1,1,1,0,51,1,0,0,0,305,1783,987,20,12,4,18,5,379,23,Match Report
705,Liverpool,2020-09-28,Arsenal,eng Premier League,W 3-1,3,1,+2,66,3,0,0,0,646,2478,1048,22,15,8,17,7,707,44,Match Report
706,Arsenal,2020-09-28,Liverpool,eng Premier League,L 1-3,1,3,-2,34,1,0,0,0,240,1245,679,13,8,4,12,7,309,13,Match Report
707,Fulham,2020-09-28,Aston Villa,eng Premier League,L 0-3,0,3,-3,64,0,0,0,0,357,2029,1090,25,16,7,18,9,492,59,Match Report
708,Aston Villa,2020-09-28,Fulham,eng Premier League,W 3-0,3,0,+3,36,3,0,0,0,176,1072,593,14,8,7,13,7,235,25,Match Report
709,Leeds United,2020-09-27,Sheffield Utd,eng Premier League,W 1-0,1,0,+1,64,1,0,0,0,444,2479,1477,25,14,4,18,16,509,47,Match Report
710,Newcastle Utd,2020-09-27,Tottenham,eng Premier League,D 1-1,1,1,0,34,0,1,1,0,247,994,428,2,7,0,12,7,263,13,Match Report
711,Sheffield Utd,2020-09-27,Leeds United,eng Premier League,L 0-1,0,1,-1,36,0,0,0,0,251,1748,986,25,22,4,19,10,256,28,Match Report
712,Wolves,2020-09-27,West Ham,eng Premier League,L 0-4,0,4,-4,63,0,0,0,0,481,2613,1349,27,19,2,17,13,574,44,Match Report
713,West Ham,2020-09-27,Wolves,eng Premier League,W 4-0,4,0,+4,37,3,0,0,0,306,1407,711,13,9,3,12,12,301,26,Match Report
714,Manchester City,2020-09-27,Leicester City,eng Premier League,L 2-5,2,5,-3,72,2,0,0,0,510,3112,1904,26,34,4,14,14,641,68,Match Report
715,Tottenham,2020-09-27,Newcastle Utd,eng Premier League,D 1-1,1,1,0,66,1,0,0,0,410,1919,1118,17,19,5,17,11,587,44,Match Report
716,Leicester City,2020-09-27,Manchester City,eng Premier League,W 5-2,5,2,+3,28,2,3,3,0,202,1237,520,8,7,2,16,11,209,16,Match Report
717,Brighton,2020-09-26,Manchester Utd,eng Premier League,L 2-3,2,3,-1,53,1,1,1,0,449,2123,922,16,11,3,12,9,435,49,Match Report
718,Burnley,2020-09-26,Southampton,eng Premier League,L 0-1,0,1,-1,53,0,0,0,0,313,1516,581,13,19,0,9,11,416,26,Match Report
719,Everton,2020-09-26,Crystal Palace,eng Premier League,W 2-1,2,1,+1,58,1,1,1,0,343,1872,812,12,11,2,16,16,457,26,Match Report
720,Chelsea,2020-09-26,West Brom,eng Premier League,D 3-3,3,3,0,75,3,0,0,0,647,3486,2194,40,31,9,21,2,733,64,Match Report
721,Southampton,2020-09-26,Burnley,eng Premier League,W 1-0,1,0,+1,47,1,0,0,0,332,1367,589,12,11,1,19,10,365,23,Match Report
722,West Brom,2020-09-26,Chelsea,eng Premier League,D 3-3,3,3,0,25,3,0,0,0,139,823,457,15,5,4,19,7,182,21,Match Report
723,Manchester Utd,2020-09-26,Brighton,eng Premier League,W 3-2,3,2,+1,47,1,1,1,0,378,1886,1018,17,17,5,15,4,382,30,Match Report
724,Crystal Palace,2020-09-26,Everton,eng Premier League,L 1-2,1,2,-1,42,1,0,0,0,292,1566,646,11,16,2,24,12,299,38,Match Report
725,Aston Villa,2020-09-21,Sheffield Utd,eng Premier League,W 1-0,1,0,+1,71,1,0,0,0,485,2526,1543,37,22,9,12,6,516,70,Match Report
726,Sheffield Utd,2020-09-21,Aston Villa,eng Premier League,L 0-1,0,1,-1,29,0,0,1,1,116,856,550,12,7,3,13,3,140,14,Match Report
727,Manchester City,2020-09-21,Wolves,eng Premier League,W 3-1,3,1,+2,65,2,1,1,0,419,2154,1122,24,22,8,11,16,622,44,Match Report
728,Wolves,2020-09-21,Manchester City,eng Premier League,L 1-3,1,3,-2,35,1,0,0,0,285,1410,717,17,12,4,14,12,288,24,Match Report
729,Tottenham,2020-09-20,Southampton,eng Premier League,W 5-2,5,2,+3,49,5,0,0,0,227,1193,596,12,6,2,9,2,326,27,Match Report
730,Southampton,2020-09-20,Tottenham,eng Premier League,L 2-5,2,5,-3,51,1,1,1,0,242,1516,905,20,12,5,15,5,359,43,Match Report
731,Chelsea,2020-09-20,Liverpool,eng Premier League,L 0-2,0,2,-2,39,0,0,1,1,320,1537,738,13,5,5,16,4,426,19,Match Report
732,Leicester City,2020-09-20,Burnley,eng Premier League,W 4-2,4,2,+2,67,3,0,0,0,353,2018,1098,26,14,7,13,4,540,59,Match Report
733,Burnley,2020-09-20,Leicester City,eng Premier League,L 2-4,2,4,-2,33,2,0,0,0,191,965,393,8,9,3,8,8,220,20,Match Report
734,Brighton,2020-09-20,Newcastle Utd,eng Premier League,W 3-0,3,0,+3,53,2,1,1,0,285,1501,744,12,11,1,11,5,374,29,Match Report
735,Liverpool,2020-09-20,Chelsea,eng Premier League,W 2-0,2,0,+2,61,2,0,0,0,666,2888,1375,17,25,3,10,11,708,73,Match Report
736,Newcastle Utd,2020-09-20,Brighton,eng Premier League,L 0-3,0,3,-3,47,0,0,0,0,245,1114,510,5,8,3,16,6,314,28,Match Report
737,West Ham,2020-09-19,Arsenal,eng Premier League,L 1-2,1,2,-1,38,1,0,0,0,318,1527,810,19,14,2,12,2,339,25,Match Report
738,Crystal Palace,2020-09-19,Manchester Utd,eng Premier League,W 3-1,3,1,+2,25,2,1,1,0,165,1121,625,15,11,7,14,8,141,15,Match Report
739,Manchester Utd,2020-09-19,Crystal Palace,eng Premier League,L 1-3,1,3,-2,75,1,0,0,0,466,2568,1356,27,18,5,16,16,631,82,Match Report
740,Fulham,2020-09-19,Leeds United,eng Premier League,L 3-4,3,4,-1,49,2,1,1,0,394,2304,1231,20,16,3,29,13,375,34,Match Report
741,Everton,2020-09-19,West Brom,eng Premier League,W 5-2,5,2,+3,71,5,0,0,0,653,3542,1708,27,19,6,14,10,748,47,Match Report
742,Arsenal,2020-09-19,West Ham,eng Premier League,W 2-1,2,1,+1,62,2,0,0,0,464,2705,1521,17,14,4,16,6,591,50,Match Report
743,West Brom,2020-09-19,Everton,eng Premier League,L 2-5,2,5,-3,29,2,0,0,0,196,1128,520,15,7,6,19,14,266,27,Match Report
744,Leeds United,2020-09-19,Fulham,eng Premier League,W 4-3,4,3,+1,51,3,1,1,0,339,1650,700,14,7,3,25,13,368,32,Match Report
745,Wolves,2020-09-14,Sheffield Utd,eng Premier League,W 2-0,2,0,+2,45,2,0,0,0,255,1527,817,20,10,0,13,8,332,15,Match Report
746,Sheffield Utd,2020-09-14,Wolves,eng Premier League,L 0-2,0,2,-2,55,0,0,0,0,296,1368,681,6,16,2,11,7,400,56,Match Report
747,Brighton,2020-09-14,Chelsea,eng Premier League,L 1-3,1,3,-2,52,1,0,0,0,364,1979,937,16,21,4,9,8,440,36,Match Report
748,Chelsea,2020-09-14,Brighton,eng Premier League,W 3-1,3,1,+2,48,2,1,1,0,306,1661,796,15,7,3,14,10,413,30,Match Report
749,Everton,2020-09-13,Tottenham,eng Premier League,W 1-0,1,0,+1,48,1,0,0,0,423,2023,949,16,15,6,12,7,467,36,Match Report
750,Leicester City,2020-09-13,West Brom,eng Premier League,W 3-0,3,0,+3,64,1,2,2,0,473,2451,1249,20,19,4,12,4,544,42,Match Report
751,West Brom,2020-09-13,Leicester City,eng Premier League,L 0-3,0,3,-3,36,0,0,0,0,230,1224,513,7,7,2,15,8,270,22,Match Report
752,Tottenham,2020-09-13,Everton,eng Premier League,L 0-1,0,1,-1,52,0,0,0,0,386,1858,1063,17,17,3,15,16,509,45,Match Report
753,Fulham,2020-09-12,Arsenal,eng Premier League,L 0-3,0,3,-3,46,0,0,0,0,402,1762,758,10,13,1,18,6,483,27,Match Report
754,Crystal Palace,2020-09-12,Southampton,eng Premier League,W 1-0,1,0,+1,31,1,0,0,0,150,863,420,12,5,4,24,23,148,24,Match Report
755,Southampton,2020-09-12,Crystal Palace,eng Premier League,L 0-1,0,1,-1,69,0,0,0,0,476,2175,1241,15,11,4,19,10,492,50,Match Report
756,Liverpool,2020-09-12,Leeds United,eng Premier League,W 4-3,4,3,+1,49,2,2,2,0,358,2346,1096,25,16,7,18,21,358,55,Match Report
757,Newcastle Utd,2020-09-12,West Ham,eng Premier League,W 2-0,2,0,+2,42,2,0,0,0,308,1640,861,18,12,7,13,8,279,36,Match Report
758,Leeds United,2020-09-12,Liverpool,eng Premier League,L 3-4,3,4,-1,51,3,0,0,0,299,1547,852,12,7,2,21,9,380,25,Match Report
759,West Ham,2020-09-12,Newcastle Utd,eng Premier League,L 0-2,0,2,-2,58,0,0,0,0,345,2385,1258,21,18,3,6,8,412,46,Match Report
760,Arsenal,2020-09-12,Fulham,eng Premier League,W 3-0,3,0,+3,54,3,0,0,0,501,2496,1345,24,15,4,8,8,589,47,Match Report
