Rk,Team,Date,Opp,Result,GF,GA,GD,Poss,G-PK,PK,PKatt,PKm,SCA,PassLive,PassDead,TO,Sh,Fld,Def,Match Report
1,Aston Villa,2022-05-22,Manchester City,L 2-3,2,3,-1,29,2,0,0,0,6,5,1,0,0,0,0,Match Report
2,Everton,2022-05-22,Arsenal,L 1-5,1,5,-4,27,1,0,0,0,12,10,1,1,0,0,0,Match Report
3,Arsenal,2022-05-22,Everton,W 5-1,5,1,+4,73,4,1,1,0,43,32,4,3,4,0,0,Match Report
4,West Ham,2022-05-22,Brighton,L 1-3,1,3,-2,50,1,0,0,0,11,10,0,0,0,1,0,Match Report
5,Watford,2022-05-22,Chelsea,L 1-2,1,2,-1,29,1,0,0,0,15,10,0,2,0,2,1,Match Report
6,Crystal Palace,2022-05-22,Manchester Utd,W 1-0,1,0,+1,39,1,0,0,0,10,7,2,0,0,1,0,Match Report
7,Leeds United,2022-05-22,Brentford,W 2-1,2,1,+1,51,1,1,1,0,23,16,1,1,1,3,1,Match Report
8,Burnley,2022-05-22,Newcastle Utd,L 1-2,1,2,-1,52,1,0,0,0,20,13,3,2,1,1,0,Match Report
9,Southampton,2022-05-22,Leicester City,L 1-4,1,4,-3,49,0,1,1,0,12,9,0,1,0,2,0,Match Report
10,Tottenham,2022-05-22,Norwich City,W 5-0,5,0,+5,59,5,0,0,0,32,25,0,5,1,1,0,Match Report
11,Newcastle Utd,2022-05-22,Burnley,W 2-1,2,1,+1,48,1,1,1,0,10,6,1,0,1,0,2,Match Report
12,Liverpool,2022-05-22,Wolves,W 3-1,3,1,+2,63,3,0,0,0,52,40,2,6,4,0,0,Match Report
13,Manchester City,2022-05-22,Aston Villa,W 3-2,3,2,+1,71,3,0,0,0,46,31,5,4,0,3,3,Match Report
14,Wolves,2022-05-22,Liverpool,L 1-3,1,3,-2,37,1,0,0,0,13,12,1,0,0,0,0,Match Report
15,Chelsea,2022-05-22,Watford,W 2-1,2,1,+1,71,2,0,0,0,30,27,0,0,3,0,0,Match Report
16,Brighton,2022-05-22,West Ham,W 3-1,3,1,+2,50,3,0,0,0,34,28,3,2,0,1,0,Match Report
17,Leicester City,2022-05-22,Southampton,W 4-1,4,1,+3,51,4,0,0,0,18,15,0,2,1,0,0,Match Report
18,Brentford,2022-05-22,Leeds United,L 1-2,1,2,-1,49,1,0,0,0,24,9,7,3,1,3,1,Match Report
19,Manchester Utd,2022-05-22,Crystal Palace,L 0-1,0,1,-1,61,0,0,0,0,14,8,2,1,1,1,1,Match Report
20,Norwich City,2022-05-22,Tottenham,L 0-5,0,5,-5,41,0,0,0,0,16,10,2,0,1,1,2,Match Report
21,Crystal Palace,2022-05-19,Everton,L 2-3,2,3,-1,57,2,0,0,0,10,4,2,1,1,1,1,Match Report
22,Leicester City,2022-05-19,Chelsea,D 1-1,1,1,0,33,1,0,0,0,4,4,0,0,0,0,0,Match Report
23,Chelsea,2022-05-19,Leicester City,D 1-1,1,1,0,67,1,0,0,0,35,26,2,2,2,2,1,Match Report
24,Aston Villa,2022-05-19,Burnley,D 1-1,1,1,0,71,1,0,0,0,43,38,4,0,0,1,0,Match Report
25,Burnley,2022-05-19,Aston Villa,D 1-1,1,1,0,29,0,1,1,0,18,8,5,0,3,2,0,Match Report
26,Everton,2022-05-19,Crystal Palace,W 3-2,3,2,+1,43,3,0,0,0,21,16,2,0,0,2,1,Match Report
27,Southampton,2022-05-17,Liverpool,L 1-2,1,2,-1,30,1,0,0,0,7,5,0,0,0,1,1,Match Report
28,Liverpool,2022-05-17,Southampton,W 2-1,2,1,+1,70,2,0,0,0,40,36,2,0,2,0,0,Match Report
29,Newcastle Utd,2022-05-16,Arsenal,W 2-0,2,0,+2,51,1,0,0,0,27,18,4,2,3,0,0,Match Report
30,Arsenal,2022-05-16,Newcastle Utd,L 0-2,0,2,-2,49,0,0,0,0,17,12,2,1,2,0,0,Match Report
31,West Ham,2022-05-15,Manchester City,D 2-2,2,2,0,22,2,0,0,0,8,7,0,1,0,0,0,Match Report
32,Brentford,2022-05-15,Everton,W 3-2,3,2,+1,72,2,0,0,0,31,23,2,2,1,2,1,Match Report
33,Leeds United,2022-05-15,Brighton,D 1-1,1,1,0,50,1,0,0,0,34,28,2,1,0,2,1,Match Report
34,Everton,2022-05-15,Brentford,L 2-3,2,3,-1,28,1,1,1,0,16,7,3,1,2,3,0,Match Report
35,Watford,2022-05-15,Leicester City,L 1-5,1,5,-4,41,1,0,0,0,23,11,5,0,3,2,2,Match Report
36,Wolves,2022-05-15,Norwich City,D 1-1,1,1,0,64,1,0,0,0,29,21,2,1,0,3,2,Match Report
37,Tottenham,2022-05-15,Burnley,W 1-0,1,0,+1,68,0,1,1,0,39,34,2,1,2,0,0,Match Report
38,Norwich City,2022-05-15,Wolves,D 1-1,1,1,0,36,1,0,0,0,20,10,4,3,0,1,2,Match Report
39,Crystal Palace,2022-05-15,Aston Villa,D 1-1,1,1,0,51,1,0,0,0,28,17,5,2,2,0,2,Match Report
40,Leicester City,2022-05-15,Watford,W 5-1,5,1,+4,59,5,0,0,0,22,20,1,0,0,0,1,Match Report
41,Manchester City,2022-05-15,West Ham,D 2-2,2,2,0,78,1,0,1,1,54,41,0,4,6,3,0,Match Report
42,Brighton,2022-05-15,Leeds United,D 1-1,1,1,0,50,1,0,0,0,25,19,2,2,1,1,0,Match Report
43,Aston Villa,2022-05-15,Crystal Palace,D 1-1,1,1,0,49,1,0,0,0,19,15,1,0,3,0,0,Match Report
44,Burnley,2022-05-15,Tottenham,L 0-1,0,1,-1,32,0,0,0,0,16,9,4,0,0,3,0,Match Report
45,Tottenham,2022-05-12,Arsenal,W 3-0,3,0,+3,57,2,1,1,0,28,17,2,2,4,2,1,Match Report
46,Arsenal,2022-05-12,Tottenham,L 0-3,0,3,-3,43,0,0,0,0,18,16,0,1,0,0,1,Match Report
47,Wolves,2022-05-11,Manchester City,L 1-5,1,5,-4,34,1,0,0,0,12,10,1,1,0,0,0,Match Report
48,Watford,2022-05-11,Everton,D 0-0,0,0,0,48,0,0,0,0,11,3,2,0,1,5,0,Match Report
49,Leeds United,2022-05-11,Chelsea,L 0-3,0,3,-3,33,0,0,0,0,9,5,2,0,1,1,0,Match Report
50,Leicester City,2022-05-11,Norwich City,W 3-0,3,0,+3,65,3,0,0,0,35,28,0,3,2,0,2,Match Report
51,Norwich City,2022-05-11,Leicester City,L 0-3,0,3,-3,35,0,0,0,0,14,10,1,1,2,0,0,Match Report
52,Manchester City,2022-05-11,Wolves,W 5-1,5,1,+4,66,5,0,0,0,24,22,1,0,1,0,0,Match Report
53,Everton,2022-05-11,Watford,D 0-0,0,0,0,52,0,0,0,0,24,17,3,2,1,0,1,Match Report
54,Chelsea,2022-05-11,Leeds United,W 3-0,3,0,+3,67,3,0,0,0,31,27,0,2,0,1,1,Match Report
55,Liverpool,2022-05-10,Aston Villa,W 2-1,2,1,+1,60,2,0,0,0,27,17,3,1,2,4,0,Match Report
56,Aston Villa,2022-05-10,Liverpool,L 1-2,1,2,-1,40,1,0,0,0,17,12,1,3,1,0,0,Match Report
57,Newcastle Utd,2022-05-08,Manchester City,L 0-5,0,5,-5,29,0,0,0,0,14,11,2,1,0,0,0,Match Report
58,Leicester City,2022-05-08,Everton,L 1-2,1,2,-1,66,1,0,0,0,28,25,0,1,2,0,0,Match Report
59,Leeds United,2022-05-08,Arsenal,L 1-2,1,2,-1,36,1,0,0,0,6,4,2,0,0,0,0,Match Report
60,Manchester City,2022-05-08,Newcastle Utd,W 5-0,5,0,+5,71,5,0,0,0,37,28,3,2,3,1,0,Match Report
61,Everton,2022-05-08,Leicester City,W 2-1,2,1,+1,34,2,0,0,0,17,11,1,2,2,1,0,Match Report
62,West Ham,2022-05-08,Norwich City,W 4-0,4,0,+4,63,3,1,1,0,23,19,1,0,2,1,0,Match Report
63,Norwich City,2022-05-08,West Ham,L 0-4,0,4,-4,37,0,0,0,0,14,10,0,2,0,2,0,Match Report
64,Arsenal,2022-05-08,Leeds United,W 2-1,2,1,+1,64,2,0,0,0,34,19,5,5,1,4,0,Match Report
65,Manchester Utd,2022-05-07,Brighton,L 0-4,0,4,-4,58,0,0,0,0,28,19,4,2,2,1,0,Match Report
66,Wolves,2022-05-07,Chelsea,D 2-2,2,2,0,41,2,0,0,0,21,11,2,1,2,2,3,Match Report
67,Southampton,2022-05-07,Brentford,L 0-3,0,3,-3,59,0,0,0,0,36,27,3,0,3,2,1,Match Report
68,Brighton,2022-05-07,Manchester Utd,W 4-0,4,0,+4,42,4,0,0,0,27,19,1,1,3,2,1,Match Report
69,Aston Villa,2022-05-07,Burnley,W 3-1,3,1,+2,51,3,0,0,0,22,17,1,2,1,1,0,Match Report
70,Chelsea,2022-05-07,Wolves,D 2-2,2,2,0,59,1,1,1,0,29,19,2,0,4,3,1,Match Report
71,Crystal Palace,2022-05-07,Watford,W 1-0,1,0,+1,67,0,1,1,0,25,19,1,2,1,2,0,Match Report
72,Burnley,2022-05-07,Aston Villa,L 1-3,1,3,-2,49,1,0,0,0,25,14,6,2,0,2,1,Match Report
73,Tottenham,2022-05-07,Liverpool,D 1-1,1,1,0,36,1,0,0,0,15,13,1,0,0,0,1,Match Report
74,Brentford,2022-05-07,Southampton,W 3-0,3,0,+3,41,3,0,0,0,32,19,4,4,3,2,0,Match Report
75,Watford,2022-05-07,Crystal Palace,L 0-1,0,1,-1,33,0,0,0,0,8,2,3,1,1,1,0,Match Report
76,Liverpool,2022-05-07,Tottenham,D 1-1,1,1,0,64,1,0,0,0,41,28,6,2,3,2,0,Match Report
77,Manchester Utd,2022-05-02,Brentford,W 3-0,3,0,+3,63,2,1,1,0,18,15,1,0,0,2,0,Match Report
78,Brentford,2022-05-02,Manchester Utd,L 0-3,0,3,-3,37,0,0,0,0,20,17,1,0,0,2,0,Match Report
79,West Ham,2022-05-01,Arsenal,L 1-2,1,2,-1,57,1,0,0,0,15,13,2,0,0,0,0,Match Report
80,Chelsea,2022-05-01,Everton,L 0-1,0,1,-1,77,0,0,0,0,30,19,4,2,4,1,0,Match Report
81,Everton,2022-05-01,Chelsea,W 1-0,1,0,+1,23,1,0,0,0,15,11,2,1,0,1,0,Match Report
82,Tottenham,2022-05-01,Leicester City,W 3-1,3,1,+2,40,3,0,0,0,24,18,3,0,1,1,1,Match Report
83,Arsenal,2022-05-01,West Ham,W 2-1,2,1,+1,43,2,0,0,0,22,17,2,1,1,0,1,Match Report
84,Leicester City,2022-05-01,Tottenham,L 1-3,1,3,-2,60,1,0,0,0,11,8,0,3,0,0,0,Match Report
85,Leeds United,2022-04-30,Manchester City,L 0-4,0,4,-4,42,0,0,0,0,11,8,0,1,2,0,0,Match Report
86,Wolves,2022-04-30,Brighton,L 0-3,0,3,-3,49,0,0,0,0,18,14,0,1,2,1,0,Match Report
87,Liverpool,2022-04-30,Newcastle Utd,W 1-0,1,0,+1,64,1,0,0,0,40,25,3,3,5,3,1,Match Report
88,Watford,2022-04-30,Burnley,L 1-2,1,2,-1,47,0,0,0,0,23,15,2,1,2,3,0,Match Report
89,Aston Villa,2022-04-30,Norwich City,W 2-0,2,0,+2,45,2,0,0,0,36,27,2,2,4,0,1,Match Report
90,Brighton,2022-04-30,Wolves,W 3-0,3,0,+3,51,2,1,2,1,30,23,3,3,0,1,0,Match Report
91,Norwich City,2022-04-30,Aston Villa,L 0-2,0,2,-2,55,0,0,0,0,17,11,2,1,1,2,0,Match Report
92,Newcastle Utd,2022-04-30,Liverpool,L 0-1,0,1,-1,36,0,0,0,0,4,2,1,0,0,1,0,Match Report
93,Burnley,2022-04-30,Watford,W 2-1,2,1,+1,53,2,0,0,0,23,15,3,0,3,2,0,Match Report
94,Manchester City,2022-04-30,Leeds United,W 4-0,4,0,+4,58,4,0,0,0,35,23,4,5,1,2,0,Match Report
95,Southampton,2022-04-30,Crystal Palace,L 1-2,1,2,-1,38,1,0,0,0,15,11,3,0,0,1,0,Match Report
96,Crystal Palace,2022-04-30,Southampton,W 2-1,2,1,+1,62,2,0,0,0,23,16,3,1,3,0,0,Match Report
97,Chelsea,2022-04-28,Manchester Utd,D 1-1,1,1,0,64,1,0,0,0,38,30,2,0,5,1,0,Match Report
98,Manchester Utd,2022-04-28,Chelsea,D 1-1,1,1,0,36,1,0,0,0,12,9,1,0,0,1,1,Match Report
99,Crystal Palace,2022-04-25,Leeds United,D 0-0,0,0,0,53,0,0,0,0,32,21,2,2,3,2,2,Match Report
100,Leeds United,2022-04-25,Crystal Palace,D 0-0,0,0,0,47,0,0,0,0,17,13,2,1,1,0,0,Match Report
101,Liverpool,2022-04-24,Everton,W 2-0,2,0,+2,82,2,0,0,0,33,26,1,1,5,0,0,Match Report
102,Southampton,2022-04-24,Brighton,D 2-2,2,2,0,52,2,0,0,0,35,28,2,0,2,2,1,Match Report
103,West Ham,2022-04-24,Chelsea,L 0-1,0,1,-1,34,0,0,0,0,9,6,1,1,1,0,0,Match Report
104,Wolves,2022-04-24,Burnley,L 0-1,0,1,-1,64,0,0,0,0,18,12,1,4,0,0,1,Match Report
105,Burnley,2022-04-24,Wolves,W 1-0,1,0,+1,36,1,0,0,0,26,21,1,1,3,0,0,Match Report
106,Everton,2022-04-24,Liverpool,L 0-2,0,2,-2,18,0,0,0,0,13,7,1,2,0,2,1,Match Report
107,Chelsea,2022-04-24,West Ham,W 1-0,1,0,+1,66,1,0,1,1,49,43,0,2,2,1,1,Match Report
108,Brighton,2022-04-24,Southampton,D 2-2,2,2,0,48,1,0,0,0,15,10,3,1,1,0,0,Match Report
109,Watford,2022-04-23,Manchester City,L 1-5,1,5,-4,27,1,0,0,0,9,5,2,1,0,1,0,Match Report
110,Manchester Utd,2022-04-23,Arsenal,L 1-3,1,3,-2,46,1,0,1,1,24,19,2,0,3,0,0,Match Report
111,Tottenham,2022-04-23,Brentford,D 0-0,0,0,0,56,0,0,0,0,16,12,1,0,2,0,1,Match Report
112,Norwich City,2022-04-23,Newcastle Utd,L 0-3,0,3,-3,46,0,0,0,0,10,7,0,2,0,1,0,Match Report
113,Arsenal,2022-04-23,Manchester Utd,W 3-1,3,1,+2,54,2,1,1,0,24,15,1,1,4,3,0,Match Report
114,Aston Villa,2022-04-23,Leicester City,D 0-0,0,0,0,36,0,0,0,0,21,14,2,2,1,0,2,Match Report
115,Newcastle Utd,2022-04-23,Norwich City,W 3-0,3,0,+3,54,3,0,0,0,21,15,3,0,1,1,1,Match Report
116,Leicester City,2022-04-23,Aston Villa,D 0-0,0,0,0,64,0,0,0,0,9,6,0,0,0,2,1,Match Report
117,Manchester City,2022-04-23,Watford,W 5-1,5,1,+4,73,4,1,1,0,38,26,2,1,4,1,4,Match Report
118,Brentford,2022-04-23,Tottenham,D 0-0,0,0,0,44,0,0,0,0,26,13,6,0,5,2,0,Match Report
119,Southampton,2022-04-21,Burnley,L 0-2,0,2,-2,56,0,0,0,0,20,13,3,0,3,1,0,Match Report
120,Burnley,2022-04-21,Southampton,W 2-0,2,0,+2,44,2,0,0,0,26,17,4,1,4,0,0,Match Report
121,Brighton,2022-04-20,Manchester City,L 0-3,0,3,-3,35,0,0,0,0,4,2,1,0,0,1,0,Match Report
122,Leicester City,2022-04-20,Everton,D 1-1,1,1,0,63,1,0,0,0,20,16,1,1,2,0,0,Match Report
123,Chelsea,2022-04-20,Arsenal,L 2-4,2,4,-2,67,2,0,0,0,20,18,1,0,0,0,1,Match Report
124,Manchester City,2022-04-20,Brighton,W 3-0,3,0,+3,65,3,0,0,0,30,23,3,2,1,0,1,Match Report
125,Arsenal,2022-04-20,Chelsea,W 4-2,4,2,+2,33,3,1,1,0,21,15,0,4,1,1,0,Match Report
126,Crystal Palace,2022-04-20,Newcastle Utd,L 0-1,0,1,-1,63,0,0,0,0,17,14,3,0,0,0,0,Match Report
127,Everton,2022-04-20,Leicester City,D 1-1,1,1,0,37,1,0,0,0,24,16,6,1,0,1,0,Match Report
128,Newcastle Utd,2022-04-20,Crystal Palace,W 1-0,1,0,+1,37,1,0,0,0,22,10,3,3,3,3,0,Match Report
129,Liverpool,2022-04-19,Manchester Utd,W 4-0,4,0,+4,71,4,0,0,0,23,18,3,0,1,0,1,Match Report
130,Manchester Utd,2022-04-19,Liverpool,L 0-4,0,4,-4,29,0,0,0,0,4,4,0,0,0,0,0,Match Report
131,Leicester City,2022-04-17,Newcastle Utd,L 1-2,1,2,-1,68,1,0,0,0,15,9,3,2,1,0,0,Match Report
132,Newcastle Utd,2022-04-17,Leicester City,W 2-1,2,1,+1,32,2,0,0,0,26,18,2,2,2,2,0,Match Report
133,West Ham,2022-04-17,Burnley,D 1-1,1,1,0,61,1,0,0,0,40,30,2,3,2,2,1,Match Report
134,Burnley,2022-04-17,West Ham,D 1-1,1,1,0,39,1,0,1,1,15,8,3,0,2,2,0,Match Report
135,Southampton,2022-04-16,Arsenal,W 1-0,1,0,+1,25,1,0,0,0,11,6,2,0,1,2,0,Match Report
136,Tottenham,2022-04-16,Brighton,L 0-1,0,1,-1,49,0,0,0,0,8,6,1,0,1,0,0,Match Report
137,Norwich City,2022-04-16,Manchester Utd,L 2-3,2,3,-1,39,2,0,0,0,27,21,2,2,1,1,0,Match Report
138,Watford,2022-04-16,Brentford,L 1-2,1,2,-1,50,1,0,0,0,27,17,0,1,7,2,0,Match Report
139,Manchester Utd,2022-04-16,Norwich City,W 3-2,3,2,+1,61,3,0,0,0,40,31,3,3,1,1,1,Match Report
140,Brentford,2022-04-16,Watford,W 2-1,2,1,+1,50,2,0,0,0,26,15,6,0,3,2,0,Match Report
141,Arsenal,2022-04-16,Southampton,L 0-1,0,1,-1,75,0,0,0,0,43,34,3,4,1,1,0,Match Report
142,Brighton,2022-04-16,Tottenham,W 1-0,1,0,+1,51,1,0,0,0,23,16,4,0,2,1,0,Match Report
143,Liverpool,2022-04-10,Manchester City,D 2-2,2,2,0,45,2,0,0,0,11,11,0,0,0,0,0,Match Report
144,West Ham,2022-04-10,Brentford,L 0-2,0,2,-2,53,0,0,0,0,6,4,2,0,0,0,0,Match Report
145,Crystal Palace,2022-04-10,Leicester City,L 1-2,1,2,-1,49,1,0,1,1,21,15,2,2,1,1,0,Match Report
146,Burnley,2022-04-10,Norwich City,L 0-2,0,2,-2,55,0,0,0,0,29,23,0,1,3,1,1,Match Report
147,Norwich City,2022-04-10,Burnley,W 2-0,2,0,+2,45,2,0,0,0,31,19,4,2,2,3,1,Match Report
148,Manchester City,2022-04-10,Liverpool,D 2-2,2,2,0,55,2,0,0,0,20,14,1,3,0,2,0,Match Report
149,Brentford,2022-04-10,West Ham,W 2-0,2,0,+2,47,2,0,0,0,28,24,1,0,2,1,0,Match Report
150,Leicester City,2022-04-10,Crystal Palace,W 2-1,2,1,+1,51,2,0,0,0,21,17,1,0,1,2,0,Match Report
151,Brighton,2022-04-09,Arsenal,W 2-1,2,1,+1,36,2,0,0,0,15,12,1,1,0,0,1,Match Report
152,Manchester Utd,2022-04-09,Everton,L 0-1,0,1,-1,67,0,0,0,0,23,18,2,1,1,1,0,Match Report
153,Arsenal,2022-04-09,Brighton,L 1-2,1,2,-1,64,1,0,0,0,36,27,4,1,2,2,0,Match Report
154,Southampton,2022-04-09,Chelsea,L 0-6,0,6,-6,30,0,0,0,0,7,6,0,0,0,0,1,Match Report
155,Everton,2022-04-09,Manchester Utd,W 1-0,1,0,+1,33,1,0,0,0,7,4,2,0,1,0,0,Match Report
156,Tottenham,2022-04-09,Aston Villa,W 4-0,4,0,+4,48,4,0,0,0,17,14,0,0,3,0,0,Match Report
157,Leeds United,2022-04-09,Watford,W 3-0,3,0,+3,51,3,0,0,0,12,7,2,2,0,0,1,Match Report
158,Watford,2022-04-09,Leeds United,L 0-3,0,3,-3,49,0,0,0,0,14,7,1,3,0,2,1,Match Report
159,Chelsea,2022-04-09,Southampton,W 6-0,6,0,+6,70,6,0,0,0,41,31,1,3,4,1,1,Match Report
160,Aston Villa,2022-04-09,Tottenham,L 0-4,0,4,-4,52,0,0,0,0,34,24,4,1,3,2,0,Match Report
161,Wolves,2022-04-08,Newcastle Utd,L 0-1,0,1,-1,58,0,0,0,0,9,6,0,2,0,0,1,Match Report
162,Newcastle Utd,2022-04-08,Wolves,W 1-0,1,0,+1,42,0,1,1,0,20,14,1,1,1,3,0,Match Report
163,Burnley,2022-04-06,Everton,W 3-2,3,2,+1,52,3,0,0,0,20,11,3,4,1,1,0,Match Report
164,Everton,2022-04-06,Burnley,L 2-3,2,3,-1,48,0,2,2,0,25,18,2,1,2,2,0,Match Report
165,Crystal Palace,2022-04-04,Arsenal,W 3-0,3,0,+3,32,2,1,1,0,12,6,1,2,0,3,0,Match Report
166,Arsenal,2022-04-04,Crystal Palace,L 0-3,0,3,-3,68,0,0,0,0,20,18,1,0,0,0,1,Match Report
167,West Ham,2022-04-03,Everton,W 2-1,2,1,+1,55,2,0,0,0,19,15,0,1,1,2,0,Match Report
168,Tottenham,2022-04-03,Newcastle Utd,W 5-1,5,1,+4,60,5,0,0,0,38,34,1,1,1,1,0,Match Report
169,Everton,2022-04-03,West Ham,L 1-2,1,2,-1,45,1,0,0,0,24,21,1,0,0,1,1,Match Report
170,Newcastle Utd,2022-04-03,Tottenham,L 1-5,1,5,-4,40,1,0,0,0,14,9,2,2,0,1,0,Match Report
171,Burnley,2022-04-02,Manchester City,L 0-2,0,2,-2,24,0,0,0,0,5,3,1,0,0,0,1,Match Report
172,Norwich City,2022-04-02,Brighton,D 0-0,0,0,0,37,0,0,0,0,10,8,0,2,0,0,0,Match Report
173,Leicester City,2022-04-02,Manchester Utd,D 1-1,1,1,0,46,1,0,0,0,20,13,2,3,0,2,0,Match Report
174,Brentford,2022-04-02,Chelsea,W 4-1,4,1,+3,30,4,0,0,0,28,17,4,0,4,2,1,Match Report
175,Chelsea,2022-04-02,Brentford,L 1-4,1,4,-3,70,1,0,0,0,34,27,3,1,2,1,0,Match Report
176,Manchester Utd,2022-04-02,Leicester City,D 1-1,1,1,0,54,1,0,0,0,20,16,2,1,1,0,0,Match Report
177,Manchester City,2022-04-02,Burnley,W 2-0,2,0,+2,76,2,0,0,0,34,28,3,0,2,1,0,Match Report
178,Brighton,2022-04-02,Norwich City,D 0-0,0,0,0,63,0,0,1,1,54,38,4,4,6,2,0,Match Report
179,Aston Villa,2022-04-02,Wolves,L 1-2,1,2,-1,51,0,1,1,0,24,18,2,0,0,4,0,Match Report
180,Wolves,2022-04-02,Aston Villa,W 2-1,2,1,+1,49,1,0,0,0,14,7,1,1,3,1,1,Match Report
181,Watford,2022-04-02,Liverpool,L 0-2,0,2,-2,27,0,0,0,0,10,8,1,0,0,0,1,Match Report
182,Liverpool,2022-04-02,Watford,W 2-0,2,0,+2,73,1,1,1,0,33,22,4,0,3,3,1,Match Report
183,Southampton,2022-04-02,Leeds United,D 1-1,1,1,0,44,1,0,0,0,24,17,2,2,1,2,0,Match Report
184,Leeds United,2022-04-02,Southampton,D 1-1,1,1,0,56,1,0,0,0,17,14,1,1,1,0,0,Match Report
185,Leicester City,2022-03-20,Brentford,W 2-1,2,1,+1,52,2,0,0,0,23,17,2,1,0,3,0,Match Report
186,Brentford,2022-03-20,Leicester City,L 1-2,1,2,-1,48,1,0,0,0,25,18,2,0,5,0,0,Match Report
187,Tottenham,2022-03-20,West Ham,W 3-1,3,1,+2,53,2,0,0,0,32,28,0,1,2,1,0,Match Report
188,West Ham,2022-03-20,Tottenham,L 1-3,1,3,-2,47,1,0,0,0,10,8,0,1,1,0,0,Match Report
189,Aston Villa,2022-03-19,Arsenal,L 0-1,0,1,-1,47,0,0,0,0,15,11,1,1,0,2,0,Match Report
190,Arsenal,2022-03-19,Aston Villa,W 1-0,1,0,+1,53,1,0,0,0,20,18,1,0,0,0,1,Match Report
191,Wolves,2022-03-18,Leeds United,L 2-3,2,3,-1,48,2,0,0,0,26,18,3,3,0,2,0,Match Report
192,Leeds United,2022-03-18,Wolves,W 3-2,3,2,+1,52,3,0,0,0,23,14,0,2,5,1,1,Match Report
193,Everton,2022-03-17,Newcastle Utd,W 1-0,1,0,+1,39,1,0,0,0,17,9,3,1,2,2,0,Match Report
194,Newcastle Utd,2022-03-17,Everton,L 0-1,0,1,-1,61,0,0,0,0,31,22,3,3,2,1,0,Match Report
195,Arsenal,2022-03-16,Liverpool,L 0-2,0,2,-2,49,0,0,0,0,15,11,1,2,1,0,0,Match Report
196,Liverpool,2022-03-16,Arsenal,W 2-0,2,0,+2,51,2,0,0,0,15,11,2,0,2,0,0,Match Report
197,Brighton,2022-03-16,Tottenham,L 0-2,0,2,-2,48,0,0,0,0,26,16,3,1,4,1,1,Match Report
198,Tottenham,2022-03-16,Brighton,W 2-0,2,0,+2,52,2,0,0,0,26,20,0,2,3,1,0,Match Report
199,Crystal Palace,2022-03-14,Manchester City,D 0-0,0,0,0,27,0,0,0,0,9,8,0,1,0,0,0,Match Report
200,Manchester City,2022-03-14,Crystal Palace,D 0-0,0,0,0,73,0,0,0,0,35,29,2,0,3,1,0,Match Report
201,Leicester City,2022-03-13,Arsenal,L 0-2,0,2,-2,54,0,0,0,0,11,8,1,0,0,1,1,Match Report
202,Leeds United,2022-03-13,Norwich City,W 2-1,2,1,+1,52,2,0,0,0,18,11,2,3,1,1,0,Match Report
203,Southampton,2022-03-13,Watford,L 1-2,1,2,-1,63,1,0,0,0,23,11,6,0,2,4,0,Match Report
204,Watford,2022-03-13,Southampton,W 2-1,2,1,+1,37,2,0,0,0,14,13,0,1,0,0,0,Match Report
205,Norwich City,2022-03-13,Leeds United,L 1-2,1,2,-1,48,1,0,0,0,17,11,0,4,1,1,0,Match Report
206,Aston Villa,2022-03-13,West Ham,L 1-2,1,2,-1,53,1,0,0,0,21,13,3,2,3,0,0,Match Report
207,West Ham,2022-03-13,Aston Villa,W 2-1,2,1,+1,47,2,0,0,0,20,14,2,3,1,0,0,Match Report
208,Everton,2022-03-13,Wolves,L 0-1,0,1,-1,39,0,0,0,0,12,9,1,0,1,1,0,Match Report
209,Arsenal,2022-03-13,Leicester City,W 2-0,2,0,+2,46,1,1,1,0,37,27,2,1,3,2,2,Match Report
210,Chelsea,2022-03-13,Newcastle Utd,W 1-0,1,0,+1,71,1,0,0,0,15,11,2,0,0,1,1,Match Report
211,Newcastle Utd,2022-03-13,Chelsea,L 0-1,0,1,-1,29,0,0,0,0,11,3,4,1,1,2,0,Match Report
212,Wolves,2022-03-13,Everton,W 1-0,1,0,+1,61,1,0,0,0,28,22,2,2,0,1,1,Match Report
213,Tottenham,2022-03-12,Manchester Utd,L 2-3,2,3,-1,57,0,1,1,0,17,12,1,0,2,1,1,Match Report
214,Manchester Utd,2022-03-12,Tottenham,W 3-2,3,2,+1,43,3,0,0,0,20,18,1,0,0,1,0,Match Report
215,Brighton,2022-03-12,Liverpool,L 0-2,0,2,-2,52,0,0,0,0,16,15,0,1,0,0,0,Match Report
216,Brentford,2022-03-12,Burnley,W 2-0,2,0,+2,55,1,1,1,0,23,18,1,0,2,1,1,Match Report
217,Burnley,2022-03-12,Brentford,L 0-2,0,2,-2,45,0,0,0,0,10,8,1,0,0,1,0,Match Report
218,Liverpool,2022-03-12,Brighton,W 2-0,2,0,+2,48,1,1,1,0,31,19,3,4,3,1,1,Match Report
219,Chelsea,2022-03-10,Norwich City,W 3-1,3,1,+2,66,3,0,0,0,29,22,3,2,1,1,0,Match Report
220,Wolves,2022-03-10,Watford,W 4-0,4,0,+4,66,3,0,0,0,17,15,0,1,0,0,1,Match Report
221,Newcastle Utd,2022-03-10,Southampton,W 2-1,2,1,+1,33,2,0,0,0,15,10,2,1,1,1,0,Match Report
222,Aston Villa,2022-03-10,Leeds United,W 3-0,3,0,+3,49,3,0,0,0,28,21,2,2,1,2,0,Match Report
223,Leeds United,2022-03-10,Aston Villa,L 0-3,0,3,-3,51,0,0,0,0,8,7,0,1,0,0,0,Match Report
224,Watford,2022-03-10,Wolves,L 0-4,0,4,-4,34,0,0,0,0,15,10,0,1,1,2,1,Match Report
225,Southampton,2022-03-10,Newcastle Utd,L 1-2,1,2,-1,67,1,0,0,0,24,17,3,2,2,0,0,Match Report
226,Norwich City,2022-03-10,Chelsea,L 1-3,1,3,-2,34,0,1,1,0,13,10,1,1,0,1,0,Match Report
227,Everton,2022-03-07,Tottenham,L 0-5,0,5,-5,45,0,0,0,0,12,10,0,1,0,1,0,Match Report
228,Tottenham,2022-03-07,Everton,W 5-0,5,0,+5,55,4,0,0,0,26,23,1,0,1,1,0,Match Report
229,Watford,2022-03-06,Arsenal,L 2-3,2,3,-1,44,2,0,0,0,26,18,0,4,0,3,1,Match Report
230,Manchester City,2022-03-06,Manchester Utd,W 4-1,4,1,+3,69,4,0,0,0,40,26,4,4,4,2,0,Match Report
231,Arsenal,2022-03-06,Watford,W 3-2,3,2,+1,56,3,0,0,0,31,30,0,1,0,0,0,Match Report
232,Manchester Utd,2022-03-06,Manchester City,L 1-4,1,4,-3,31,1,0,0,0,9,8,0,1,0,0,0,Match Report
233,Brentford,2022-03-05,Norwich City,W 3-1,3,1,+2,40,1,2,2,0,18,8,5,2,0,3,0,Match Report
234,Aston Villa,2022-03-05,Southampton,W 4-0,4,0,+4,38,4,0,0,0,26,20,2,3,0,1,0,Match Report
235,Wolves,2022-03-05,Crystal Palace,L 0-2,0,2,-2,63,0,0,0,0,19,15,2,0,1,1,0,Match Report
236,Leicester City,2022-03-05,Leeds United,W 1-0,1,0,+1,51,1,0,0,0,12,9,1,2,0,0,0,Match Report
237,Liverpool,2022-03-05,West Ham,W 1-0,1,0,+1,68,1,0,0,0,38,31,3,0,3,1,0,Match Report
238,West Ham,2022-03-05,Liverpool,L 0-1,0,1,-1,32,0,0,0,0,23,16,1,2,4,0,0,Match Report
239,Southampton,2022-03-05,Aston Villa,L 0-4,0,4,-4,62,0,0,0,0,19,16,1,1,0,1,0,Match Report
240,Crystal Palace,2022-03-05,Wolves,W 2-0,2,0,+2,37,1,1,1,0,20,13,1,3,1,1,1,Match Report
241,Chelsea,2022-03-05,Burnley,W 4-0,4,0,+4,72,4,0,0,0,22,20,0,0,1,0,1,Match Report
242,Leeds United,2022-03-05,Leicester City,L 0-1,0,1,-1,49,0,0,0,0,32,25,3,0,4,0,0,Match Report
243,Brighton,2022-03-05,Newcastle Utd,L 1-2,1,2,-1,68,1,0,0,0,25,9,6,3,4,3,0,Match Report
244,Norwich City,2022-03-05,Brentford,L 1-3,1,3,-2,60,1,0,0,0,25,20,4,0,1,0,0,Match Report
245,Burnley,2022-03-05,Chelsea,L 0-4,0,4,-4,28,0,0,0,0,10,5,1,1,1,2,0,Match Report
246,Newcastle Utd,2022-03-05,Brighton,W 2-1,2,1,+1,32,2,0,0,0,17,11,3,0,1,2,0,Match Report
247,Leicester City,2022-03-01,Burnley,W 2-0,2,0,+2,55,2,0,0,0,37,24,3,1,7,1,1,Match Report
248,Burnley,2022-03-01,Leicester City,L 0-2,0,2,-2,45,0,0,0,0,13,8,2,0,1,1,1,Match Report
249,Wolves,2022-02-27,West Ham,L 0-1,0,1,-1,61,0,0,0,0,24,23,0,1,0,0,0,Match Report
250,West Ham,2022-02-27,Wolves,W 1-0,1,0,+1,39,1,0,0,0,23,16,2,2,2,1,0,Match Report
251,Watford,2022-02-26,Manchester Utd,D 0-0,0,0,0,33,0,0,0,0,15,11,1,1,1,0,1,Match Report
252,Manchester Utd,2022-02-26,Watford,D 0-0,0,0,0,67,0,0,0,0,41,34,2,2,0,2,1,Match Report
253,Leeds United,2022-02-26,Tottenham,L 0-4,0,4,-4,50,0,0,0,0,33,22,4,1,2,4,0,Match Report
254,Burnley,2022-02-26,Crystal Palace,D 1-1,1,1,0,41,0,0,0,0,6,2,2,0,1,1,0,Match Report
255,Tottenham,2022-02-26,Leeds United,W 4-0,4,0,+4,50,4,0,0,0,29,21,4,1,2,1,0,Match Report
256,Brighton,2022-02-26,Aston Villa,L 0-2,0,2,-2,66,0,0,0,0,21,17,1,1,1,0,1,Match Report
257,Crystal Palace,2022-02-26,Burnley,D 1-1,1,1,0,59,1,0,0,0,20,14,1,2,0,2,1,Match Report
258,Brentford,2022-02-26,Newcastle Utd,L 0-2,0,2,-2,37,0,0,0,0,9,4,2,0,1,1,1,Match Report
259,Newcastle Utd,2022-02-26,Brentford,W 2-0,2,0,+2,63,2,0,0,0,47,37,3,1,3,3,0,Match Report
260,Aston Villa,2022-02-26,Brighton,W 2-0,2,0,+2,34,2,0,0,0,16,8,4,1,0,3,0,Match Report
261,Manchester City,2022-02-26,Everton,W 1-0,1,0,+1,67,1,0,0,0,25,21,1,1,2,0,0,Match Report
262,Everton,2022-02-26,Manchester City,L 0-1,0,1,-1,33,0,0,0,0,11,9,0,0,0,1,1,Match Report
263,Southampton,2022-02-25,Norwich City,W 2-0,2,0,+2,58,2,0,0,0,40,25,4,4,4,2,1,Match Report
264,Norwich City,2022-02-25,Southampton,L 0-2,0,2,-2,42,0,0,0,0,15,11,2,0,1,1,0,Match Report
265,Wolves,2022-02-24,Arsenal,L 1-2,1,2,-1,44,1,0,0,0,9,6,0,2,1,0,0,Match Report
266,Arsenal,2022-02-24,Wolves,W 2-1,2,1,+1,56,1,0,0,0,46,39,1,3,2,1,0,Match Report
267,Crystal Palace,2022-02-23,Watford,W 4-1,4,1,+3,54,4,0,0,0,14,13,0,1,0,0,0,Match Report
268,Burnley,2022-02-23,Tottenham,W 1-0,1,0,+1,34,1,0,0,0,26,13,4,3,2,4,0,Match Report
269,Watford,2022-02-23,Crystal Palace,L 1-4,1,4,-3,46,1,0,0,0,16,11,3,0,2,0,0,Match Report
270,Liverpool,2022-02-23,Leeds United,W 6-0,6,0,+6,63,4,2,2,0,40,31,2,3,1,2,1,Match Report
271,Leeds United,2022-02-23,Liverpool,L 0-6,0,6,-6,37,0,0,0,0,5,3,0,2,0,0,0,Match Report
272,Tottenham,2022-02-23,Burnley,L 0-1,0,1,-1,66,0,0,0,0,22,16,1,2,2,1,0,Match Report
273,Leeds United,2022-02-20,Manchester Utd,L 2-4,2,4,-2,54,2,0,0,0,30,25,0,3,0,1,1,Match Report
274,Manchester Utd,2022-02-20,Leeds United,W 4-2,4,2,+2,46,4,0,0,0,29,20,1,5,2,0,1,Match Report
275,Leicester City,2022-02-20,Wolves,L 1-2,1,2,-1,63,1,0,0,0,34,24,2,5,0,3,0,Match Report
276,Wolves,2022-02-20,Leicester City,W 2-1,2,1,+1,37,2,0,0,0,19,10,5,0,1,2,1,Match Report
277,Brentford,2022-02-19,Arsenal,L 1-2,1,2,-1,34,1,0,0,0,9,3,0,3,1,2,0,Match Report
278,Liverpool,2022-02-19,Norwich City,W 3-1,3,1,+2,69,3,0,0,0,50,41,0,5,3,0,1,Match Report
279,Aston Villa,2022-02-19,Watford,L 0-1,0,1,-1,59,0,0,0,0,39,36,0,2,0,1,0,Match Report
280,Everton,2022-02-19,Southampton,L 0-2,0,2,-2,45,0,0,0,0,11,8,0,1,1,0,1,Match Report
281,Manchester City,2022-02-19,Tottenham,L 2-3,2,3,-1,71,1,1,1,0,40,31,2,5,2,0,0,Match Report
282,Chelsea,2022-02-19,Crystal Palace,W 1-0,1,0,+1,58,1,0,0,0,17,15,0,0,1,1,0,Match Report
283,Newcastle Utd,2022-02-19,West Ham,D 1-1,1,1,0,53,1,0,0,0,24,18,2,1,2,1,0,Match Report
284,Norwich City,2022-02-19,Liverpool,L 1-3,1,3,-2,31,1,0,0,0,9,6,0,1,0,1,1,Match Report
285,Watford,2022-02-19,Aston Villa,W 1-0,1,0,+1,41,1,0,0,0,16,14,0,1,0,0,1,Match Report
286,Brighton,2022-02-19,Burnley,L 0-3,0,3,-3,68,0,0,0,0,20,14,3,0,1,2,0,Match Report
287,West Ham,2022-02-19,Newcastle Utd,D 1-1,1,1,0,47,1,0,0,0,17,14,1,0,1,1,0,Match Report
288,Arsenal,2022-02-19,Brentford,W 2-1,2,1,+1,66,2,0,0,0,36,27,3,1,5,0,0,Match Report
289,Crystal Palace,2022-02-19,Chelsea,L 0-1,0,1,-1,42,0,0,0,0,12,8,1,2,0,1,0,Match Report
290,Burnley,2022-02-19,Brighton,W 3-0,3,0,+3,32,3,0,0,0,17,12,3,0,0,1,1,Match Report
291,Southampton,2022-02-19,Everton,W 2-0,2,0,+2,55,2,0,0,0,32,27,2,1,0,2,0,Match Report
292,Tottenham,2022-02-19,Manchester City,W 3-2,3,2,+1,29,3,0,0,0,12,12,0,0,0,0,0,Match Report
293,Brighton,2022-02-15,Manchester Utd,L 0-2,0,2,-2,50,0,0,0,0,17,15,0,0,1,0,1,Match Report
294,Manchester Utd,2022-02-15,Brighton,W 2-0,2,0,+2,50,2,0,0,0,32,22,2,2,1,2,3,Match Report
295,Wolves,2022-02-13,Tottenham,W 2-0,2,0,+2,42,2,0,0,0,16,12,0,1,3,0,0,Match Report
296,Leicester City,2022-02-13,West Ham,D 2-2,2,2,0,55,1,1,1,0,23,21,1,0,0,1,0,Match Report
297,Burnley,2022-02-13,Liverpool,L 0-1,0,1,-1,34,0,0,0,0,14,11,1,1,0,1,0,Match Report
298,Newcastle Utd,2022-02-13,Aston Villa,W 1-0,1,0,+1,38,1,0,0,0,14,6,1,4,1,1,1,Match Report
299,Tottenham,2022-02-13,Wolves,L 0-2,0,2,-2,58,0,0,0,0,29,20,3,1,2,3,0,Match Report
300,Liverpool,2022-02-13,Burnley,W 1-0,1,0,+1,66,1,0,0,0,19,10,3,1,4,1,0,Match Report
301,West Ham,2022-02-13,Leicester City,D 2-2,2,2,0,45,2,0,0,0,14,11,1,1,1,0,0,Match Report
302,Aston Villa,2022-02-13,Newcastle Utd,L 0-1,0,1,-1,62,0,0,0,0,20,16,2,0,1,1,0,Match Report
303,Southampton,2022-02-12,Manchester Utd,D 1-1,1,1,0,47,1,0,0,0,24,19,0,1,0,0,4,Match Report
304,Manchester City,2022-02-12,Norwich City,W 4-0,4,0,+4,71,4,0,1,1,38,27,3,1,6,1,0,Match Report
305,Brighton,2022-02-12,Watford,W 2-0,2,0,+2,64,2,0,0,0,18,11,3,0,3,1,0,Match Report
306,Manchester Utd,2022-02-12,Southampton,D 1-1,1,1,0,53,1,0,0,0,17,9,3,1,1,2,1,Match Report
307,Brentford,2022-02-12,Crystal Palace,D 0-0,0,0,0,42,0,0,0,0,18,16,1,0,0,0,1,Match Report
308,Everton,2022-02-12,Leeds United,W 3-0,3,0,+3,42,3,0,0,0,35,26,2,3,3,0,1,Match Report
309,Crystal Palace,2022-02-12,Brentford,D 0-0,0,0,0,58,0,0,0,0,10,9,0,0,0,1,0,Match Report
310,Watford,2022-02-12,Brighton,L 0-2,0,2,-2,36,0,0,0,0,15,10,0,3,0,2,0,Match Report
311,Leeds United,2022-02-12,Everton,L 0-3,0,3,-3,58,0,0,0,0,14,12,0,2,0,0,0,Match Report
312,Norwich City,2022-02-12,Manchester City,L 0-4,0,4,-4,29,0,0,0,0,12,7,3,1,0,1,0,Match Report
313,Wolves,2022-02-10,Arsenal,L 0-1,0,1,-1,58,0,0,0,0,30,25,2,0,1,2,0,Match Report
314,Leicester City,2022-02-10,Liverpool,L 0-2,0,2,-2,36,0,0,0,0,8,3,2,1,1,1,0,Match Report
315,Arsenal,2022-02-10,Wolves,W 1-0,1,0,+1,42,1,0,0,0,19,16,1,0,2,0,0,Match Report
316,Liverpool,2022-02-10,Leicester City,W 2-0,2,0,+2,64,2,0,0,0,38,23,4,5,4,2,0,Match Report
317,Crystal Palace,2022-02-09,Norwich City,D 1-1,1,1,0,70,1,0,1,1,19,15,1,0,1,2,0,Match Report
318,Tottenham,2022-02-09,Southampton,L 2-3,2,3,-1,48,1,0,0,0,16,14,1,0,0,1,0,Match Report
319,Southampton,2022-02-09,Tottenham,W 3-2,3,2,+1,52,3,0,0,0,36,21,4,2,7,1,1,Match Report
320,Norwich City,2022-02-09,Crystal Palace,D 1-1,1,1,0,30,1,0,0,0,9,5,2,1,1,0,0,Match Report
321,Aston Villa,2022-02-09,Leeds United,D 3-3,3,3,0,40,3,0,0,0,21,14,5,1,1,0,0,Match Report
322,Leeds United,2022-02-09,Aston Villa,D 3-3,3,3,0,60,3,0,0,0,29,19,4,2,2,1,1,Match Report
323,Manchester City,2022-02-09,Brentford,W 2-0,2,0,+2,74,1,1,1,0,25,15,3,3,3,1,0,Match Report
324,Brentford,2022-02-09,Manchester City,L 0-2,0,2,-2,26,0,0,0,0,9,7,1,0,1,0,0,Match Report
325,Burnley,2022-02-08,Manchester Utd,D 1-1,1,1,0,37,1,0,0,0,15,8,2,1,2,2,0,Match Report
326,West Ham,2022-02-08,Watford,W 1-0,1,0,+1,64,1,0,0,0,16,13,1,0,2,0,0,Match Report
327,Watford,2022-02-08,West Ham,L 0-1,0,1,-1,36,0,0,0,0,9,8,0,1,0,0,0,Match Report
328,Manchester Utd,2022-02-08,Burnley,D 1-1,1,1,0,63,1,0,0,0,38,27,2,3,4,0,2,Match Report
329,Everton,2022-02-08,Newcastle Utd,L 1-3,1,3,-2,60,0,0,0,0,20,13,2,1,2,2,0,Match Report
330,Newcastle Utd,2022-02-08,Everton,W 3-1,3,1,+2,40,2,0,0,0,32,11,5,8,6,2,0,Match Report
331,Burnley,2022-02-05,Watford,D 0-0,0,0,0,53,0,0,0,0,19,14,0,2,1,1,1,Match Report
332,Watford,2022-02-05,Burnley,D 0-0,0,0,0,47,0,0,0,0,18,14,1,1,2,0,0,Match Report
333,Burnley,2022-01-23,Arsenal,D 0-0,0,0,0,25,0,0,0,0,17,11,3,1,1,1,0,Match Report
334,Chelsea,2022-01-23,Tottenham,W 2-0,2,0,+2,64,2,0,0,0,29,22,4,1,1,1,0,Match Report
335,Liverpool,2022-01-23,Crystal Palace,W 3-1,3,1,+2,57,2,1,1,0,24,19,1,1,1,1,1,Match Report
336,Crystal Palace,2022-01-23,Liverpool,L 1-3,1,3,-2,43,1,0,0,0,12,11,0,0,0,0,1,Match Report
337,Arsenal,2022-01-23,Burnley,D 0-0,0,0,0,75,0,0,0,0,36,27,2,3,2,2,0,Match Report
338,Brighton,2022-01-23,Leicester City,D 1-1,1,1,0,56,1,0,0,0,27,23,1,2,1,0,0,Match Report
339,Tottenham,2022-01-23,Chelsea,L 0-2,0,2,-2,36,0,0,0,0,12,8,2,2,0,0,0,Match Report
340,Leicester City,2022-01-23,Brighton,D 1-1,1,1,0,44,1,0,0,0,21,14,0,0,6,1,0,Match Report
341,West Ham,2022-01-22,Manchester Utd,L 0-1,0,1,-1,43,0,0,0,0,10,6,1,1,0,1,1,Match Report
342,Manchester City,2022-01-22,Southampton,D 1-1,1,1,0,74,1,0,0,0,39,34,2,1,1,1,0,Match Report
343,Newcastle Utd,2022-01-22,Leeds United,W 1-0,1,0,+1,38,1,0,0,0,24,16,1,2,3,1,1,Match Report
344,Manchester Utd,2022-01-22,West Ham,W 1-0,1,0,+1,57,1,0,0,0,32,28,1,1,1,1,0,Match Report
345,Everton,2022-01-22,Aston Villa,L 0-1,0,1,-1,50,0,0,0,0,24,13,5,0,4,2,0,Match Report
346,Brentford,2022-01-22,Wolves,L 1-2,1,2,-1,50,1,0,0,0,19,10,6,0,1,2,0,Match Report
347,Leeds United,2022-01-22,Newcastle Utd,L 0-1,0,1,-1,62,0,0,0,0,20,15,0,2,3,0,0,Match Report
348,Wolves,2022-01-22,Brentford,W 2-1,2,1,+1,50,2,0,0,0,14,14,0,0,0,0,0,Match Report
349,Aston Villa,2022-01-22,Everton,W 1-0,1,0,+1,50,1,0,0,0,15,8,1,2,1,3,0,Match Report
350,Southampton,2022-01-22,Manchester City,D 1-1,1,1,0,26,1,0,0,0,10,5,2,0,2,1,0,Match Report
351,Watford,2022-01-21,Norwich City,L 0-3,0,3,-3,67,0,0,0,0,25,17,3,3,1,1,0,Match Report
352,Norwich City,2022-01-21,Watford,W 3-0,3,0,+3,33,2,0,0,0,11,6,2,0,1,1,1,Match Report
353,Brentford,2022-01-19,Manchester Utd,L 1-3,1,3,-2,44,1,0,0,0,29,17,4,2,4,1,1,Match Report
354,Leicester City,2022-01-19,Tottenham,L 2-3,2,3,-1,49,2,0,0,0,20,12,1,3,2,1,1,Match Report
355,Tottenham,2022-01-19,Leicester City,W 3-2,3,2,+1,51,3,0,0,0,45,27,3,9,5,1,0,Match Report
356,Manchester Utd,2022-01-19,Brentford,W 3-1,3,1,+2,56,3,0,0,0,23,17,1,4,0,1,0,Match Report
357,Brighton,2022-01-18,Chelsea,D 1-1,1,1,0,44,1,0,0,0,19,15,1,0,3,0,0,Match Report
358,Chelsea,2022-01-18,Brighton,D 1-1,1,1,0,56,1,0,0,0,26,23,0,1,1,1,0,Match Report
359,West Ham,2022-01-16,Leeds United,L 2-3,2,3,-1,48,2,0,0,0,28,18,7,1,0,1,1,Match Report
360,Leeds United,2022-01-16,West Ham,W 3-2,3,2,+1,52,3,0,0,0,34,24,2,1,3,3,1,Match Report
361,Brentford,2022-01-16,Liverpool,L 0-3,0,3,-3,32,0,0,0,0,10,7,1,1,0,1,0,Match Report
362,Liverpool,2022-01-16,Brentford,W 3-0,3,0,+3,68,3,0,0,0,43,32,3,2,1,2,3,Match Report
363,Aston Villa,2022-01-15,Manchester Utd,D 2-2,2,2,0,54,2,0,0,0,23,17,3,1,1,1,0,Match Report
364,Everton,2022-01-15,Norwich City,L 1-2,1,2,-1,59,1,0,0,0,24,17,3,2,0,2,0,Match Report
365,Newcastle Utd,2022-01-15,Watford,D 1-1,1,1,0,52,1,0,0,0,21,12,4,2,1,2,0,Match Report
366,Wolves,2022-01-15,Southampton,W 3-1,3,1,+2,43,2,1,1,0,16,8,1,1,3,2,1,Match Report
367,Manchester Utd,2022-01-15,Aston Villa,D 2-2,2,2,0,46,2,0,0,0,18,12,1,1,1,2,1,Match Report
368,Southampton,2022-01-15,Wolves,L 1-3,1,3,-2,57,1,0,0,0,23,17,2,1,1,2,0,Match Report
369,Watford,2022-01-15,Newcastle Utd,D 1-1,1,1,0,48,1,0,0,0,31,25,1,2,1,2,0,Match Report
370,Manchester City,2022-01-15,Chelsea,W 1-0,1,0,+1,56,1,0,0,0,21,16,1,3,0,1,0,Match Report
371,Norwich City,2022-01-15,Everton,W 2-1,2,1,+1,41,1,0,0,0,26,18,4,0,0,3,1,Match Report
372,Chelsea,2022-01-15,Manchester City,L 0-1,0,1,-1,44,0,0,0,0,7,5,0,1,1,0,0,Match Report
373,Brighton,2022-01-14,Crystal Palace,D 1-1,1,1,0,63,0,0,1,1,34,22,6,2,2,2,0,Match Report
374,Crystal Palace,2022-01-14,Brighton,D 1-1,1,1,0,37,1,0,0,0,6,6,0,0,0,0,0,Match Report
375,West Ham,2022-01-12,Norwich City,W 2-0,2,0,+2,62,2,0,0,0,24,17,3,2,1,1,0,Match Report
376,Norwich City,2022-01-12,West Ham,L 0-2,0,2,-2,38,0,0,0,0,12,10,1,1,0,0,0,Match Report
377,Brentford,2022-01-11,Southampton,L 1-4,1,4,-3,52,1,0,0,0,8,7,0,0,1,0,0,Match Report
378,Southampton,2022-01-11,Brentford,W 4-1,4,1,+3,48,3,0,0,0,20,17,3,0,0,0,0,Match Report
379,Wolves,2022-01-03,Manchester Utd,W 1-0,1,0,+1,49,1,0,0,0,31,20,3,2,3,2,1,Match Report
380,Manchester Utd,2022-01-03,Wolves,L 0-1,0,1,-1,51,0,0,0,0,16,13,1,1,0,1,0,Match Report
381,Burnley,2022-01-02,Leeds United,L 1-3,1,3,-2,45,1,0,0,0,13,9,1,1,0,1,1,Match Report
382,Chelsea,2022-01-02,Liverpool,D 2-2,2,2,0,54,2,0,0,0,27,16,1,3,4,3,0,Match Report
383,Brentford,2022-01-02,Aston Villa,W 2-1,2,1,+1,45,2,0,0,0,14,9,3,0,1,0,1,Match Report
384,Leeds United,2022-01-02,Burnley,W 3-1,3,1,+2,55,3,0,0,0,36,29,1,1,4,0,1,Match Report
385,Aston Villa,2022-01-02,Brentford,L 1-2,1,2,-1,55,1,0,0,0,31,22,4,1,2,2,0,Match Report
386,Liverpool,2022-01-02,Chelsea,D 2-2,2,2,0,46,2,0,0,0,18,10,3,4,1,0,0,Match Report
387,Everton,2022-01-02,Brighton,L 2-3,2,3,-1,50,2,0,1,1,31,21,2,4,2,2,0,Match Report
388,Brighton,2022-01-02,Everton,W 3-2,3,2,+1,50,3,0,0,0,20,17,2,1,0,0,0,Match Report
389,Manchester City,2022-01-01,Arsenal,W 2-1,2,1,+1,71,1,1,1,0,29,24,2,0,1,2,0,Match Report
390,Tottenham,2022-01-01,Watford,W 1-0,1,0,+1,74,1,0,0,0,38,34,1,0,2,1,0,Match Report
391,Watford,2022-01-01,Tottenham,L 0-1,0,1,-1,26,0,0,0,0,11,5,1,1,1,2,1,Match Report
392,West Ham,2022-01-01,Crystal Palace,W 3-2,3,2,+1,38,2,1,1,0,17,13,1,2,1,0,0,Match Report
393,Crystal Palace,2022-01-01,West Ham,L 2-3,2,3,-1,62,2,0,0,0,40,37,0,0,1,2,0,Match Report
394,Arsenal,2022-01-01,Manchester City,L 1-2,1,2,-1,29,1,0,0,0,10,7,0,3,0,0,0,Match Report
395,Burnley,2021-12-30,Manchester Utd,L 1-3,1,3,-2,43,1,0,0,0,16,7,4,1,1,2,1,Match Report
396,Manchester Utd,2021-12-30,Burnley,W 3-1,3,1,+2,57,2,0,0,0,34,31,0,1,1,1,0,Match Report
397,Manchester City,2021-12-29,Brentford,W 1-0,1,0,+1,76,1,0,0,0,22,17,0,2,2,1,0,Match Report
398,Brighton,2021-12-29,Chelsea,D 1-1,1,1,0,53,1,0,0,0,33,24,1,4,1,2,1,Match Report
399,Chelsea,2021-12-29,Brighton,D 1-1,1,1,0,47,1,0,0,0,19,12,2,1,3,0,1,Match Report
400,Brentford,2021-12-29,Manchester City,L 0-1,0,1,-1,24,0,0,0,0,8,6,2,0,0,0,0,Match Report
401,Crystal Palace,2021-12-28,Norwich City,W 3-0,3,0,+3,51,2,1,1,0,32,16,5,2,4,4,1,Match Report
402,West Ham,2021-12-28,Watford,W 4-1,4,1,+3,57,3,1,1,0,21,15,2,1,2,1,0,Match Report
403,Tottenham,2021-12-28,Southampton,D 1-1,1,1,0,65,0,1,1,0,40,31,2,1,3,3,0,Match Report
404,Southampton,2021-12-28,Tottenham,D 1-1,1,1,0,35,1,0,0,0,12,8,1,2,0,0,1,Match Report
405,Norwich City,2021-12-28,Crystal Palace,L 0-3,0,3,-3,49,0,0,0,0,21,16,2,0,2,1,0,Match Report
406,Watford,2021-12-28,West Ham,L 1-4,1,4,-3,43,1,0,0,0,23,14,2,2,2,3,0,Match Report
407,Leicester City,2021-12-28,Liverpool,W 1-0,1,0,+1,37,1,0,0,0,12,12,0,0,0,0,0,Match Report
408,Liverpool,2021-12-28,Leicester City,L 0-1,0,1,-1,63,0,0,1,1,32,19,5,0,4,3,1,Match Report
409,Newcastle Utd,2021-12-27,Manchester Utd,D 1-1,1,1,0,32,1,0,0,0,24,19,0,4,1,0,0,Match Report
410,Manchester Utd,2021-12-27,Newcastle Utd,D 1-1,1,1,0,68,1,0,0,0,25,15,4,2,2,2,0,Match Report
411,Norwich City,2021-12-26,Arsenal,L 0-5,0,5,-5,36,0,0,0,0,8,5,1,1,0,1,0,Match Report
412,Arsenal,2021-12-26,Norwich City,W 5-0,5,0,+5,64,4,1,1,0,26,20,2,0,2,2,0,Match Report
413,West Ham,2021-12-26,Southampton,L 2-3,2,3,-1,56,2,0,0,0,19,17,1,1,0,0,0,Match Report
414,Crystal Palace,2021-12-26,Tottenham,L 0-3,0,3,-3,40,0,0,0,0,5,2,1,0,0,1,1,Match Report
415,Tottenham,2021-12-26,Crystal Palace,W 3-0,3,0,+3,60,3,0,0,0,32,26,2,1,2,0,1,Match Report
416,Southampton,2021-12-26,West Ham,W 3-2,3,2,+1,44,2,1,1,0,21,15,1,2,0,2,1,Match Report
417,Chelsea,2021-12-26,Aston Villa,W 3-1,3,1,+2,58,1,2,2,0,20,14,0,3,0,3,0,Match Report
418,Manchester City,2021-12-26,Leicester City,W 6-3,6,3,+3,72,4,2,2,0,27,15,4,1,3,4,0,Match Report
419,Brighton,2021-12-26,Brentford,W 2-0,2,0,+2,50,2,0,0,0,26,19,1,2,0,3,1,Match Report
420,Aston Villa,2021-12-26,Chelsea,L 1-3,1,3,-2,42,0,0,0,0,12,12,0,0,0,0,0,Match Report
421,Brentford,2021-12-26,Brighton,L 0-2,0,2,-2,50,0,0,0,0,26,18,4,3,1,0,0,Match Report
422,Leicester City,2021-12-26,Manchester City,L 3-6,3,6,-3,28,3,0,0,0,26,20,1,1,2,2,0,Match Report
423,Liverpool,2021-12-19,Tottenham,D 2-2,2,2,0,56,2,0,0,0,34,26,4,0,1,3,0,Match Report
424,Tottenham,2021-12-19,Liverpool,D 2-2,2,2,0,44,2,0,0,0,20,17,2,1,0,0,0,Match Report
425,Chelsea,2021-12-19,Wolves,D 0-0,0,0,0,63,0,0,0,0,16,12,2,1,0,1,0,Match Report
426,Manchester City,2021-12-19,Newcastle Utd,W 4-0,4,0,+4,71,4,0,0,0,35,24,4,4,2,1,0,Match Report
427,Wolves,2021-12-19,Chelsea,D 0-0,0,0,0,37,0,0,0,0,6,3,0,1,1,0,1,Match Report
428,Newcastle Utd,2021-12-19,Manchester City,L 0-4,0,4,-4,29,0,0,0,0,6,4,1,0,0,1,0,Match Report
429,Leeds United,2021-12-18,Arsenal,L 1-4,1,4,-3,51,0,1,1,0,16,12,1,1,0,1,1,Match Report
430,Arsenal,2021-12-18,Leeds United,W 4-1,4,1,+3,49,4,0,0,0,38,31,2,2,2,0,1,Match Report
431,Newcastle Utd,2021-12-16,Liverpool,L 1-3,1,3,-2,26,1,0,0,0,7,5,0,0,0,2,0,Match Report
432,Liverpool,2021-12-16,Newcastle Utd,W 3-1,3,1,+2,74,3,0,0,0,35,26,3,3,2,1,0,Match Report
433,Everton,2021-12-16,Chelsea,D 1-1,1,1,0,20,1,0,0,0,8,6,1,0,0,1,0,Match Report
434,Chelsea,2021-12-16,Everton,D 1-1,1,1,0,80,1,0,0,0,42,25,6,1,5,5,0,Match Report
435,West Ham,2021-12-15,Arsenal,L 0-2,0,2,-2,45,0,0,0,0,12,10,0,0,0,2,0,Match Report
436,Crystal Palace,2021-12-15,Southampton,D 2-2,2,2,0,59,2,0,0,0,15,11,0,0,2,1,1,Match Report
437,Southampton,2021-12-15,Crystal Palace,D 2-2,2,2,0,41,2,0,0,0,24,10,5,1,2,5,1,Match Report
438,Arsenal,2021-12-15,West Ham,W 2-0,2,0,+2,55,2,0,1,1,34,27,0,1,3,3,0,Match Report
439,Brighton,2021-12-15,Wolves,L 0-1,0,1,-1,59,0,0,0,0,22,13,3,0,2,4,0,Match Report
440,Wolves,2021-12-15,Brighton,W 1-0,1,0,+1,41,1,0,0,0,15,12,2,0,0,1,0,Match Report
441,Aston Villa,2021-12-14,Norwich City,W 2-0,2,0,+2,50,2,0,0,0,31,28,1,1,1,0,0,Match Report
442,Manchester City,2021-12-14,Leeds United,W 7-0,7,0,+7,63,7,0,0,0,51,41,1,3,3,3,0,Match Report
443,Norwich City,2021-12-14,Aston Villa,L 0-2,0,2,-2,50,0,0,0,0,11,5,3,0,0,3,0,Match Report
444,Leeds United,2021-12-14,Manchester City,L 0-7,0,7,-7,37,0,0,0,0,12,10,1,0,0,1,0,Match Report
445,Everton,2021-12-12,Crystal Palace,L 1-3,1,3,-2,39,1,0,0,0,20,15,0,3,1,1,0,Match Report
446,Burnley,2021-12-12,West Ham,D 0-0,0,0,0,40,0,0,0,0,15,11,2,0,1,1,0,Match Report
447,West Ham,2021-12-12,Burnley,D 0-0,0,0,0,60,0,0,0,0,29,22,3,1,2,1,0,Match Report
448,Newcastle Utd,2021-12-12,Leicester City,L 0-4,0,4,-4,53,0,0,0,0,22,16,0,4,0,1,1,Match Report
449,Leicester City,2021-12-12,Newcastle Utd,W 4-0,4,0,+4,47,3,1,1,0,15,11,0,0,0,3,1,Match Report
450,Crystal Palace,2021-12-12,Everton,W 3-1,3,1,+2,61,3,0,0,0,30,20,4,2,3,1,0,Match Report
451,Southampton,2021-12-11,Arsenal,L 0-3,0,3,-3,39,0,0,0,0,18,10,1,1,2,3,1,Match Report
452,Norwich City,2021-12-11,Manchester Utd,L 0-1,0,1,-1,48,0,0,0,0,21,12,4,2,1,2,0,Match Report
453,Manchester Utd,2021-12-11,Norwich City,W 1-0,1,0,+1,52,0,1,1,0,26,21,0,2,0,3,0,Match Report
454,Arsenal,2021-12-11,Southampton,W 3-0,3,0,+3,61,3,0,0,0,24,19,3,0,2,0,0,Match Report
455,Chelsea,2021-12-11,Leeds United,W 3-2,3,2,+1,57,1,2,2,0,27,17,2,2,2,4,0,Match Report
456,Aston Villa,2021-12-11,Liverpool,L 0-1,0,1,-1,38,0,0,0,0,8,6,1,0,0,1,0,Match Report
457,Liverpool,2021-12-11,Aston Villa,W 1-0,1,0,+1,62,0,1,1,0,33,25,2,1,3,2,0,Match Report
458,Manchester City,2021-12-11,Wolves,W 1-0,1,0,+1,71,0,1,1,0,44,39,3,0,2,0,0,Match Report
459,Leeds United,2021-12-11,Chelsea,L 2-3,2,3,-1,43,1,1,1,0,22,13,0,4,2,3,0,Match Report
460,Wolves,2021-12-11,Manchester City,L 0-1,0,1,-1,29,0,0,0,0,4,2,1,0,0,1,0,Match Report
461,Brentford,2021-12-10,Watford,W 2-1,2,1,+1,63,1,1,1,0,21,15,2,0,1,2,1,Match Report
462,Watford,2021-12-10,Brentford,L 1-2,1,2,-1,37,1,0,0,0,12,7,2,0,1,1,1,Match Report
463,Everton,2021-12-06,Arsenal,W 2-1,2,1,+1,37,2,0,0,0,17,11,2,1,2,0,1,Match Report
464,Arsenal,2021-12-06,Everton,L 1-2,1,2,-1,63,1,0,0,0,20,16,1,2,0,1,0,Match Report
465,Crystal Palace,2021-12-05,Manchester Utd,L 0-1,0,1,-1,39,0,0,0,0,14,8,4,0,0,2,0,Match Report
466,Tottenham,2021-12-05,Norwich City,W 3-0,3,0,+3,41,3,0,0,0,30,21,3,2,3,1,0,Match Report
467,Norwich City,2021-12-05,Tottenham,L 0-3,0,3,-3,59,0,0,0,0,16,11,2,1,2,0,0,Match Report
468,Manchester Utd,2021-12-05,Crystal Palace,W 1-0,1,0,+1,61,1,0,0,0,31,26,2,0,0,3,0,Match Report
469,Brentford,2021-12-05,Leeds United,D 2-2,2,2,0,37,2,0,0,0,16,13,0,2,0,1,0,Match Report
470,Leicester City,2021-12-05,Aston Villa,L 1-2,1,2,-1,59,1,0,0,0,18,15,1,1,0,0,1,Match Report
471,Aston Villa,2021-12-05,Leicester City,W 2-1,2,1,+1,41,2,0,0,0,25,17,3,1,2,1,1,Match Report
472,Leeds United,2021-12-05,Brentford,D 2-2,2,2,0,63,2,0,0,0,23,16,3,0,2,2,0,Match Report
473,Manchester City,2021-12-04,Watford,W 3-1,3,1,+2,77,3,0,0,0,48,38,4,2,4,0,0,Match Report
474,Brighton,2021-12-04,Southampton,D 1-1,1,1,0,56,1,0,0,0,22,13,3,0,5,1,0,Match Report
475,Chelsea,2021-12-04,West Ham,L 2-3,2,3,-1,63,2,0,0,0,35,28,3,1,2,1,0,Match Report
476,Wolves,2021-12-04,Liverpool,L 0-1,0,1,-1,34,0,0,0,0,5,1,0,3,0,0,1,Match Report
477,Liverpool,2021-12-04,Wolves,W 1-0,1,0,+1,66,1,0,0,0,30,24,1,0,5,0,0,Match Report
478,Newcastle Utd,2021-12-04,Burnley,W 1-0,1,0,+1,48,1,0,0,0,31,21,3,3,3,1,0,Match Report
479,Burnley,2021-12-04,Newcastle Utd,L 0-1,0,1,-1,52,0,0,0,0,18,13,1,1,0,2,1,Match Report
480,West Ham,2021-12-04,Chelsea,W 3-2,3,2,+1,37,2,1,1,0,15,12,2,0,0,1,0,Match Report
481,Southampton,2021-12-04,Brighton,D 1-1,1,1,0,44,1,0,0,0,26,18,0,5,2,1,0,Match Report
482,Watford,2021-12-04,Manchester City,L 1-3,1,3,-2,23,1,0,0,0,20,12,3,2,2,1,0,Match Report
483,Manchester Utd,2021-12-02,Arsenal,W 3-2,3,2,+1,44,2,1,1,0,27,23,1,2,0,1,0,Match Report
484,Arsenal,2021-12-02,Manchester Utd,L 2-3,2,3,-1,56,2,0,0,0,29,18,3,1,5,2,0,Match Report
485,Brentford,2021-12-02,Tottenham,L 0-2,0,2,-2,53,0,0,0,0,10,8,1,1,0,0,0,Match Report
486,Tottenham,2021-12-02,Brentford,W 2-0,2,0,+2,47,1,0,0,0,20,16,1,1,2,0,0,Match Report
487,Chelsea,2021-12-01,Watford,W 2-1,2,1,+1,49,2,0,0,0,11,9,0,0,1,1,0,Match Report
488,Leicester City,2021-12-01,Southampton,D 2-2,2,2,0,55,2,0,0,0,23,15,2,4,1,1,0,Match Report
489,Brighton,2021-12-01,West Ham,D 1-1,1,1,0,65,1,0,0,0,17,13,2,0,1,1,0,Match Report
490,Everton,2021-12-01,Liverpool,L 1-4,1,4,-3,33,1,0,0,0,12,9,0,2,0,1,0,Match Report
491,Manchester City,2021-12-01,Aston Villa,W 2-1,2,1,+1,64,2,0,0,0,30,23,2,4,0,1,0,Match Report
492,Burnley,2021-12-01,Wolves,D 0-0,0,0,0,35,0,0,0,0,10,9,1,0,0,0,0,Match Report
493,Wolves,2021-12-01,Burnley,D 0-0,0,0,0,65,0,0,0,0,27,23,0,3,1,0,0,Match Report
494,Southampton,2021-12-01,Leicester City,D 2-2,2,2,0,45,2,0,0,0,25,21,2,0,1,1,0,Match Report
495,Watford,2021-12-01,Chelsea,L 1-2,1,2,-1,51,1,0,0,0,27,19,3,0,1,3,1,Match Report
496,West Ham,2021-12-01,Brighton,D 1-1,1,1,0,35,1,0,0,0,24,18,2,3,1,0,0,Match Report
497,Liverpool,2021-12-01,Everton,W 4-1,4,1,+3,67,4,0,0,0,28,20,2,3,2,1,0,Match Report
498,Aston Villa,2021-12-01,Manchester City,L 1-2,1,2,-1,36,1,0,0,0,18,11,5,0,0,2,0,Match Report
499,Newcastle Utd,2021-11-30,Norwich City,D 1-1,1,1,0,32,0,1,1,0,17,13,2,1,1,0,0,Match Report
500,Leeds United,2021-11-30,Crystal Palace,W 1-0,1,0,+1,61,0,1,1,0,25,18,3,1,2,0,1,Match Report
501,Crystal Palace,2021-11-30,Leeds United,L 0-1,0,1,-1,39,0,0,0,0,17,10,0,3,2,1,1,Match Report
502,Norwich City,2021-11-30,Newcastle Utd,D 1-1,1,1,0,68,1,0,0,0,28,19,2,1,3,2,1,Match Report
503,Chelsea,2021-11-28,Manchester Utd,D 1-1,1,1,0,65,0,1,1,0,40,31,3,1,2,2,1,Match Report
504,Leicester City,2021-11-28,Watford,W 4-2,4,2,+2,56,4,0,0,0,29,20,5,1,2,1,0,Match Report
505,Manchester City,2021-11-28,West Ham,W 2-1,2,1,+1,68,2,0,0,0,35,29,3,1,2,0,0,Match Report
506,Watford,2021-11-28,Leicester City,L 2-4,2,4,-2,44,1,1,1,0,29,13,6,2,3,4,1,Match Report
507,Everton,2021-11-28,Brentford,L 0-1,0,1,-1,60,0,0,0,0,25,19,1,3,1,1,0,Match Report
508,Manchester Utd,2021-11-28,Chelsea,D 1-1,1,1,0,35,1,0,0,0,4,3,0,1,0,0,0,Match Report
509,Brentford,2021-11-28,Everton,W 1-0,1,0,+1,40,0,1,1,0,7,1,2,2,0,1,1,Match Report
510,West Ham,2021-11-28,Manchester City,L 1-2,1,2,-1,32,1,0,0,0,10,7,1,0,0,1,1,Match Report
511,Newcastle Utd,2021-11-27,Arsenal,L 0-2,0,2,-2,34,0,0,0,0,13,9,1,2,0,0,1,Match Report
512,Wolves,2021-11-27,Norwich City,D 0-0,0,0,0,57,0,0,0,0,6,6,0,0,0,0,0,Match Report
513,Liverpool,2021-11-27,Southampton,W 4-0,4,0,+4,64,4,0,0,0,38,32,2,2,2,0,0,Match Report
514,Aston Villa,2021-11-27,Crystal Palace,W 2-1,2,1,+1,36,2,0,0,0,19,12,2,1,1,3,0,Match Report
515,Brighton,2021-11-27,Leeds United,D 0-0,0,0,0,57,0,0,0,0,36,28,2,3,1,1,1,Match Report
516,Southampton,2021-11-27,Liverpool,L 0-4,0,4,-4,36,0,0,0,0,9,6,1,0,2,0,0,Match Report
517,Crystal Palace,2021-11-27,Aston Villa,L 1-2,1,2,-1,64,1,0,0,0,14,12,1,0,0,1,0,Match Report
518,Norwich City,2021-11-27,Wolves,D 0-0,0,0,0,43,0,0,0,0,25,18,1,3,1,2,0,Match Report
519,Arsenal,2021-11-27,Newcastle Utd,W 2-0,2,0,+2,66,2,0,0,0,45,36,1,3,4,1,0,Match Report
520,Leeds United,2021-11-27,Brighton,D 0-0,0,0,0,43,0,0,0,0,17,13,0,0,3,1,0,Match Report
521,Leeds United,2021-11-21,Tottenham,L 1-2,1,2,-1,57,1,0,0,0,26,17,2,2,3,1,1,Match Report
522,Tottenham,2021-11-21,Leeds United,W 2-1,2,1,+1,43,2,0,0,0,23,18,0,2,2,1,0,Match Report
523,Manchester City,2021-11-21,Everton,W 3-0,3,0,+3,77,3,0,0,0,27,23,0,0,3,1,0,Match Report
524,Everton,2021-11-21,Manchester City,L 0-3,0,3,-3,23,0,0,0,0,7,6,0,0,0,1,0,Match Report
525,Liverpool,2021-11-20,Arsenal,W 4-0,4,0,+4,62,4,0,0,0,31,21,3,2,2,2,1,Match Report
526,Watford,2021-11-20,Manchester Utd,W 4-1,4,1,+3,39,4,0,1,1,32,19,4,0,3,3,3,Match Report
527,Southampton,2021-11-20,Norwich City,L 1-2,1,2,-1,62,1,0,0,0,27,21,1,4,1,0,0,Match Report
528,Manchester Utd,2021-11-20,Watford,L 1-4,1,4,-3,61,1,0,0,0,16,14,0,2,0,0,0,Match Report
529,Norwich City,2021-11-20,Southampton,W 2-1,2,1,+1,38,2,0,0,0,12,10,2,0,0,0,0,Match Report
530,Burnley,2021-11-20,Crystal Palace,D 3-3,3,3,0,40,3,0,0,0,27,16,4,2,1,4,0,Match Report
531,Wolves,2021-11-20,West Ham,W 1-0,1,0,+1,52,1,0,0,0,27,19,3,2,2,1,0,Match Report
532,Arsenal,2021-11-20,Liverpool,L 0-4,0,4,-4,38,0,0,0,0,10,9,0,1,0,0,0,Match Report
533,Brighton,2021-11-20,Aston Villa,L 0-2,0,2,-2,62,0,0,0,0,11,9,0,1,1,0,0,Match Report
534,West Ham,2021-11-20,Wolves,L 0-1,0,1,-1,48,0,0,0,0,14,12,1,1,0,0,0,Match Report
535,Crystal Palace,2021-11-20,Burnley,D 3-3,3,3,0,60,3,0,0,0,30,22,2,1,4,1,0,Match Report
536,Chelsea,2021-11-20,Leicester City,W 3-0,3,0,+3,61,3,0,0,0,29,20,2,2,2,3,0,Match Report
537,Brentford,2021-11-20,Newcastle Utd,D 3-3,3,3,0,47,2,0,0,0,17,16,0,0,0,1,0,Match Report
538,Newcastle Utd,2021-11-20,Brentford,D 3-3,3,3,0,53,3,0,0,0,43,32,4,1,3,1,2,Match Report
539,Leicester City,2021-11-20,Chelsea,L 0-3,0,3,-3,39,0,0,0,0,7,6,1,0,0,0,0,Match Report
540,Aston Villa,2021-11-20,Brighton,W 2-0,2,0,+2,38,2,0,0,0,15,11,1,1,1,1,0,Match Report
541,Watford,2021-11-07,Arsenal,L 0-1,0,1,-1,40,0,0,0,0,13,11,1,1,0,0,0,Match Report
542,Arsenal,2021-11-07,Watford,W 1-0,1,0,+1,60,1,0,1,1,27,13,3,4,2,4,1,Match Report
543,Everton,2021-11-07,Tottenham,D 0-0,0,0,0,45,0,0,0,0,18,13,2,1,1,0,1,Match Report
544,Leicester City,2021-11-07,Leeds United,D 1-1,1,1,0,44,1,0,0,0,12,10,1,0,0,0,1,Match Report
545,Liverpool,2021-11-07,West Ham,L 2-3,2,3,-1,69,2,0,0,0,32,24,4,1,0,3,0,Match Report
546,West Ham,2021-11-07,Liverpool,W 3-2,3,2,+1,31,2,0,0,0,12,8,2,1,1,0,0,Match Report
547,Leeds United,2021-11-07,Leicester City,D 1-1,1,1,0,56,1,0,0,0,32,23,3,1,3,1,1,Match Report
548,Tottenham,2021-11-07,Everton,D 0-0,0,0,0,55,0,0,0,0,15,13,0,1,0,0,1,Match Report
549,Manchester City,2021-11-06,Manchester Utd,W 2-0,2,0,+2,67,1,0,0,0,29,21,2,1,5,0,0,Match Report
550,Brentford,2021-11-06,Norwich City,L 1-2,1,2,-1,64,1,0,0,0,33,16,10,2,4,1,0,Match Report
551,Wolves,2021-11-06,Crystal Palace,L 0-2,0,2,-2,40,0,0,0,0,7,3,1,0,1,2,0,Match Report
552,Crystal Palace,2021-11-06,Wolves,W 2-0,2,0,+2,60,2,0,0,0,25,13,4,4,2,2,0,Match Report
553,Chelsea,2021-11-06,Burnley,D 1-1,1,1,0,70,1,0,0,0,45,31,6,3,5,0,0,Match Report
554,Brighton,2021-11-06,Newcastle Utd,D 1-1,1,1,0,65,0,1,1,0,25,21,1,1,1,1,0,Match Report
555,Norwich City,2021-11-06,Brentford,W 2-1,2,1,+1,36,1,1,1,0,14,11,0,1,0,2,0,Match Report
556,Burnley,2021-11-06,Chelsea,D 1-1,1,1,0,30,1,0,0,0,8,6,1,0,1,0,0,Match Report
557,Newcastle Utd,2021-11-06,Brighton,D 1-1,1,1,0,35,1,0,0,0,9,6,1,0,0,2,0,Match Report
558,Manchester Utd,2021-11-06,Manchester City,L 0-2,0,2,-2,33,0,0,0,0,7,4,1,0,1,1,0,Match Report
559,Aston Villa,2021-11-05,Southampton,L 0-1,0,1,-1,44,0,0,0,0,27,23,1,0,0,3,0,Match Report
560,Southampton,2021-11-05,Aston Villa,W 1-0,1,0,+1,56,1,0,0,0,17,13,2,1,0,1,0,Match Report
561,Everton,2021-11-01,Wolves,L 1-2,1,2,-1,39,1,0,0,0,24,17,3,0,3,1,0,Match Report
562,Wolves,2021-11-01,Everton,W 2-1,2,1,+1,61,2,0,0,0,17,11,2,1,2,1,0,Match Report
563,Leeds United,2021-10-31,Norwich City,W 2-1,2,1,+1,52,2,0,0,0,22,14,3,2,0,2,1,Match Report
564,Norwich City,2021-10-31,Leeds United,L 1-2,1,2,-1,48,1,0,0,0,22,10,3,1,2,6,0,Match Report
565,Aston Villa,2021-10-31,West Ham,L 1-4,1,4,-3,43,1,0,0,0,16,11,2,1,0,2,0,Match Report
566,West Ham,2021-10-31,Aston Villa,W 4-1,4,1,+3,57,4,0,0,0,36,21,2,3,5,4,1,Match Report
567,Leicester City,2021-10-30,Arsenal,L 0-2,0,2,-2,64,0,0,0,0,30,22,2,0,2,3,1,Match Report
568,Tottenham,2021-10-30,Manchester Utd,L 0-3,0,3,-3,58,0,0,0,0,16,9,2,3,1,1,0,Match Report
569,Southampton,2021-10-30,Watford,W 1-0,1,0,+1,60,1,0,0,0,21,18,1,2,0,0,0,Match Report
570,Watford,2021-10-30,Southampton,L 0-1,0,1,-1,40,0,0,0,0,18,15,1,0,1,1,0,Match Report
571,Manchester Utd,2021-10-30,Tottenham,W 3-0,3,0,+3,42,3,0,0,0,19,16,0,2,1,0,0,Match Report
572,Manchester City,2021-10-30,Crystal Palace,L 0-2,0,2,-2,68,0,0,0,0,25,21,0,1,2,1,0,Match Report
573,Brighton,2021-10-30,Liverpool,D 2-2,2,2,0,42,2,0,0,0,17,14,1,1,0,0,1,Match Report
574,Brentford,2021-10-30,Burnley,L 1-3,1,3,-2,59,1,0,0,0,20,14,1,0,4,1,0,Match Report
575,Arsenal,2021-10-30,Leicester City,W 2-0,2,0,+2,36,2,0,0,0,14,11,2,1,0,0,0,Match Report
576,Chelsea,2021-10-30,Newcastle Utd,W 3-0,3,0,+3,79,2,1,1,0,36,30,1,1,2,2,0,Match Report
577,Burnley,2021-10-30,Brentford,W 3-1,3,1,+2,41,3,0,0,0,25,19,1,0,3,2,0,Match Report
578,Newcastle Utd,2021-10-30,Chelsea,L 0-3,0,3,-3,21,0,0,0,0,12,7,1,1,0,3,0,Match Report
579,Liverpool,2021-10-30,Brighton,D 2-2,2,2,0,58,2,0,0,0,23,16,2,1,1,2,1,Match Report
580,Crystal Palace,2021-10-30,Manchester City,W 2-0,2,0,+2,32,2,0,0,0,14,10,2,0,1,1,0,Match Report
581,Liverpool,2021-10-24,Manchester Utd,W 5-0,5,0,+5,62,5,0,0,0,32,24,2,0,3,2,1,Match Report
582,West Ham,2021-10-24,Tottenham,W 1-0,1,0,+1,38,1,0,0,0,22,17,1,1,2,0,1,Match Report
583,Tottenham,2021-10-24,West Ham,L 0-1,0,1,-1,62,0,0,0,0,13,10,0,0,1,1,1,Match Report
584,Manchester Utd,2021-10-24,Liverpool,L 0-5,0,5,-5,38,0,0,0,0,24,18,4,1,1,0,0,Match Report
585,Brentford,2021-10-24,Leicester City,L 1-2,1,2,-1,54,1,0,0,0,24,14,5,0,2,2,1,Match Report
586,Leicester City,2021-10-24,Brentford,W 2-1,2,1,+1,46,2,0,0,0,19,17,0,1,0,1,0,Match Report
587,Chelsea,2021-10-23,Norwich City,W 7-0,7,0,+7,62,5,1,1,0,43,35,3,2,3,0,0,Match Report
588,Everton,2021-10-23,Watford,L 2-5,2,5,-3,49,2,0,0,0,30,22,2,3,1,2,0,Match Report
589,Burnley,2021-10-23,Southampton,D 2-2,2,2,0,39,2,0,0,0,15,13,1,0,0,1,0,Match Report
590,Newcastle Utd,2021-10-23,Crystal Palace,D 1-1,1,1,0,26,1,0,0,0,11,7,3,0,1,0,0,Match Report
591,Wolves,2021-10-23,Leeds United,D 1-1,1,1,0,38,1,0,0,0,11,5,2,2,1,1,0,Match Report
592,Leeds United,2021-10-23,Wolves,D 1-1,1,1,0,62,0,1,1,0,33,19,6,4,1,2,1,Match Report
593,Southampton,2021-10-23,Burnley,D 2-2,2,2,0,61,2,0,0,0,26,23,1,1,1,0,0,Match Report
594,Crystal Palace,2021-10-23,Newcastle Utd,D 1-1,1,1,0,74,1,0,0,0,26,21,1,1,3,0,0,Match Report
595,Norwich City,2021-10-23,Chelsea,L 0-7,0,7,-7,38,0,0,0,0,5,4,0,1,0,0,0,Match Report
596,Manchester City,2021-10-23,Brighton,W 4-1,4,1,+3,52,4,0,0,0,40,28,2,3,6,1,0,Match Report
597,Watford,2021-10-23,Everton,W 5-2,5,2,+3,51,5,0,0,0,33,22,3,4,3,1,0,Match Report
598,Brighton,2021-10-23,Manchester City,L 1-4,1,4,-3,48,0,1,1,0,16,13,0,1,0,1,1,Match Report
599,Aston Villa,2021-10-22,Arsenal,L 1-3,1,3,-2,47,1,0,0,0,19,14,1,1,1,1,1,Match Report
600,Arsenal,2021-10-22,Aston Villa,W 3-1,3,1,+2,53,3,0,1,1,37,27,2,0,4,3,1,Match Report
601,Crystal Palace,2021-10-18,Arsenal,D 2-2,2,2,0,46,2,0,0,0,12,11,0,0,0,0,1,Match Report
602,Arsenal,2021-10-18,Crystal Palace,D 2-2,2,2,0,54,2,0,0,0,27,20,0,2,3,1,1,Match Report
603,Newcastle Utd,2021-10-17,Tottenham,L 2-3,2,3,-1,36,1,0,0,0,12,10,2,0,0,0,0,Match Report
604,Everton,2021-10-17,West Ham,L 0-1,0,1,-1,39,0,0,0,0,25,21,2,0,2,0,0,Match Report
605,Tottenham,2021-10-17,Newcastle Utd,W 3-2,3,2,+1,64,3,0,0,0,25,17,2,2,3,1,0,Match Report
606,West Ham,2021-10-17,Everton,W 1-0,1,0,+1,61,1,0,0,0,28,22,1,1,3,0,1,Match Report
607,Leicester City,2021-10-16,Manchester Utd,W 4-2,4,2,+2,49,4,0,0,0,29,16,0,2,7,2,2,Match Report
608,Brighton,2021-10-16,Norwich City,D 0-0,0,0,0,64,0,0,0,0,20,14,3,2,0,1,0,Match Report
609,Liverpool,2021-10-16,Watford,W 5-0,5,0,+5,75,5,0,0,0,34,30,1,3,0,0,0,Match Report
610,Leeds United,2021-10-16,Southampton,L 0-1,0,1,-1,54,0,0,0,0,3,2,0,1,0,0,0,Match Report
611,Southampton,2021-10-16,Leeds United,W 1-0,1,0,+1,46,1,0,0,0,32,24,4,0,3,1,0,Match Report
612,Watford,2021-10-16,Liverpool,L 0-5,0,5,-5,25,0,0,0,0,9,8,0,1,0,0,0,Match Report
613,Wolves,2021-10-16,Aston Villa,W 3-2,3,2,+1,52,3,0,0,0,17,14,0,2,0,1,0,Match Report
614,Aston Villa,2021-10-16,Wolves,L 2-3,2,3,-1,48,2,0,0,0,25,20,2,2,1,0,0,Match Report
615,Manchester City,2021-10-16,Burnley,W 2-0,2,0,+2,70,2,0,0,0,26,23,0,1,2,0,0,Match Report
616,Manchester Utd,2021-10-16,Leicester City,L 2-4,2,4,-2,51,2,0,0,0,33,28,3,1,1,0,0,Match Report
617,Chelsea,2021-10-16,Brentford,W 1-0,1,0,+1,55,1,0,0,0,9,7,0,0,0,2,0,Match Report
618,Brentford,2021-10-16,Chelsea,L 0-1,0,1,-1,45,0,0,0,0,25,17,2,2,4,0,0,Match Report
619,Norwich City,2021-10-16,Brighton,D 0-0,0,0,0,36,0,0,0,0,29,21,1,2,2,2,1,Match Report
620,Burnley,2021-10-16,Manchester City,L 0-2,0,2,-2,30,0,0,0,0,8,6,1,0,1,0,0,Match Report
621,Aston Villa,2021-10-03,Tottenham,L 1-2,1,2,-1,44,1,0,0,0,23,17,3,1,2,0,0,Match Report
622,Leicester City,2021-10-03,Crystal Palace,D 2-2,2,2,0,40,2,0,0,0,13,9,1,1,0,1,1,Match Report
623,Brentford,2021-10-03,West Ham,W 2-1,2,1,+1,41,2,0,0,0,21,12,1,1,4,3,0,Match Report
624,Manchester City,2021-10-03,Liverpool,D 2-2,2,2,0,51,2,0,0,0,23,19,0,2,1,1,0,Match Report
625,Tottenham,2021-10-03,Aston Villa,W 2-1,2,1,+1,56,1,0,0,0,32,28,0,1,1,2,0,Match Report
626,Crystal Palace,2021-10-03,Leicester City,D 2-2,2,2,0,60,2,0,0,0,29,18,2,3,5,1,0,Match Report
627,West Ham,2021-10-03,Brentford,L 1-2,1,2,-1,59,1,0,0,0,31,22,4,1,3,1,0,Match Report
628,Liverpool,2021-10-03,Manchester City,D 2-2,2,2,0,49,2,0,0,0,11,4,2,3,0,1,1,Match Report
629,Brighton,2021-10-02,Arsenal,D 0-0,0,0,0,58,0,0,0,0,40,32,5,1,2,0,0,Match Report
630,Everton,2021-10-02,Manchester Utd,D 1-1,1,1,0,28,1,0,0,0,23,16,2,2,1,2,0,Match Report
631,Burnley,2021-10-02,Norwich City,D 0-0,0,0,0,56,0,0,0,0,27,23,1,0,0,2,1,Match Report
632,Leeds United,2021-10-02,Watford,W 1-0,1,0,+1,66,1,0,0,0,33,27,1,1,2,2,0,Match Report
633,Chelsea,2021-10-02,Southampton,W 3-1,3,1,+2,62,3,0,0,0,35,25,2,3,4,0,1,Match Report
634,Watford,2021-10-02,Leeds United,L 0-1,0,1,-1,34,0,0,0,0,6,6,0,0,0,0,0,Match Report
635,Newcastle Utd,2021-10-02,Wolves,L 1-2,1,2,-1,48,1,0,0,0,13,6,3,1,1,2,0,Match Report
636,Norwich City,2021-10-02,Burnley,D 0-0,0,0,0,44,0,0,0,0,16,11,1,1,1,2,0,Match Report
637,Wolves,2021-10-02,Newcastle Utd,W 2-1,2,1,+1,52,2,0,0,0,13,11,0,2,0,0,0,Match Report
638,Southampton,2021-10-02,Chelsea,L 1-3,1,3,-2,38,0,1,1,0,12,10,0,0,0,1,1,Match Report
639,Arsenal,2021-10-02,Brighton,D 0-0,0,0,0,42,0,0,0,0,16,12,2,1,0,1,0,Match Report
640,Manchester Utd,2021-10-02,Everton,D 1-1,1,1,0,72,1,0,0,0,25,20,3,2,0,0,0,Match Report
641,Brighton,2021-09-27,Crystal Palace,D 1-1,1,1,0,53,1,0,0,0,11,6,2,1,1,1,0,Match Report
642,Crystal Palace,2021-09-27,Brighton,D 1-1,1,1,0,47,0,1,1,0,13,11,0,0,0,2,0,Match Report
643,Tottenham,2021-09-26,Arsenal,L 1-3,1,3,-2,54,1,0,0,0,18,12,3,0,2,0,1,Match Report
644,Wolves,2021-09-26,Southampton,W 1-0,1,0,+1,43,1,0,0,0,8,4,1,2,1,0,0,Match Report
645,Arsenal,2021-09-26,Tottenham,W 3-1,3,1,+2,46,3,0,0,0,23,17,4,0,1,1,0,Match Report
646,Southampton,2021-09-26,Wolves,L 0-1,0,1,-1,57,0,0,0,0,30,25,0,1,2,2,0,Match Report
647,Aston Villa,2021-09-25,Manchester Utd,W 1-0,1,0,+1,41,1,0,0,0,11,6,2,1,1,1,0,Match Report
648,Everton,2021-09-25,Norwich City,W 2-0,2,0,+2,47,1,1,1,0,19,13,1,1,2,2,0,Match Report
649,Newcastle Utd,2021-09-25,Watford,D 1-1,1,1,0,47,1,0,0,0,36,24,2,2,5,2,1,Match Report
650,West Ham,2021-09-25,Leeds United,W 2-1,2,1,+1,47,1,0,0,0,35,22,6,3,1,2,1,Match Report
651,Leeds United,2021-09-25,West Ham,L 1-2,1,2,-1,53,1,0,0,0,26,21,1,1,3,0,0,Match Report
652,Brentford,2021-09-25,Liverpool,D 3-3,3,3,0,33,3,0,0,0,19,15,0,1,3,0,0,Match Report
653,Manchester Utd,2021-09-25,Aston Villa,L 0-1,0,1,-1,59,0,0,1,1,48,32,3,6,4,3,0,Match Report
654,Leicester City,2021-09-25,Burnley,D 2-2,2,2,0,66,2,0,0,0,44,41,1,1,1,0,0,Match Report
655,Burnley,2021-09-25,Leicester City,D 2-2,2,2,0,34,1,0,0,0,12,10,1,0,0,1,0,Match Report
656,Watford,2021-09-25,Newcastle Utd,D 1-1,1,1,0,53,1,0,0,0,28,22,2,2,0,2,0,Match Report
657,Liverpool,2021-09-25,Brentford,D 3-3,3,3,0,67,3,0,0,0,27,21,2,0,3,1,0,Match Report
658,Manchester City,2021-09-25,Chelsea,W 1-0,1,0,+1,59,1,0,0,0,29,22,3,1,2,1,0,Match Report
659,Norwich City,2021-09-25,Everton,L 0-2,0,2,-2,53,0,0,0,0,20,12,3,1,2,2,0,Match Report
660,Chelsea,2021-09-25,Manchester City,L 0-1,0,1,-1,41,0,0,0,0,9,8,0,0,0,1,0,Match Report
661,West Ham,2021-09-19,Manchester Utd,L 1-2,1,2,-1,40,1,0,1,1,22,18,0,3,1,0,0,Match Report
662,Chelsea,2021-09-19,Tottenham,W 3-0,3,0,+3,53,3,0,0,0,39,32,2,2,2,0,1,Match Report
663,Manchester Utd,2021-09-19,West Ham,W 2-1,2,1,+1,60,2,0,0,0,32,27,3,1,1,0,0,Match Report
664,Brighton,2021-09-19,Leicester City,W 2-1,2,1,+1,37,1,1,1,0,23,10,4,2,2,4,1,Match Report
665,Tottenham,2021-09-19,Chelsea,L 0-3,0,3,-3,47,0,0,0,0,16,12,1,0,1,2,0,Match Report
666,Leicester City,2021-09-19,Brighton,L 1-2,1,2,-1,63,1,0,0,0,25,20,2,2,0,1,0,Match Report
667,Burnley,2021-09-18,Arsenal,L 0-1,0,1,-1,46,0,0,0,0,34,27,2,0,3,2,0,Match Report
668,Watford,2021-09-18,Norwich City,W 3-1,3,1,+2,51,3,0,0,0,20,17,2,0,1,0,0,Match Report
669,Norwich City,2021-09-18,Watford,L 1-3,1,3,-2,49,1,0,0,0,18,12,4,0,0,2,0,Match Report
670,Manchester City,2021-09-18,Southampton,D 0-0,0,0,0,64,0,0,0,0,31,26,1,2,1,1,0,Match Report
671,Liverpool,2021-09-18,Crystal Palace,W 3-0,3,0,+3,59,3,0,0,0,38,21,5,3,8,1,0,Match Report
672,Crystal Palace,2021-09-18,Liverpool,L 0-3,0,3,-3,41,0,0,0,0,24,14,4,1,1,2,2,Match Report
673,Everton,2021-09-18,Aston Villa,L 0-3,0,3,-3,45,0,0,0,0,21,13,3,2,1,2,0,Match Report
674,Brentford,2021-09-18,Wolves,W 2-0,2,0,+2,38,1,1,1,0,17,11,2,1,1,1,1,Match Report
675,Arsenal,2021-09-18,Burnley,W 1-0,1,0,+1,54,1,0,0,0,23,18,1,1,2,1,0,Match Report
676,Wolves,2021-09-18,Brentford,L 0-2,0,2,-2,62,0,0,0,0,20,15,0,3,1,1,0,Match Report
677,Aston Villa,2021-09-18,Everton,W 3-0,3,0,+3,55,2,0,0,0,27,14,6,2,1,3,1,Match Report
678,Southampton,2021-09-18,Manchester City,D 0-0,0,0,0,36,0,0,0,0,15,11,0,3,0,0,1,Match Report
679,Newcastle Utd,2021-09-17,Leeds United,D 1-1,1,1,0,35,1,0,0,0,29,23,1,1,4,0,0,Match Report
680,Leeds United,2021-09-17,Newcastle Utd,D 1-1,1,1,0,65,1,0,0,0,38,29,3,1,4,1,0,Match Report
681,Everton,2021-09-13,Burnley,W 3-1,3,1,+2,52,3,0,0,0,23,17,3,1,0,2,0,Match Report
682,Burnley,2021-09-13,Everton,L 1-3,1,3,-2,48,1,0,0,0,19,15,1,1,1,1,0,Match Report
683,Liverpool,2021-09-12,Leeds United,W 3-0,3,0,+3,56,3,0,0,0,56,43,4,1,7,1,0,Match Report
684,Leeds United,2021-09-12,Liverpool,L 0-3,0,3,-3,44,0,0,0,0,16,12,1,2,0,1,0,Match Report
685,Norwich City,2021-09-11,Arsenal,L 0-1,0,1,-1,49,0,0,0,0,19,14,3,0,1,1,0,Match Report
686,Newcastle Utd,2021-09-11,Manchester Utd,L 1-4,1,4,-3,37,1,0,0,0,18,13,1,2,2,0,0,Match Report
687,Arsenal,2021-09-11,Norwich City,W 1-0,1,0,+1,51,1,0,0,0,52,39,6,2,3,2,0,Match Report
688,Wolves,2021-09-11,Watford,W 2-0,2,0,+2,55,1,0,0,0,27,15,3,5,2,2,0,Match Report
689,West Ham,2021-09-11,Southampton,D 0-0,0,0,0,58,0,0,0,0,20,13,3,0,2,2,0,Match Report
690,Crystal Palace,2021-09-11,Tottenham,W 3-0,3,0,+3,62,2,1,1,0,32,20,2,3,4,2,1,Match Report
691,Tottenham,2021-09-11,Crystal Palace,L 0-3,0,3,-3,38,0,0,0,0,4,3,0,1,0,0,0,Match Report
692,Southampton,2021-09-11,West Ham,D 0-0,0,0,0,42,0,0,0,0,18,15,1,0,2,0,0,Match Report
693,Chelsea,2021-09-11,Aston Villa,W 3-0,3,0,+3,57,3,0,0,0,20,15,0,3,2,0,0,Match Report
694,Watford,2021-09-11,Wolves,L 0-2,0,2,-2,45,0,0,0,0,11,9,0,0,1,1,0,Match Report
695,Manchester City,2021-09-11,Leicester City,W 1-0,1,0,+1,61,1,0,0,0,42,34,2,0,4,1,1,Match Report
696,Manchester Utd,2021-09-11,Newcastle Utd,W 4-1,4,1,+3,63,4,0,0,0,36,28,4,1,3,0,0,Match Report
697,Brighton,2021-09-11,Brentford,W 1-0,1,0,+1,59,1,0,0,0,8,8,0,0,0,0,0,Match Report
698,Aston Villa,2021-09-11,Chelsea,L 0-3,0,3,-3,43,0,0,0,0,31,17,3,5,4,2,0,Match Report
699,Brentford,2021-09-11,Brighton,L 0-1,0,1,-1,41,0,0,0,0,14,11,1,1,0,0,1,Match Report
700,Leicester City,2021-09-11,Manchester City,L 0-1,0,1,-1,39,0,0,0,0,9,6,1,1,1,0,0,Match Report
701,Wolves,2021-08-29,Manchester Utd,L 0-1,0,1,-1,44,0,0,0,0,25,17,1,5,1,0,1,Match Report
702,Tottenham,2021-08-29,Watford,W 1-0,1,0,+1,57,1,0,0,0,24,18,2,0,0,4,0,Match Report
703,Watford,2021-08-29,Tottenham,L 0-1,0,1,-1,43,0,0,0,0,17,12,2,2,0,1,0,Match Report
704,Burnley,2021-08-29,Leeds United,D 1-1,1,1,0,36,1,0,0,0,19,9,2,2,6,0,0,Match Report
705,Manchester Utd,2021-08-29,Wolves,W 1-0,1,0,+1,56,1,0,0,0,17,11,1,1,2,1,1,Match Report
706,Leeds United,2021-08-29,Burnley,D 1-1,1,1,0,64,1,0,0,0,22,14,4,2,1,1,0,Match Report
707,Manchester City,2021-08-28,Arsenal,W 5-0,5,0,+5,80,5,0,0,0,49,45,1,1,1,1,0,Match Report
708,Leicester City,2021-08-28,Norwich City,W 2-1,2,1,+1,55,2,0,0,0,16,10,2,3,0,0,1,Match Report
709,Newcastle Utd,2021-08-28,Southampton,D 2-2,2,2,0,37,2,0,0,0,17,10,1,3,1,1,1,Match Report
710,West Ham,2021-08-28,Crystal Palace,D 2-2,2,2,0,47,2,0,0,0,21,15,2,1,3,0,0,Match Report
711,Crystal Palace,2021-08-28,West Ham,D 2-2,2,2,0,53,2,0,0,0,18,13,3,1,0,1,0,Match Report
712,Chelsea,2021-08-28,Liverpool,D 1-1,1,1,0,35,1,0,0,0,12,10,1,1,0,0,0,Match Report
713,Brentford,2021-08-28,Aston Villa,D 1-1,1,1,0,54,1,0,0,0,17,13,1,2,0,0,1,Match Report
714,Norwich City,2021-08-28,Leicester City,L 1-2,1,2,-1,45,0,1,1,0,22,16,0,2,1,2,1,Match Report
715,Southampton,2021-08-28,Newcastle Utd,D 2-2,2,2,0,63,1,1,1,0,40,25,2,5,5,2,1,Match Report
716,Aston Villa,2021-08-28,Brentford,D 1-1,1,1,0,46,1,0,0,0,13,9,1,1,1,1,0,Match Report
717,Liverpool,2021-08-28,Chelsea,D 1-1,1,1,0,65,0,1,1,0,38,28,5,0,4,1,0,Match Report
718,Everton,2021-08-28,Brighton,W 2-0,2,0,+2,35,1,1,1,0,22,18,1,0,1,1,1,Match Report
719,Brighton,2021-08-28,Everton,L 0-2,0,2,-2,65,0,0,0,0,27,20,2,3,1,1,0,Match Report
720,Arsenal,2021-08-28,Manchester City,L 0-5,0,5,-5,20,0,0,0,0,2,2,0,0,0,0,0,Match Report
721,Leicester City,2021-08-23,West Ham,L 1-4,1,4,-3,48,1,0,0,0,9,7,0,1,1,0,0,Match Report
722,West Ham,2021-08-23,Leicester City,W 4-1,4,1,+3,52,4,0,0,0,35,28,5,2,0,0,0,Match Report
723,Chelsea,2021-08-22,Arsenal,W 2-0,2,0,+2,65,2,0,0,0,42,37,1,1,2,1,0,Match Report
724,Southampton,2021-08-22,Manchester Utd,D 1-1,1,1,0,37,0,0,0,0,13,10,1,0,0,2,0,Match Report
725,Manchester Utd,2021-08-22,Southampton,D 1-1,1,1,0,63,1,0,0,0,28,17,3,1,2,5,0,Match Report
726,Wolves,2021-08-22,Tottenham,L 0-1,0,1,-1,58,0,0,0,0,46,34,2,5,2,1,2,Match Report
727,Tottenham,2021-08-22,Wolves,W 1-0,1,0,+1,42,0,1,1,0,12,5,1,2,3,1,0,Match Report
728,Arsenal,2021-08-22,Chelsea,L 0-2,0,2,-2,35,0,0,0,0,12,10,1,0,0,0,1,Match Report
729,Manchester City,2021-08-21,Norwich City,W 5-0,5,0,+5,67,4,0,0,0,28,21,2,0,2,1,2,Match Report
730,Brighton,2021-08-21,Watford,W 2-0,2,0,+2,56,2,0,0,0,23,17,3,1,1,0,1,Match Report
731,Brentford,2021-08-21,Crystal Palace,D 0-0,0,0,0,47,0,0,0,0,25,15,4,1,2,3,0,Match Report
732,Everton,2021-08-21,Leeds United,D 2-2,2,2,0,31,1,1,1,0,27,20,4,0,2,1,0,Match Report
733,Burnley,2021-08-21,Liverpool,L 0-2,0,2,-2,35,0,0,0,0,15,9,3,0,2,1,0,Match Report
734,Newcastle Utd,2021-08-21,Aston Villa,L 0-2,0,2,-2,53,0,0,0,0,17,11,5,0,0,1,0,Match Report
735,Liverpool,2021-08-21,Burnley,W 2-0,2,0,+2,65,2,0,0,0,49,35,5,1,5,2,1,Match Report
736,Aston Villa,2021-08-21,Newcastle Utd,W 2-0,2,0,+2,47,1,1,1,0,19,11,5,1,1,1,0,Match Report
737,Crystal Palace,2021-08-21,Brentford,D 0-0,0,0,0,53,0,0,0,0,13,8,2,1,1,1,0,Match Report
738,Watford,2021-08-21,Brighton,L 0-2,0,2,-2,44,0,0,0,0,20,19,0,0,1,0,0,Match Report
739,Leeds United,2021-08-21,Everton,D 2-2,2,2,0,69,2,0,0,0,30,18,4,1,4,3,0,Match Report
740,Norwich City,2021-08-21,Manchester City,L 0-5,0,5,-5,33,0,0,0,0,0,0,0,0,0,0,0,Match Report
741,Manchester City,2021-08-15,Tottenham,L 0-1,0,1,-1,65,0,0,0,0,35,29,2,2,1,1,0,Match Report
742,Newcastle Utd,2021-08-15,West Ham,L 2-4,2,4,-2,46,2,0,0,0,27,19,3,2,3,0,0,Match Report
743,West Ham,2021-08-15,Newcastle Utd,W 4-2,4,2,+2,54,4,0,1,1,31,20,2,3,4,2,0,Match Report
744,Tottenham,2021-08-15,Manchester City,W 1-0,1,0,+1,35,1,0,0,0,21,14,2,1,1,3,0,Match Report
745,Leeds United,2021-08-14,Manchester Utd,L 1-5,1,5,-4,51,1,0,0,0,18,10,4,1,0,3,0,Match Report
746,Liverpool,2021-08-14,Norwich City,W 3-0,3,0,+3,50,3,0,0,0,32,23,3,1,4,1,0,Match Report
747,Aston Villa,2021-08-14,Watford,L 2-3,2,3,-1,62,1,1,1,0,21,13,1,4,1,2,0,Match Report
748,Everton,2021-08-14,Southampton,W 3-1,3,1,+2,48,3,0,0,0,26,24,0,0,1,1,0,Match Report
749,Chelsea,2021-08-14,Crystal Palace,W 3-0,3,0,+3,62,3,0,0,0,26,19,1,0,2,4,0,Match Report
750,Manchester Utd,2021-08-14,Leeds United,W 5-1,5,1,+4,49,5,0,0,0,27,25,1,1,0,0,0,Match Report
751,Norwich City,2021-08-14,Liverpool,L 0-3,0,3,-3,50,0,0,0,0,22,18,1,0,3,0,0,Match Report
752,Watford,2021-08-14,Aston Villa,W 3-2,3,2,+1,38,3,0,0,0,24,16,2,4,1,1,0,Match Report
753,Leicester City,2021-08-14,Wolves,W 1-0,1,0,+1,56,1,0,0,0,17,16,0,1,0,0,0,Match Report
754,Brighton,2021-08-14,Burnley,W 2-1,2,1,+1,63,2,0,0,0,23,15,3,1,3,1,0,Match Report
755,Wolves,2021-08-14,Leicester City,L 0-1,0,1,-1,44,0,0,0,0,28,20,0,5,2,0,1,Match Report
756,Crystal Palace,2021-08-14,Chelsea,L 0-3,0,3,-3,38,0,0,0,0,8,7,1,0,0,0,0,Match Report
757,Burnley,2021-08-14,Brighton,L 1-2,1,2,-1,37,1,0,0,0,23,19,2,0,1,1,0,Match Report
758,Southampton,2021-08-14,Everton,L 1-3,1,3,-2,52,1,0,0,0,10,5,2,0,0,2,1,Match Report
759,Brentford,2021-08-13,Arsenal,W 2-0,2,0,+2,36,2,0,0,0,13,11,1,1,0,0,0,Match Report
760,Arsenal,2021-08-13,Brentford,L 0-2,0,2,-2,64,0,0,0,0,43,36,2,1,2,1,1,Match Report
