Rk,Team,Date,PSxG+/-,Opp
1,Fulham,2023-08-12,+3.3,Everton
2,Arsenal,2023-01-15,+2.5,Tottenham
3,Crystal Palace,2022-01-14,+2.3,Brighton
4,Chelsea,2022-10-16,+2.2,Aston Villa
5,Manchester Utd,2022-01-19,+2.2,Brentford
6,Arsenal,2021-10-30,+2.2,Leicester City
7,Arsenal,2023-03-01,+2.1,Everton
8,Liverpool,2022-10-19,+2.1,West Ham
9,Nott'ham Forest,2022-08-14,+2.1,West Ham
10,Southampton,2021-12-28,+2.1,Tottenham
11,Everton,2022-02-19,+2.0,Southampton
12,Aston Villa,2023-04-01,+1.9,Chelsea
13,Liverpool,2022-10-22,+1.9,Nott'ham Forest
14,Everton,2021-12-16,+1.9,Chelsea
15,West Ham,2022-08-14,+1.8,Nott'ham Forest
16,Leicester City,2022-03-05,+1.8,Leeds United
17,Wolves,2023-03-04,+1.7,Tottenham
18,Chelsea,2023-01-15,+1.7,Crystal Palace
19,Manchester Utd,2023-11-26,+1.6,Everton
20,Aston Villa,2023-09-24,+1.6,Chelsea
21,Fulham,2023-01-12,+1.6,Chelsea
22,Nott'ham Forest,2022-10-18,+1.6,Brighton
23,Brighton,2022-03-16,+1.6,Tottenham
24,Arsenal,2021-12-11,+1.6,Southampton
25,Norwich City,2021-11-06,+1.6,Brentford
26,Luton Town,2023-10-29,+1.5,Aston Villa
27,Bournemouth,2023-09-17,+1.5,Chelsea
28,Wolves,2023-08-26,+1.5,Everton
29,Tottenham,2023-08-19,+1.5,Manchester Utd
30,Liverpool,2023-05-03,+1.5,Fulham
31,Leicester City,2023-04-01,+1.5,Crystal Palace
32,Everton,2023-02-25,+1.5,Aston Villa
33,West Ham,2022-10-19,+1.5,Liverpool
34,Bournemouth,2022-10-01,+1.5,Brentford
35,Everton,2022-09-03,+1.5,Liverpool
36,Burnley,2022-05-15,+1.5,Tottenham
37,Southampton,2022-04-16,+1.5,Arsenal
38,Wolves,2022-02-20,+1.5,Leicester City
39,Newcastle Utd,2022-01-22,+1.5,Leeds United
40,Leicester City,2021-12-28,+1.5,Liverpool
41,Leeds United,2021-09-25,+1.5,West Ham
42,Luton Town,2023-11-05,+1.4,Liverpool
43,Manchester City,2023-05-21,+1.4,Chelsea
44,Everton,2023-05-08,+1.4,Brighton
45,Leicester City,2023-05-01,+1.4,Everton
46,Newcastle Utd,2023-04-08,+1.4,Brentford
47,Liverpool,2023-02-18,+1.4,Newcastle Utd
48,Fulham,2023-01-03,+1.4,Leicester City
49,Wolves,2022-08-13,+1.4,Fulham
50,Arsenal,2022-05-16,+1.4,Newcastle Utd
51,West Ham,2022-05-15,+1.4,Manchester City
52,Leicester City,2022-01-19,+1.4,Tottenham
53,Watford,2022-01-01,+1.4,Tottenham
54,Manchester Utd,2021-11-28,+1.4,Chelsea
55,Liverpool,2021-11-27,+1.4,Southampton
56,Tottenham,2021-08-22,+1.4,Wolves
57,West Ham,2023-09-16,+1.3,Manchester City
58,Bournemouth,2023-04-30,+1.3,Leeds United
59,Nott'ham Forest,2023-04-26,+1.3,Brighton
60,Fulham,2023-02-18,+1.3,Brighton
61,Crystal Palace,2023-02-11,+1.3,Brighton
62,Arsenal,2022-10-16,+1.3,Leeds United
63,Liverpool,2022-10-16,+1.3,Manchester City
64,Wolves,2022-10-15,+1.3,Nott'ham Forest
65,Brentford,2022-10-14,+1.3,Brighton
66,Leeds United,2022-10-02,+1.3,Aston Villa
67,Newcastle Utd,2022-09-03,+1.3,Crystal Palace
68,Brentford,2022-05-15,+1.3,Everton
69,Wolves,2022-03-05,+1.3,Crystal Palace
70,Manchester Utd,2021-12-27,+1.3,Newcastle Utd
71,West Ham,2021-11-28,+1.3,Manchester City
72,Liverpool,2023-09-30,+1.2,Tottenham
73,Chelsea,2023-05-25,+1.2,Manchester Utd
74,Liverpool,2023-05-15,+1.2,Leicester City
75,Manchester City,2023-04-15,+1.2,Leicester City
76,Manchester Utd,2023-02-19,+1.2,Leicester City
77,Brentford,2023-01-22,+1.2,Leeds United
78,Aston Villa,2023-01-21,+1.2,Southampton
79,Everton,2022-10-29,+1.2,Fulham
80,Southampton,2022-04-24,+1.2,Brighton
81,Southampton,2022-02-12,+1.2,Manchester Utd
82,Aston Villa,2021-12-11,+1.2,Liverpool
83,Manchester Utd,2021-08-29,+1.2,Wolves
84,Manchester City,2023-05-24,+1.1,Brighton
85,Manchester Utd,2023-05-04,+1.1,Brighton
86,Fulham,2023-04-30,+1.1,Manchester City
87,Crystal Palace,2023-04-15,+1.1,Southampton
88,Wolves,2023-04-15,+1.1,Brentford
89,Fulham,2023-04-15,+1.1,Everton
90,Manchester Utd,2023-04-02,+1.1,Newcastle Utd
91,Liverpool,2023-03-05,+1.1,Manchester Utd
92,Bournemouth,2023-02-11,+1.1,Newcastle Utd
93,Chelsea,2023-02-03,+1.1,Fulham
94,Liverpool,2022-11-06,+1.1,Tottenham
95,West Ham,2022-10-24,+1.1,Bournemouth
96,Fulham,2022-10-20,+1.1,Aston Villa
97,Chelsea,2022-10-19,+1.1,Brentford
98,Crystal Palace,2022-10-09,+1.1,Leeds United
99,Bournemouth,2022-09-17,+1.1,Newcastle Utd
100,Crystal Palace,2022-09-03,+1.1,Newcastle Utd
101,Southampton,2022-08-30,+1.1,Chelsea
102,Liverpool,2022-08-22,+1.1,Manchester Utd
103,Newcastle Utd,2022-08-13,+1.1,Brighton
104,Manchester City,2022-05-08,+1.1,Newcastle Utd
105,Everton,2022-05-01,+1.1,Chelsea
106,Tottenham,2022-04-09,+1.1,Aston Villa
107,Watford,2022-03-13,+1.1,Southampton
108,Leicester City,2022-03-01,+1.1,Burnley
109,Everton,2022-02-26,+1.1,Manchester City
110,Brentford,2021-12-02,+1.1,Tottenham
111,Brighton,2021-11-27,+1.1,Leeds United
112,Aston Villa,2021-10-03,+1.1,Tottenham
113,Liverpool,2021-08-14,+1.1,Norwich City
114,Aston Villa,2023-12-03,+1.0,Bournemouth
115,Liverpool,2023-11-12,+1.0,Brentford
116,Newcastle Utd,2023-10-21,+1.0,Crystal Palace
117,Manchester Utd,2023-10-21,+1.0,Sheffield Utd
118,Chelsea,2023-10-02,+1.0,Fulham
119,Wolves,2023-09-23,+1.0,Luton Town
120,Leeds United,2023-05-21,+1.0,West Ham
121,Brighton,2023-05-04,+1.0,Manchester Utd
122,Crystal Palace,2023-04-22,+1.0,Everton
123,Nott'ham Forest,2023-04-16,+1.0,Manchester Utd
124,Leicester City,2023-04-08,+1.0,Bournemouth
125,Liverpool,2023-04-04,+1.0,Chelsea
126,Brighton,2023-03-15,+1.0,Crystal Palace
127,Fulham,2022-11-13,+1.0,Manchester Utd
128,Nott'ham Forest,2022-10-22,+1.0,Liverpool
129,Newcastle Utd,2022-08-21,+1.0,Manchester City
130,Watford,2022-05-22,+1.0,Chelsea
131,Brighton,2022-05-07,+1.0,Manchester Utd
132,Leeds United,2022-04-25,+1.0,Crystal Palace
133,West Ham,2022-04-24,+1.0,Chelsea
134,Arsenal,2022-04-23,+1.0,Manchester Utd
135,Leeds United,2022-04-09,+1.0,Watford
136,Burnley,2022-02-08,+1.0,Manchester Utd
137,Burnley,2022-02-05,+1.0,Watford
138,West Ham,2021-12-15,+1.0,Arsenal
139,Manchester Utd,2021-12-05,+1.0,Crystal Palace
140,Wolves,2021-11-27,+1.0,Norwich City
141,Chelsea,2021-10-16,+1.0,Brentford
142,West Ham,2021-09-19,+1.0,Manchester Utd
143,Leicester City,2021-09-11,+1.0,Manchester City
144,Chelsea,2021-08-28,+1.0,Liverpool
145,Manchester Utd,2023-10-29,+0.9,Manchester City
146,Tottenham,2023-10-23,+0.9,Fulham
147,Luton Town,2023-10-21,+0.9,Nott'ham Forest
148,Chelsea,2023-09-17,+0.9,Bournemouth
149,Fulham,2023-09-16,+0.9,Luton Town
150,Wolves,2023-09-03,+0.9,Crystal Palace
151,Everton,2023-09-02,+0.9,Sheffield Utd
152,West Ham,2023-08-26,+0.9,Brighton
153,Nott'ham Forest,2023-08-26,+0.9,Manchester Utd
154,Sheffield Utd,2023-08-12,+0.9,Crystal Palace
155,Luton Town,2023-08-12,+0.9,Brighton
156,Bournemouth,2023-05-28,+0.9,Everton
157,West Ham,2023-05-14,+0.9,Brentford
158,Crystal Palace,2023-04-09,+0.9,Leeds United
159,Crystal Palace,2023-03-11,+0.9,Manchester City
160,Tottenham,2023-02-05,+0.9,Manchester City
161,Brentford,2023-02-04,+0.9,Southampton
162,Tottenham,2023-01-04,+0.9,Crystal Palace
163,Leeds United,2022-12-31,+0.9,Newcastle Utd
164,Aston Villa,2022-10-23,+0.9,Brentford
165,Bournemouth,2022-10-08,+0.9,Leicester City
166,Liverpool,2022-09-03,+0.9,Everton
167,Aston Villa,2022-08-20,+0.9,Crystal Palace
168,Aston Villa,2022-08-13,+0.9,Everton
169,Everton,2022-08-06,+0.9,Chelsea
170,Watford,2022-05-11,+0.9,Everton
171,Brentford,2022-05-07,+0.9,Southampton
172,Crystal Palace,2022-04-04,+0.9,Arsenal
173,Everton,2022-03-17,+0.9,Newcastle Utd
174,Liverpool,2022-03-05,+0.9,West Ham
175,Newcastle Utd,2022-03-05,+0.9,Brighton
176,Aston Villa,2022-02-19,+0.9,Watford
177,Crystal Palace,2022-02-12,+0.9,Brentford
178,Arsenal,2021-12-26,+0.9,Norwich City
179,Tottenham,2021-11-21,+0.9,Leeds United
180,Liverpool,2021-10-24,+0.9,Manchester Utd
181,Crystal Palace,2021-08-21,+0.9,Brentford
182,Liverpool,2023-11-25,+0.8,Manchester City
183,Brentford,2023-10-28,+0.8,Chelsea
184,Aston Villa,2023-10-08,+0.8,Wolves
185,Crystal Palace,2023-10-07,+0.8,Nott'ham Forest
186,West Ham,2023-09-30,+0.8,Sheffield Utd
187,Tottenham,2023-09-24,+0.8,Arsenal
188,Sheffield Utd,2023-09-02,+0.8,Everton
189,Burnley,2023-08-27,+0.8,Aston Villa
190,Bournemouth,2023-08-26,+0.8,Tottenham
191,Manchester Utd,2023-08-19,+0.8,Tottenham
192,Brighton,2023-08-19,+0.8,Wolves
193,Bournemouth,2023-08-19,+0.8,Liverpool
194,Manchester Utd,2023-08-14,+0.8,Wolves
195,Newcastle Utd,2023-08-12,+0.8,Aston Villa
196,Newcastle Utd,2023-05-28,+0.8,Chelsea
197,Fulham,2023-05-08,+0.8,Leicester City
198,Arsenal,2023-05-07,+0.8,Newcastle Utd
199,West Ham,2023-04-23,+0.8,Bournemouth
200,Fulham,2023-04-08,+0.8,West Ham
201,Fulham,2023-04-01,+0.8,Bournemouth
202,Aston Villa,2023-03-18,+0.8,Bournemouth
203,Tottenham,2023-03-11,+0.8,Nott'ham Forest
204,Bournemouth,2023-03-11,+0.8,Liverpool
205,Fulham,2023-02-03,+0.8,Chelsea
206,Tottenham,2023-01-23,+0.8,Fulham
207,Aston Villa,2023-01-13,+0.8,Leeds United
208,Leicester City,2022-11-12,+0.8,West Ham
209,Manchester Utd,2022-10-30,+0.8,West Ham
210,Leeds United,2022-10-29,+0.8,Liverpool
211,Crystal Palace,2022-10-15,+0.8,Leicester City
212,Manchester Utd,2022-08-27,+0.8,Southampton
213,Manchester Utd,2022-08-22,+0.8,Liverpool
214,Brighton,2022-08-07,+0.8,Manchester Utd
215,Leicester City,2022-05-11,+0.8,Norwich City
216,West Ham,2022-05-08,+0.8,Norwich City
217,Burnley,2022-04-21,+0.8,Southampton
218,West Ham,2022-03-13,+0.8,Aston Villa
219,Newcastle Utd,2022-03-10,+0.8,Southampton
220,Crystal Palace,2022-03-05,+0.8,Wolves
221,Leicester City,2022-01-23,+0.8,Brighton
222,Manchester Utd,2021-12-11,+0.8,Norwich City
223,Southampton,2021-10-30,+0.8,Watford
224,Wolves,2021-10-23,+0.8,Leeds United
225,Arsenal,2021-09-26,+0.8,Tottenham
226,Chelsea,2021-09-19,+0.8,Tottenham
227,Watford,2021-09-11,+0.8,Wolves
228,Chelsea,2021-09-11,+0.8,Aston Villa
229,Chelsea,2023-12-03,+0.7,Brighton
230,Manchester Utd,2023-11-11,+0.7,Luton Town
231,Bournemouth,2023-11-11,+0.7,Newcastle Utd
232,Nott'ham Forest,2023-11-05,+0.7,Aston Villa
233,Bournemouth,2023-09-30,+0.7,Arsenal
234,Chelsea,2023-09-24,+0.7,Aston Villa
235,Fulham,2023-09-23,+0.7,Crystal Palace
236,Manchester City,2023-09-02,+0.7,Fulham
237,Bournemouth,2023-05-20,+0.7,Manchester Utd
238,Newcastle Utd,2023-05-07,+0.7,Arsenal
239,Arsenal,2023-04-09,+0.7,Liverpool
240,Bournemouth,2023-04-08,+0.7,Leicester City
241,Manchester Utd,2023-03-12,+0.7,Southampton
242,Southampton,2023-02-18,+0.7,Chelsea
243,West Ham,2023-02-11,+0.7,Chelsea
244,Nott'ham Forest,2023-02-05,+0.7,Leeds United
245,Bournemouth,2023-01-21,+0.7,Nott'ham Forest
246,West Ham,2023-01-21,+0.7,Everton
247,Tottenham,2023-01-15,+0.7,Arsenal
248,Brighton,2023-01-14,+0.7,Liverpool
249,Brentford,2022-12-30,+0.7,West Ham
250,Liverpool,2022-12-26,+0.7,Aston Villa
251,Chelsea,2022-11-12,+0.7,Newcastle Utd
252,Crystal Palace,2022-10-29,+0.7,Southampton
253,Tottenham,2022-10-08,+0.7,Brighton
254,Chelsea,2022-10-08,+0.7,Wolves
255,Tottenham,2022-09-03,+0.7,Fulham
256,Newcastle Utd,2022-04-30,+0.7,Liverpool
257,Manchester Utd,2022-04-28,+0.7,Chelsea
258,Burnley,2022-04-24,+0.7,Wolves
259,Aston Villa,2022-04-23,+0.7,Leicester City
260,Chelsea,2022-03-10,+0.7,Norwich City
261,Wolves,2022-02-27,+0.7,West Ham
262,Watford,2022-02-26,+0.7,Manchester Utd
263,Tottenham,2022-02-19,+0.7,Manchester City
264,Brentford,2022-01-16,+0.7,Liverpool
265,Wolves,2022-01-15,+0.7,Southampton
266,Aston Villa,2021-12-05,+0.7,Leicester City
267,Wolves,2021-11-20,+0.7,West Ham
268,Watford,2021-11-07,+0.7,Arsenal
269,Leeds United,2021-08-21,+0.7,Everton
270,Burnley,2023-12-02,+0.6,Sheffield Utd
271,Aston Villa,2023-11-26,+0.6,Tottenham
272,Newcastle Utd,2023-11-11,+0.6,Bournemouth
273,Tottenham,2023-11-11,+0.6,Wolves
274,Arsenal,2023-09-24,+0.6,Tottenham
275,Manchester Utd,2023-09-23,+0.6,Burnley
276,Newcastle Utd,2023-09-16,+0.6,Brentford
277,Aston Villa,2023-08-12,+0.6,Newcastle Utd
278,Manchester Utd,2023-05-20,+0.6,Bournemouth
279,West Ham,2023-05-07,+0.6,Manchester Utd
280,Liverpool,2023-04-09,+0.6,Arsenal
281,West Ham,2023-04-02,+0.6,Southampton
282,Everton,2023-03-18,+0.6,Chelsea
283,Everton,2023-03-11,+0.6,Brentford
284,Leicester City,2023-03-04,+0.6,Southampton
285,Aston Villa,2023-02-25,+0.6,Everton
286,Manchester Utd,2023-02-12,+0.6,Leeds United
287,Chelsea,2023-01-21,+0.6,Liverpool
288,Crystal Palace,2023-01-21,+0.6,Newcastle Utd
289,Manchester City,2023-01-05,+0.6,Chelsea
290,Newcastle Utd,2023-01-03,+0.6,Arsenal
291,Brentford,2023-01-02,+0.6,Liverpool
292,Manchester Utd,2022-12-31,+0.6,Wolves
293,Brentford,2022-11-05,+0.6,Nott'ham Forest
294,Everton,2022-10-22,+0.6,Crystal Palace
295,Crystal Palace,2022-10-18,+0.6,Wolves
296,West Ham,2022-10-01,+0.6,Wolves
297,Manchester Utd,2022-09-01,+0.6,Leicester City
298,Liverpool,2022-08-27,+0.6,Bournemouth
299,Leeds United,2022-08-21,+0.6,Chelsea
300,Burnley,2022-05-19,+0.6,Aston Villa
301,Aston Villa,2022-05-19,+0.6,Burnley
302,Aston Villa,2022-05-07,+0.6,Burnley
303,Burnley,2022-04-17,+0.6,West Ham
304,Norwich City,2022-04-10,+0.6,Burnley
305,Brighton,2022-03-12,+0.6,Liverpool
306,Liverpool,2022-02-13,+0.6,Burnley
307,Liverpool,2022-02-10,+0.6,Leicester City
308,Leicester City,2022-02-10,+0.6,Liverpool
309,Norwich City,2022-02-09,+0.6,Crystal Palace
310,Everton,2022-02-08,+0.6,Newcastle Utd
311,Burnley,2022-01-23,+0.6,Arsenal
312,Manchester City,2022-01-15,+0.6,Chelsea
313,Brighton,2021-12-26,+0.6,Brentford
314,Burnley,2021-12-12,+0.6,West Ham
315,Manchester City,2021-12-04,+0.6,Watford
316,Brentford,2021-11-28,+0.6,Everton
317,West Ham,2021-10-24,+0.6,Tottenham
318,Norwich City,2021-10-02,+0.6,Burnley
319,Burnley,2021-10-02,+0.6,Norwich City
320,Manchester Utd,2021-09-19,+0.6,West Ham
321,Norwich City,2021-09-18,+0.6,Watford
322,Manchester Utd,2021-08-22,+0.6,Southampton
323,Wolves,2021-08-22,+0.6,Tottenham
324,Liverpool,2021-08-21,+0.6,Burnley
325,Manchester Utd,2023-12-02,+0.5,Newcastle Utd
326,Everton,2023-12-02,+0.5,Nott'ham Forest
327,Luton Town,2023-11-25,+0.5,Crystal Palace
328,Luton Town,2023-11-11,+0.5,Manchester Utd
329,Tottenham,2023-11-06,+0.5,Chelsea
330,Crystal Palace,2023-11-04,+0.5,Burnley
331,Crystal Palace,2023-09-23,+0.5,Fulham
332,Sheffield Utd,2023-08-27,+0.5,Manchester City
333,West Ham,2023-08-20,+0.5,Chelsea
334,Nott'ham Forest,2023-08-18,+0.5,Sheffield Utd
335,Brighton,2023-05-24,+0.5,Manchester City
336,Brentford,2023-05-20,+0.5,Tottenham
337,Brentford,2023-05-14,+0.5,West Ham
338,Manchester City,2023-05-14,+0.5,Everton
339,Wolves,2023-05-13,+0.5,Manchester Utd
340,Wolves,2023-05-06,+0.5,Aston Villa
341,Manchester City,2023-05-03,+0.5,West Ham
342,Bournemouth,2023-04-27,+0.5,Southampton
343,Brighton,2023-04-26,+0.5,Nott'ham Forest
344,Wolves,2023-04-25,+0.5,Crystal Palace
345,Leeds United,2023-04-25,+0.5,Leicester City
346,Brentford,2023-04-15,+0.5,Wolves
347,West Ham,2023-04-08,+0.5,Fulham
348,Tottenham,2023-04-03,+0.5,Everton
349,Brentford,2023-04-01,+0.5,Brighton
350,Wolves,2023-03-12,+0.5,Newcastle Utd
351,Southampton,2023-03-12,+0.5,Manchester Utd
352,Newcastle Utd,2023-03-12,+0.5,Wolves
353,West Ham,2023-03-12,+0.5,Aston Villa
354,Newcastle Utd,2023-02-18,+0.5,Liverpool
355,Wolves,2023-02-04,+0.5,Liverpool
356,Crystal Palace,2023-02-04,+0.5,Manchester Utd
357,Leicester City,2023-02-04,+0.5,Aston Villa
358,Manchester Utd,2023-01-03,+0.5,Bournemouth
359,Wolves,2022-12-31,+0.5,Manchester Utd
360,Manchester Utd,2022-12-27,+0.5,Nott'ham Forest
361,Crystal Palace,2022-12-26,+0.5,Fulham
362,Newcastle Utd,2022-11-12,+0.5,Chelsea
363,Leicester City,2022-11-05,+0.5,Everton
364,Brighton,2022-10-29,+0.5,Chelsea
365,Fulham,2022-10-23,+0.5,Leeds United
366,Aston Villa,2022-10-20,+0.5,Fulham
367,Leicester City,2022-10-20,+0.5,Leeds United
368,Brentford,2022-10-19,+0.5,Chelsea
369,Leicester City,2022-10-03,+0.5,Nott'ham Forest
370,Everton,2022-09-18,+0.5,West Ham
371,Wolves,2022-08-31,+0.5,Bournemouth
372,Brighton,2022-08-27,+0.5,Leeds United
373,Brighton,2022-08-21,+0.5,West Ham
374,Tottenham,2022-08-20,+0.5,Wolves
375,Nott'ham Forest,2022-08-20,+0.5,Everton
376,Bournemouth,2022-08-06,+0.5,Aston Villa
377,Burnley,2022-05-22,+0.5,Newcastle Utd
378,Liverpool,2022-05-22,+0.5,Wolves
379,Chelsea,2022-05-22,+0.5,Watford
380,Leicester City,2022-05-19,+0.5,Chelsea
381,Aston Villa,2022-05-15,+0.5,Crystal Palace
382,Crystal Palace,2022-05-07,+0.5,Watford
383,Watford,2022-05-07,+0.5,Crystal Palace
384,Aston Villa,2022-04-30,+0.5,Norwich City
385,Chelsea,2022-04-24,+0.5,West Ham
386,Newcastle Utd,2022-04-23,+0.5,Norwich City
387,Chelsea,2022-04-09,+0.5,Southampton
388,Wolves,2022-04-08,+0.5,Newcastle Utd
389,Arsenal,2022-03-19,+0.5,Aston Villa
390,Arsenal,2022-03-13,+0.5,Leicester City
391,Manchester City,2022-03-06,+0.5,Manchester Utd
392,Wolves,2022-02-24,+0.5,Arsenal
393,Manchester Utd,2022-02-15,+0.5,Brighton
394,Wolves,2022-02-13,+0.5,Tottenham
395,Brentford,2022-02-12,+0.5,Crystal Palace
396,West Ham,2022-02-08,+0.5,Watford
397,Brighton,2022-01-23,+0.5,Leicester City
398,Chelsea,2022-01-15,+0.5,Manchester City
399,West Ham,2022-01-12,+0.5,Norwich City
400,Tottenham,2022-01-01,+0.5,Watford
401,West Ham,2021-12-28,+0.5,Watford
402,Leicester City,2021-12-12,+0.5,Newcastle Utd
403,Manchester City,2021-12-01,+0.5,Aston Villa
404,Leeds United,2021-11-27,+0.5,Brighton
405,Everton,2021-09-25,+0.5,Norwich City
406,Leeds United,2021-09-17,+0.5,Newcastle Utd
407,Liverpool,2021-09-12,+0.5,Leeds United
408,Norwich City,2021-09-11,+0.5,Arsenal
409,Tottenham,2021-08-29,+0.5,Watford
410,Arsenal,2021-08-22,+0.5,Chelsea
411,Wolves,2023-11-27,+0.4,Fulham
412,West Ham,2023-11-25,+0.4,Burnley
413,Sheffield Utd,2023-11-25,+0.4,Bournemouth
414,Wolves,2023-11-11,+0.4,Tottenham
415,Sheffield Utd,2023-11-04,+0.4,Wolves
416,Sheffield Utd,2023-10-21,+0.4,Manchester Utd
417,Brentford,2023-10-21,+0.4,Burnley
418,Everton,2023-10-07,+0.4,Bournemouth
419,Wolves,2023-09-30,+0.4,Manchester City
420,Newcastle Utd,2023-09-30,+0.4,Burnley
421,Sheffield Utd,2023-09-30,+0.4,West Ham
422,West Ham,2023-09-24,+0.4,Liverpool
423,Liverpool,2023-09-24,+0.4,West Ham
424,Manchester City,2023-09-23,+0.4,Nott'ham Forest
425,Tottenham,2023-09-16,+0.4,Sheffield Utd
426,Fulham,2023-08-19,+0.4,Brentford
427,Liverpool,2023-08-13,+0.4,Chelsea
428,West Ham,2023-08-12,+0.4,Bournemouth
429,Brentford,2023-05-28,+0.4,Manchester City
430,Manchester Utd,2023-05-28,+0.4,Fulham
431,Wolves,2023-05-20,+0.4,Everton
432,Brentford,2023-05-06,+0.4,Liverpool
433,Arsenal,2023-05-02,+0.4,Chelsea
434,Brentford,2023-04-26,+0.4,Chelsea
435,Crystal Palace,2023-04-25,+0.4,Wolves
436,Everton,2023-04-22,+0.4,Crystal Palace
437,Chelsea,2023-04-04,+0.4,Liverpool
438,Brentford,2023-03-11,+0.4,Everton
439,Manchester City,2023-03-04,+0.4,Newcastle Utd
440,Wolves,2023-03-01,+0.4,Liverpool
441,Leeds United,2023-02-25,+0.4,Southampton
442,Wolves,2023-02-24,+0.4,Fulham
443,Wolves,2023-01-14,+0.4,West Ham
444,Newcastle Utd,2022-12-31,+0.4,Leeds United
445,Leicester City,2022-12-30,+0.4,Liverpool
446,Liverpool,2022-12-30,+0.4,Leicester City
447,Arsenal,2022-11-12,+0.4,Wolves
448,Brentford,2022-11-12,+0.4,Manchester City
449,Manchester City,2022-11-12,+0.4,Brentford
450,Aston Villa,2022-11-06,+0.4,Manchester Utd
451,Newcastle Utd,2022-11-06,+0.4,Southampton
452,Fulham,2022-10-29,+0.4,Everton
453,Manchester City,2022-10-29,+0.4,Leicester City
454,Chelsea,2022-10-22,+0.4,Manchester Utd
455,Southampton,2022-10-19,+0.4,Bournemouth
456,Arsenal,2022-09-18,+0.4,Brentford
457,Nott'ham Forest,2022-08-28,+0.4,Tottenham
458,Brentford,2022-08-27,+0.4,Everton
459,Leicester City,2022-08-27,+0.4,Chelsea
460,Everton,2022-08-27,+0.4,Brentford
461,Brentford,2022-08-13,+0.4,Manchester Utd
462,Leicester City,2022-05-15,+0.4,Watford
463,Manchester City,2022-04-30,+0.4,Leeds United
464,Watford,2022-04-16,+0.4,Brentford
465,Leicester City,2022-04-10,+0.4,Crystal Palace
466,Everton,2022-04-09,+0.4,Manchester Utd
467,West Ham,2022-03-05,+0.4,Liverpool
468,Manchester Utd,2022-02-26,+0.4,Watford
469,Brentford,2022-02-26,+0.4,Newcastle Utd
470,Burnley,2022-02-13,+0.4,Liverpool
471,Chelsea,2022-01-23,+0.4,Tottenham
472,Southampton,2022-01-11,+0.4,Brentford
473,Wolves,2022-01-03,+0.4,Manchester Utd
474,Chelsea,2021-12-19,+0.4,Wolves
475,Arsenal,2021-12-15,+0.4,West Ham
476,Brighton,2021-12-15,+0.4,Wolves
477,Wolves,2021-12-11,+0.4,Manchester City
478,Norwich City,2021-12-11,+0.4,Manchester Utd
479,Brighton,2021-12-01,+0.4,West Ham
480,Crystal Palace,2021-11-30,+0.4,Leeds United
481,Arsenal,2021-11-27,+0.4,Newcastle Utd
482,Leeds United,2021-11-21,+0.4,Tottenham
483,Liverpool,2021-11-20,+0.4,Arsenal
484,Leeds United,2021-11-07,+0.4,Leicester City
485,Newcastle Utd,2021-11-06,+0.4,Brighton
486,Wolves,2021-09-26,+0.4,Southampton
487,Southampton,2021-09-26,+0.4,Wolves
488,Watford,2021-09-25,+0.4,Newcastle Utd
489,Manchester City,2021-09-11,+0.4,Leicester City
490,Arsenal,2021-08-28,+0.4,Manchester City
491,Brentford,2021-08-21,+0.4,Crystal Palace
492,Tottenham,2021-08-15,+0.4,Manchester City
493,Brentford,2021-08-13,+0.4,Arsenal
494,Aston Villa,2023-11-12,+0.3,Fulham
495,Everton,2023-11-04,+0.3,Brighton
496,Fulham,2023-11-04,+0.3,Manchester Utd
497,Manchester Utd,2023-11-04,+0.3,Fulham
498,Everton,2023-10-29,+0.3,West Ham
499,Crystal Palace,2023-09-30,+0.3,Manchester Utd
500,Luton Town,2023-09-30,+0.3,Everton
501,Bournemouth,2023-09-24,+0.3,Brighton
502,Wolves,2023-09-16,+0.3,Liverpool
503,Manchester City,2023-09-16,+0.3,West Ham
504,Tottenham,2023-09-02,+0.3,Burnley
505,Liverpool,2023-08-27,+0.3,Newcastle Utd
506,Tottenham,2023-08-26,+0.3,Bournemouth
507,Newcastle Utd,2023-08-19,+0.3,Manchester City
508,Liverpool,2023-08-19,+0.3,Bournemouth
509,Manchester City,2023-05-28,+0.3,Brentford
510,Leicester City,2023-05-22,+0.3,Newcastle Utd
511,Aston Villa,2023-05-13,+0.3,Tottenham
512,Tottenham,2023-05-06,+0.3,Crystal Palace
513,Everton,2023-05-01,+0.3,Leicester City
514,Aston Villa,2023-04-30,+0.3,Manchester Utd
515,Fulham,2023-04-22,+0.3,Leeds United
516,Aston Villa,2023-04-08,+0.3,Nott'ham Forest
517,Manchester Utd,2023-04-05,+0.3,Brentford
518,Tottenham,2023-03-04,+0.3,Wolves
519,Liverpool,2023-03-01,+0.3,Wolves
520,Crystal Palace,2023-02-25,+0.3,Liverpool
521,Bournemouth,2023-02-18,+0.3,Wolves
522,Everton,2023-02-13,+0.3,Liverpool
523,Manchester Utd,2023-01-18,+0.3,Crystal Palace
524,Fulham,2023-01-15,+0.3,Newcastle Utd
525,Brighton,2023-01-03,+0.3,Everton
526,Arsenal,2023-01-03,+0.3,Newcastle Utd
527,Liverpool,2023-01-02,+0.3,Brentford
528,Crystal Palace,2022-12-31,+0.3,Bournemouth
529,Southampton,2022-12-31,+0.3,Fulham
530,Chelsea,2022-12-27,+0.3,Bournemouth
531,Nott'ham Forest,2022-12-27,+0.3,Manchester Utd
532,Wolves,2022-12-26,+0.3,Everton
533,Arsenal,2022-12-26,+0.3,West Ham
534,Manchester City,2022-11-05,+0.3,Fulham
535,Leicester City,2022-10-23,+0.3,Wolves
536,Manchester Utd,2022-10-19,+0.3,Tottenham
537,Leicester City,2022-10-15,+0.3,Crystal Palace
538,Brighton,2022-10-01,+0.3,Liverpool
539,Chelsea,2022-08-27,+0.3,Leicester City
540,Leeds United,2022-08-27,+0.3,Brighton
541,Leeds United,2022-08-06,+0.3,Wolves
542,Arsenal,2022-08-05,+0.3,Crystal Palace
543,Tottenham,2022-05-12,+0.3,Arsenal
544,Manchester Utd,2022-05-02,+0.3,Brentford
545,Wolves,2022-04-24,+0.3,Burnley
546,Newcastle Utd,2022-04-08,+0.3,Wolves
547,Brentford,2022-04-02,+0.3,Chelsea
548,Wolves,2022-04-02,+0.3,Aston Villa
549,Liverpool,2022-03-16,+0.3,Arsenal
550,Crystal Palace,2022-03-14,+0.3,Manchester City
551,Liverpool,2022-03-12,+0.3,Brighton
552,Brentford,2022-03-05,+0.3,Norwich City
553,Manchester City,2022-02-26,+0.3,Everton
554,Crystal Palace,2022-02-26,+0.3,Burnley
555,Manchester Utd,2022-02-12,+0.3,Southampton
556,Manchester City,2022-02-12,+0.3,Norwich City
557,Arsenal,2022-02-10,+0.3,Wolves
558,Watford,2022-02-05,+0.3,Burnley
559,Leeds United,2022-01-22,+0.3,Newcastle Utd
560,Norwich City,2022-01-12,+0.3,West Ham
561,Brentford,2022-01-02,+0.3,Aston Villa
562,Wolves,2021-12-04,+0.3,Liverpool
563,Brighton,2021-12-04,+0.3,Southampton
564,Liverpool,2021-12-04,+0.3,Wolves
565,Chelsea,2021-12-01,+0.3,Watford
566,Newcastle Utd,2021-11-30,+0.3,Norwich City
567,Everton,2021-11-28,+0.3,Brentford
568,Chelsea,2021-11-20,+0.3,Leicester City
569,Watford,2021-11-20,+0.3,Manchester Utd
570,Aston Villa,2021-11-20,+0.3,Brighton
571,Crystal Palace,2021-11-06,+0.3,Wolves
572,Wolves,2021-11-01,+0.3,Everton
573,Arsenal,2021-10-22,+0.3,Aston Villa
574,Everton,2021-10-17,+0.3,West Ham
575,Liverpool,2021-10-16,+0.3,Watford
576,Norwich City,2021-10-16,+0.3,Brighton
577,Wolves,2021-10-02,+0.3,Newcastle Utd
578,Brighton,2021-09-27,+0.3,Crystal Palace
579,Crystal Palace,2021-09-27,+0.3,Brighton
580,Aston Villa,2021-09-25,+0.3,Manchester Utd
581,Manchester City,2021-09-18,+0.3,Southampton
582,Southampton,2021-09-11,+0.3,West Ham
583,Leicester City,2021-08-28,+0.3,Norwich City
584,Tottenham,2023-12-03,+0.2,Manchester City
585,Newcastle Utd,2023-12-02,+0.2,Manchester Utd
586,Brentford,2023-11-25,+0.2,Arsenal
587,Sheffield Utd,2023-11-12,+0.2,Brighton
588,Liverpool,2023-11-05,+0.2,Luton Town
589,Fulham,2023-10-29,+0.2,Brighton
590,Manchester City,2023-10-29,+0.2,Manchester Utd
591,Wolves,2023-10-21,+0.2,Bournemouth
592,Fulham,2023-10-07,+0.2,Sheffield Utd
593,Arsenal,2023-09-30,+0.2,Bournemouth
594,Newcastle Utd,2023-09-24,+0.2,Sheffield Utd
595,Liverpool,2023-09-03,+0.2,Aston Villa
596,Nott'ham Forest,2023-09-02,+0.2,Chelsea
597,Arsenal,2023-08-21,+0.2,Crystal Palace
598,Aston Villa,2023-08-20,+0.2,Everton
599,Brentford,2023-08-19,+0.2,Fulham
600,Everton,2023-05-28,+0.2,Bournemouth
601,Everton,2023-05-28,+0.2,Bournemouth
602,Nott'ham Forest,2023-05-20,+0.2,Arsenal
603,Brighton,2023-05-14,+0.2,Arsenal
604,Southampton,2023-04-30,+0.2,Newcastle Utd
605,Wolves,2023-04-22,+0.2,Leicester City
606,Chelsea,2023-04-15,+0.2,Brighton
607,Aston Villa,2023-04-15,+0.2,Newcastle Utd
608,Everton,2023-04-08,+0.2,Manchester Utd
609,Bournemouth,2023-04-04,+0.2,Brighton
610,Aston Villa,2023-04-04,+0.2,Leicester City
611,Brighton,2023-04-04,+0.2,Bournemouth
612,Arsenal,2023-03-19,+0.2,Crystal Palace
613,Aston Villa,2023-03-12,+0.2,West Ham
614,Chelsea,2023-03-11,+0.2,Leicester City
615,Brighton,2023-03-04,+0.2,West Ham
616,Chelsea,2023-03-04,+0.2,Leeds United
617,West Ham,2023-02-25,+0.2,Nott'ham Forest
618,Leicester City,2023-02-25,+0.2,Arsenal
619,Crystal Palace,2023-02-18,+0.2,Brentford
620,Brentford,2023-02-18,+0.2,Crystal Palace
621,Liverpool,2023-02-13,+0.2,Everton
622,Brentford,2023-02-11,+0.2,Arsenal
623,Manchester City,2023-01-22,+0.2,Wolves
624,Brentford,2023-01-14,+0.2,Bournemouth
625,Chelsea,2023-01-05,+0.2,Manchester City
626,Arsenal,2022-12-31,+0.2,Brighton
627,Everton,2022-12-31,+0.2,Manchester City
628,Brighton,2022-12-26,+0.2,Southampton
629,Manchester Utd,2022-11-13,+0.2,Fulham
630,Bournemouth,2022-11-12,+0.2,Everton
631,Liverpool,2022-11-12,+0.2,Southampton
632,Brighton,2022-11-05,+0.2,Wolves
633,Chelsea,2022-10-29,+0.2,Brighton
634,Newcastle Utd,2022-10-16,+0.2,Manchester Utd
635,Newcastle Utd,2022-10-08,+0.2,Brentford
636,Chelsea,2022-10-01,+0.2,Crystal Palace
637,Wolves,2022-09-03,+0.2,Southampton
638,Leicester City,2022-09-01,+0.2,Manchester Utd
639,West Ham,2022-08-31,+0.2,Tottenham
640,Aston Villa,2022-08-31,+0.2,Arsenal
641,Fulham,2022-08-30,+0.2,Brighton
642,Wolves,2022-08-28,+0.2,Newcastle Utd
643,West Ham,2022-08-28,+0.2,Aston Villa
644,Southampton,2022-08-27,+0.2,Manchester Utd
645,Crystal Palace,2022-08-20,+0.2,Aston Villa
646,Wolves,2022-08-20,+0.2,Tottenham
647,Crystal Palace,2022-08-15,+0.2,Liverpool
648,Leeds United,2022-08-13,+0.2,Southampton
649,Bournemouth,2022-08-13,+0.2,Manchester City
650,Crystal Palace,2022-05-22,+0.2,Manchester Utd
651,Norwich City,2022-05-15,+0.2,Wolves
652,Everton,2022-05-08,+0.2,Leicester City
653,Liverpool,2022-04-30,+0.2,Newcastle Utd
654,Crystal Palace,2022-04-25,+0.2,Leeds United
655,Southampton,2022-04-21,+0.2,Burnley
656,Newcastle Utd,2022-04-20,+0.2,Crystal Palace
657,Tottenham,2022-04-16,+0.2,Brighton
658,Burnley,2022-04-06,+0.2,Everton
659,Liverpool,2022-04-02,+0.2,Watford
660,Leeds United,2022-04-02,+0.2,Southampton
661,Norwich City,2022-04-02,+0.2,Brighton
662,Leicester City,2022-03-20,+0.2,Brentford
663,Chelsea,2022-03-13,+0.2,Newcastle Utd
664,Wolves,2022-03-13,+0.2,Everton
665,Brentford,2022-03-12,+0.2,Burnley
666,Tottenham,2022-02-26,+0.2,Leeds United
667,Newcastle Utd,2022-02-26,+0.2,Brentford
668,Aston Villa,2022-02-26,+0.2,Brighton
669,Southampton,2022-02-25,+0.2,Norwich City
670,Norwich City,2022-02-25,+0.2,Southampton
671,Burnley,2022-02-23,+0.2,Tottenham
672,Manchester Utd,2022-02-20,+0.2,Leeds United
673,Tottenham,2022-02-13,+0.2,Wolves
674,Southampton,2022-02-09,+0.2,Tottenham
675,Manchester City,2022-02-09,+0.2,Brentford
676,Newcastle Utd,2022-02-08,+0.2,Everton
677,Liverpool,2022-01-23,+0.2,Crystal Palace
678,West Ham,2022-01-22,+0.2,Manchester Utd
679,Southampton,2022-01-22,+0.2,Manchester City
680,Liverpool,2022-01-16,+0.2,Brentford
681,Everton,2022-01-15,+0.2,Norwich City
682,Manchester Utd,2022-01-15,+0.2,Aston Villa
683,Chelsea,2021-12-29,+0.2,Brighton
684,Brentford,2021-12-29,+0.2,Manchester City
685,Manchester City,2021-12-29,+0.2,Brentford
686,Manchester City,2021-12-19,+0.2,Newcastle Utd
687,Wolves,2021-12-19,+0.2,Chelsea
688,Arsenal,2021-12-18,+0.2,Leeds United
689,Chelsea,2021-12-16,+0.2,Everton
690,Aston Villa,2021-12-14,+0.2,Norwich City
691,Crystal Palace,2021-12-12,+0.2,Everton
692,Manchester City,2021-12-11,+0.2,Wolves
693,Watford,2021-12-10,+0.2,Brentford
694,Crystal Palace,2021-12-05,+0.2,Manchester Utd
695,Tottenham,2021-12-05,+0.2,Norwich City
696,Newcastle Utd,2021-12-04,+0.2,Burnley
697,Arsenal,2021-12-02,+0.2,Manchester Utd
698,Leicester City,2021-11-28,+0.2,Watford
699,Newcastle Utd,2021-11-27,+0.2,Arsenal
700,West Ham,2021-11-20,+0.2,Wolves
701,Tottenham,2021-11-07,+0.2,Everton
702,Chelsea,2021-11-06,+0.2,Burnley
703,Manchester City,2021-10-23,+0.2,Brighton
704,West Ham,2021-10-17,+0.2,Everton
705,Leeds United,2021-10-16,+0.2,Southampton
706,Chelsea,2021-10-02,+0.2,Southampton
707,Arsenal,2021-10-02,+0.2,Brighton
708,Leeds United,2021-10-02,+0.2,Watford
709,Arsenal,2021-09-18,+0.2,Burnley
710,Southampton,2021-09-18,+0.2,Manchester City
711,Wolves,2021-09-18,+0.2,Brentford
712,Wolves,2021-09-11,+0.2,Watford
713,Leeds United,2021-08-29,+0.2,Burnley
714,Watford,2021-08-29,+0.2,Tottenham
715,Chelsea,2021-08-22,+0.2,Arsenal
716,Brighton,2021-08-21,+0.2,Watford
717,Wolves,2021-08-14,+0.2,Leicester City
718,Leicester City,2021-08-14,+0.2,Wolves
719,Chelsea,2021-08-14,+0.2,Crystal Palace
720,Arsenal,2023-11-25,+0.1,Brentford
721,Newcastle Utd,2023-11-25,+0.1,Chelsea
722,Fulham,2023-11-12,+0.1,Aston Villa
723,Arsenal,2023-11-11,+0.1,Burnley
724,Everton,2023-11-11,+0.1,Crystal Palace
725,Newcastle Utd,2023-11-04,+0.1,Arsenal
726,Aston Villa,2023-10-29,+0.1,Luton Town
727,Aston Villa,2023-10-22,+0.1,West Ham
728,Luton Town,2023-10-07,+0.1,Tottenham
729,Nott'ham Forest,2023-10-07,+0.1,Crystal Palace
730,Tottenham,2023-10-07,+0.1,Luton Town
731,Burnley,2023-09-30,+0.1,Newcastle Utd
732,Aston Villa,2023-09-30,+0.1,Brighton
733,Arsenal,2023-09-17,+0.1,Everton
734,Everton,2023-08-26,+0.1,Wolves
735,Chelsea,2023-08-25,+0.1,Luton Town
736,Crystal Palace,2023-08-21,+0.1,Arsenal
737,Manchester City,2023-08-19,+0.1,Newcastle Utd
738,Sheffield Utd,2023-08-18,+0.1,Nott'ham Forest
739,Brighton,2023-08-12,+0.1,Luton Town
740,Everton,2023-08-12,+0.1,Fulham
741,Newcastle Utd,2023-05-22,+0.1,Leicester City
742,Aston Villa,2023-05-20,+0.1,Liverpool
743,Everton,2023-05-20,+0.1,Wolves
744,Fulham,2023-05-13,+0.1,Southampton
745,Leeds United,2023-05-13,+0.1,Newcastle Utd
746,Fulham,2023-05-03,+0.1,Liverpool
747,Chelsea,2023-05-02,+0.1,Arsenal
748,Manchester Utd,2023-04-30,+0.1,Aston Villa
749,Brighton,2023-04-29,+0.1,Wolves
750,Newcastle Utd,2023-04-23,+0.1,Tottenham
751,Manchester Utd,2023-04-08,+0.1,Everton
752,Newcastle Utd,2023-04-02,+0.1,Manchester Utd
753,Nott'ham Forest,2023-03-17,+0.1,Newcastle Utd
754,Arsenal,2023-03-12,+0.1,Fulham
755,Crystal Palace,2023-03-04,+0.1,Aston Villa
756,Leeds United,2023-03-04,+0.1,Chelsea
757,Tottenham,2023-02-19,+0.1,West Ham
758,Nott'ham Forest,2023-02-18,+0.1,Manchester City
759,Leicester City,2023-02-11,+0.1,Tottenham
760,Fulham,2023-02-11,+0.1,Nott'ham Forest
761,Arsenal,2023-02-04,+0.1,Everton
762,Everton,2023-02-04,+0.1,Arsenal
763,Brighton,2023-02-04,+0.1,Bournemouth
764,Newcastle Utd,2023-01-21,+0.1,Crystal Palace
765,Liverpool,2023-01-21,+0.1,Chelsea
766,Nott'ham Forest,2023-01-14,+0.1,Leicester City
767,Wolves,2023-01-04,+0.1,Aston Villa
768,Aston Villa,2023-01-01,+0.1,Tottenham
769,Newcastle Utd,2022-12-26,+0.1,Leicester City
770,Brentford,2022-12-26,+0.1,Tottenham
771,Tottenham,2022-12-26,+0.1,Brentford
772,Tottenham,2022-11-06,+0.1,Liverpool
773,Arsenal,2022-11-06,+0.1,Chelsea
774,Arsenal,2022-10-30,+0.1,Nott'ham Forest
775,Bournemouth,2022-10-24,+0.1,West Ham
776,Bournemouth,2022-10-19,+0.1,Southampton
777,West Ham,2022-10-16,+0.1,Southampton
778,Manchester Utd,2022-10-16,+0.1,Newcastle Utd
779,Everton,2022-10-15,+0.1,Tottenham
780,Everton,2022-10-09,+0.1,Manchester Utd
781,Arsenal,2022-10-01,+0.1,Tottenham
782,Fulham,2022-10-01,+0.1,Newcastle Utd
783,Tottenham,2022-09-17,+0.1,Leicester City
784,Manchester City,2022-09-17,+0.1,Wolves
785,Aston Villa,2022-09-16,+0.1,Southampton
786,Arsenal,2022-09-04,+0.1,Manchester Utd
787,Aston Villa,2022-09-03,+0.1,Manchester City
788,Manchester City,2022-08-31,+0.1,Nott'ham Forest
789,Bournemouth,2022-08-31,+0.1,Wolves
790,Arsenal,2022-08-27,+0.1,Fulham
791,Arsenal,2022-08-20,+0.1,Bournemouth
792,Everton,2022-08-20,+0.1,Nott'ham Forest
793,Brighton,2022-08-13,+0.1,Newcastle Utd
794,Manchester City,2022-08-13,+0.1,Bournemouth
795,Fulham,2022-08-13,+0.1,Wolves
796,Manchester City,2022-08-07,+0.1,West Ham
797,Nott'ham Forest,2022-08-06,+0.1,Newcastle Utd
798,Chelsea,2022-08-06,+0.1,Everton
799,Leicester City,2022-05-22,+0.1,Southampton
800,Newcastle Utd,2022-05-16,+0.1,Arsenal
801,Brighton,2022-05-15,+0.1,Leeds United
802,Tottenham,2022-05-15,+0.1,Burnley
803,Norwich City,2022-05-11,+0.1,Leicester City
804,Leeds United,2022-05-08,+0.1,Arsenal
805,Chelsea,2022-05-01,+0.1,Everton
806,Burnley,2022-04-30,+0.1,Watford
807,Brighton,2022-04-30,+0.1,Wolves
808,Liverpool,2022-04-24,+0.1,Everton
809,Leicester City,2022-04-23,+0.1,Aston Villa
810,Tottenham,2022-04-23,+0.1,Brentford
811,Crystal Palace,2022-04-20,+0.1,Newcastle Utd
812,Liverpool,2022-04-19,+0.1,Manchester Utd
813,Manchester City,2022-04-10,+0.1,Liverpool
814,Manchester City,2022-04-02,+0.1,Burnley
815,Leicester City,2022-03-13,+0.1,Arsenal
816,Southampton,2022-03-13,+0.1,Watford
817,Aston Villa,2022-03-10,+0.1,Leeds United
818,Aston Villa,2022-03-05,+0.1,Southampton
819,West Ham,2022-02-27,+0.1,Wolves
820,Brighton,2022-02-26,+0.1,Aston Villa
821,Liverpool,2022-02-23,+0.1,Leeds United
822,Watford,2022-02-19,+0.1,Aston Villa
823,Brighton,2022-02-12,+0.1,Watford
824,Leeds United,2022-02-12,+0.1,Everton
825,Arsenal,2022-01-23,+0.1,Burnley
826,Everton,2022-01-22,+0.1,Aston Villa
827,Norwich City,2022-01-21,+0.1,Watford
828,Manchester Utd,2022-01-03,+0.1,Wolves
829,Crystal Palace,2021-12-28,+0.1,Norwich City
830,Chelsea,2021-12-26,+0.1,Aston Villa
831,Liverpool,2021-12-19,+0.1,Tottenham
832,Newcastle Utd,2021-12-16,+0.1,Liverpool
833,Manchester City,2021-12-14,+0.1,Leeds United
834,Leeds United,2021-12-11,+0.1,Chelsea
835,Tottenham,2021-12-02,+0.1,Brentford
836,Burnley,2021-12-01,+0.1,Wolves
837,Wolves,2021-12-01,+0.1,Burnley
838,Leeds United,2021-11-30,+0.1,Crystal Palace
839,Norwich City,2021-11-27,+0.1,Wolves
840,Arsenal,2021-11-07,+0.1,Watford
841,Southampton,2021-11-05,+0.1,Aston Villa
842,Chelsea,2021-10-30,+0.1,Newcastle Utd
843,Crystal Palace,2021-10-30,+0.1,Manchester City
844,Tottenham,2021-10-24,+0.1,West Ham
845,Chelsea,2021-10-23,+0.1,Norwich City
846,Brighton,2021-10-16,+0.1,Norwich City
847,Manchester City,2021-10-16,+0.1,Burnley
848,Brighton,2021-10-02,+0.1,Arsenal
849,West Ham,2021-09-25,+0.1,Leeds United
850,Brighton,2021-09-19,+0.1,Leicester City
851,Liverpool,2021-09-18,+0.1,Crystal Palace
852,Aston Villa,2021-09-18,+0.1,Everton
853,West Ham,2021-09-11,+0.1,Southampton
854,Crystal Palace,2021-09-11,+0.1,Tottenham
855,Tottenham,2021-09-11,+0.1,Crystal Palace
856,Newcastle Utd,2021-08-28,+0.1,Southampton
857,Brentford,2021-08-28,+0.1,Aston Villa
858,Everton,2021-08-28,+0.1,Brighton
859,Everton,2021-08-14,+0.1,Southampton
860,Brighton,2023-11-12,0.0,Sheffield Utd
861,Manchester City,2023-11-12,0.0,Chelsea
862,Liverpool,2023-10-29,0.0,Nott'ham Forest
863,Arsenal,2023-10-28,0.0,Sheffield Utd
864,Burnley,2023-10-21,0.0,Brentford
865,Manchester City,2023-10-21,0.0,Brighton
866,Liverpool,2023-10-21,0.0,Everton
867,Brighton,2023-10-08,0.0,Liverpool
868,Wolves,2023-10-08,0.0,Aston Villa
869,Arsenal,2023-10-08,0.0,Manchester City
870,Burnley,2023-09-18,0.0,Nott'ham Forest
871,Sheffield Utd,2023-09-16,0.0,Tottenham
872,Brentford,2023-09-16,0.0,Newcastle Utd
873,Luton Town,2023-09-16,0.0,Fulham
874,Brentford,2023-09-02,0.0,Bournemouth
875,Fulham,2023-08-26,0.0,Arsenal
876,Manchester Utd,2023-08-26,0.0,Nott'ham Forest
877,Nott'ham Forest,2023-08-12,0.0,Arsenal
878,Crystal Palace,2023-08-12,0.0,Sheffield Utd
879,Manchester City,2023-08-11,0.0,Burnley
880,Arsenal,2023-05-28,0.0,Wolves
881,Manchester Utd,2023-05-25,0.0,Chelsea
882,Chelsea,2023-05-21,0.0,Manchester City
883,Crystal Palace,2023-05-13,0.0,Bournemouth
884,Newcastle Utd,2023-05-13,0.0,Leeds United
885,Manchester Utd,2023-05-13,0.0,Wolves
886,Chelsea,2023-05-06,0.0,Bournemouth
887,Liverpool,2023-05-06,0.0,Brentford
888,Newcastle Utd,2023-04-30,0.0,Southampton
889,Aston Villa,2023-04-25,0.0,Fulham
890,Aston Villa,2023-04-22,0.0,Brentford
891,Manchester Utd,2023-04-16,0.0,Nott'ham Forest
892,Nott'ham Forest,2023-04-08,0.0,Aston Villa
893,Brentford,2023-04-08,0.0,Newcastle Utd
894,Wolves,2023-04-08,0.0,Chelsea
895,Everton,2023-04-03,0.0,Tottenham
896,Bournemouth,2023-03-18,0.0,Aston Villa
897,Brentford,2023-03-15,0.0,Southampton
898,Manchester City,2023-03-11,0.0,Crystal Palace
899,Leeds United,2023-03-11,0.0,Brighton
900,Aston Villa,2023-03-04,0.0,Crystal Palace
901,Southampton,2023-03-04,0.0,Leicester City
902,West Ham,2023-03-04,0.0,Brighton
903,Tottenham,2023-02-26,0.0,Chelsea
904,Liverpool,2023-02-25,0.0,Crystal Palace
905,Arsenal,2023-02-25,0.0,Leicester City
906,Wolves,2023-02-18,0.0,Bournemouth
907,Everton,2023-02-18,0.0,Leeds United
908,Manchester City,2023-02-18,0.0,Nott'ham Forest
909,Manchester City,2023-02-15,0.0,Arsenal
910,Leeds United,2023-02-12,0.0,Manchester Utd
911,Aston Villa,2023-02-12,0.0,Manchester City
912,Arsenal,2023-02-11,0.0,Brentford
913,Manchester City,2023-02-05,0.0,Tottenham
914,Bournemouth,2023-02-04,0.0,Brighton
915,Leeds United,2023-01-22,0.0,Brentford
916,Newcastle Utd,2023-01-15,0.0,Fulham
917,Nott'ham Forest,2023-01-04,0.0,Southampton
918,Nott'ham Forest,2023-01-01,0.0,Chelsea
919,Bournemouth,2022-12-31,0.0,Crystal Palace
920,West Ham,2022-12-30,0.0,Brentford
921,Fulham,2022-12-26,0.0,Crystal Palace
922,Nott'ham Forest,2022-11-12,0.0,Crystal Palace
923,Everton,2022-11-12,0.0,Bournemouth
924,Crystal Palace,2022-11-12,0.0,Nott'ham Forest
925,Chelsea,2022-11-06,0.0,Arsenal
926,Newcastle Utd,2022-10-29,0.0,Aston Villa
927,Manchester Utd,2022-10-22,0.0,Chelsea
928,Newcastle Utd,2022-10-19,0.0,Everton
929,Brighton,2022-10-18,0.0,Nott'ham Forest
930,Leeds United,2022-10-16,0.0,Arsenal
931,Nott'ham Forest,2022-10-15,0.0,Wolves
932,Tottenham,2022-10-15,0.0,Everton
933,Brighton,2022-10-14,0.0,Brentford
934,Manchester City,2022-10-08,0.0,Southampton
935,Aston Villa,2022-10-02,0.0,Leeds United
936,Brentford,2022-10-01,0.0,Bournemouth
937,Chelsea,2022-09-03,0.0,West Ham
938,Tottenham,2022-08-28,0.0,Nott'ham Forest
939,Liverpool,2022-08-15,0.0,Crystal Palace
940,Newcastle Utd,2022-08-06,0.0,Nott'ham Forest
941,Tottenham,2022-05-22,0.0,Norwich City
942,Arsenal,2022-05-22,0.0,Everton
943,Everton,2022-05-11,0.0,Watford
944,Chelsea,2022-05-11,0.0,Leeds United
945,Liverpool,2022-05-10,0.0,Aston Villa
946,Brentford,2022-04-23,0.0,Tottenham
947,Manchester City,2022-04-20,0.0,Brighton
948,Leicester City,2022-04-17,0.0,Newcastle Utd
949,Brighton,2022-04-16,0.0,Tottenham
950,Brentford,2022-04-10,0.0,West Ham
951,Brighton,2022-04-02,0.0,Norwich City
952,Southampton,2022-04-02,0.0,Leeds United
953,Watford,2022-04-02,0.0,Liverpool
954,Aston Villa,2022-04-02,0.0,Wolves
955,Manchester Utd,2022-04-02,0.0,Leicester City
956,Leeds United,2022-03-18,0.0,Wolves
957,Tottenham,2022-03-16,0.0,Brighton
958,Manchester City,2022-03-14,0.0,Crystal Palace
959,Norwich City,2022-03-13,0.0,Leeds United
960,Newcastle Utd,2022-03-13,0.0,Chelsea
961,Manchester Utd,2022-03-12,0.0,Tottenham
962,Burnley,2022-03-12,0.0,Brentford
963,Wolves,2022-03-10,0.0,Watford
964,Tottenham,2022-03-07,0.0,Everton
965,Chelsea,2022-03-05,0.0,Burnley
966,Manchester City,2022-02-19,0.0,Tottenham
967,Chelsea,2022-02-19,0.0,Crystal Palace
968,Burnley,2022-02-19,0.0,Brighton
969,Southampton,2022-02-19,0.0,Everton
970,Newcastle Utd,2022-02-13,0.0,Aston Villa
971,Everton,2022-02-12,0.0,Leeds United
972,Manchester Utd,2022-01-22,0.0,West Ham
973,Aston Villa,2022-01-22,0.0,Everton
974,Brighton,2021-12-29,0.0,Chelsea
975,Tottenham,2021-12-26,0.0,Crystal Palace
976,Tottenham,2021-12-19,0.0,Liverpool
977,Wolves,2021-12-15,0.0,Brighton
978,West Ham,2021-12-12,0.0,Burnley
979,Liverpool,2021-12-11,0.0,Aston Villa
980,Southampton,2021-12-04,0.0,Brighton
981,Everton,2021-12-01,0.0,Liverpool
982,Norwich City,2021-11-30,0.0,Newcastle Utd
983,Chelsea,2021-11-28,0.0,Manchester Utd
984,Aston Villa,2021-11-27,0.0,Crystal Palace
985,Manchester City,2021-11-21,0.0,Everton
986,Everton,2021-11-07,0.0,Tottenham
987,Manchester City,2021-11-06,0.0,Manchester Utd
988,Manchester Utd,2021-10-30,0.0,Tottenham
989,Aston Villa,2021-10-22,0.0,Arsenal
990,Southampton,2021-10-16,0.0,Leeds United
991,Brentford,2021-10-03,0.0,West Ham
992,Tottenham,2021-10-03,0.0,Aston Villa
993,Manchester Utd,2021-10-02,0.0,Everton
994,Manchester City,2021-09-25,0.0,Chelsea
995,Brentford,2021-09-18,0.0,Wolves
996,Arsenal,2021-09-11,0.0,Norwich City
997,Brighton,2021-09-11,0.0,Brentford
998,Burnley,2021-08-29,0.0,Leeds United
999,Manchester City,2021-08-28,0.0,Arsenal
1000,Aston Villa,2021-08-28,0.0,Brentford
1001,Manchester City,2021-08-21,0.0,Norwich City
1002,Aston Villa,2021-08-21,0.0,Newcastle Utd
1003,Manchester Utd,2021-08-14,0.0,Leeds United
1004,Southampton,2021-08-14,0.0,Everton
1005,Arsenal,2023-12-02,-0.1,Wolves
1006,Burnley,2023-11-11,-0.1,Arsenal
1007,Arsenal,2023-11-04,-0.1,Newcastle Utd
1008,Brighton,2023-10-29,-0.1,Fulham
1009,Wolves,2023-10-28,-0.1,Newcastle Utd
1010,Arsenal,2023-10-21,-0.1,Chelsea
1011,Everton,2023-09-23,-0.1,Brentford
1012,Chelsea,2023-09-02,-0.1,Nott'ham Forest
1013,Brighton,2023-08-26,-0.1,West Ham
1014,Arsenal,2023-08-12,-0.1,Nott'ham Forest
1015,Fulham,2023-05-20,-0.1,Crystal Palace
1016,Tottenham,2023-04-27,-0.1,Manchester Utd
1017,Leicester City,2023-04-22,-0.1,Wolves
1018,Liverpool,2023-04-17,-0.1,Leeds United
1019,Chelsea,2023-04-08,-0.1,Wolves
1020,Liverpool,2023-04-01,-0.1,Manchester City
1021,Southampton,2023-03-15,-0.1,Brentford
1022,Brentford,2023-03-06,-0.1,Fulham
1023,Everton,2023-03-05,-0.1,Nott'ham Forest
1024,Newcastle Utd,2023-02-11,-0.1,Bournemouth
1025,Everton,2023-01-21,-0.1,West Ham
1026,Manchester Utd,2023-01-14,-0.1,Manchester City
1027,Leicester City,2023-01-03,-0.1,Fulham
1028,Chelsea,2023-01-01,-0.1,Nott'ham Forest
1029,Southampton,2022-11-12,-0.1,Liverpool
1030,Fulham,2022-10-15,-0.1,Bournemouth
1031,West Ham,2022-10-09,-0.1,Fulham
1032,Manchester City,2022-10-02,-0.1,Manchester Utd
1033,Newcastle Utd,2022-10-01,-0.1,Fulham
1034,Fulham,2022-09-03,-0.1,Tottenham
1035,Liverpool,2022-08-31,-0.1,Newcastle Utd
1036,Brentford,2022-08-30,-0.1,Crystal Palace
1037,Fulham,2022-08-27,-0.1,Arsenal
1038,Brentford,2022-08-20,-0.1,Fulham
1039,Southampton,2022-08-13,-0.1,Leeds United
1040,Fulham,2022-08-06,-0.1,Liverpool
1041,Leeds United,2022-05-22,-0.1,Brentford
1042,Wolves,2022-05-15,-0.1,Norwich City
1043,Wolves,2022-05-07,-0.1,Chelsea
1044,Wolves,2022-04-30,-0.1,Brighton
1045,Everton,2022-04-20,-0.1,Leicester City
1046,West Ham,2022-04-17,-0.1,Burnley
1047,Leicester City,2022-04-02,-0.1,Manchester Utd
1048,Burnley,2022-02-26,-0.1,Crystal Palace
1049,Crystal Palace,2022-02-23,-0.1,Watford
1050,Brentford,2022-02-09,-0.1,Manchester City
1051,Tottenham,2022-01-23,-0.1,Chelsea
1052,Brighton,2022-01-14,-0.1,Crystal Palace
1053,Leeds United,2022-01-02,-0.1,Burnley
1054,Liverpool,2022-01-02,-0.1,Chelsea
1055,Watford,2021-12-04,-0.1,Manchester City
1056,West Ham,2021-12-01,-0.1,Brighton
1057,Leicester City,2021-10-24,-0.1,Brentford
1058,Newcastle Utd,2021-10-23,-0.1,Crystal Palace
1059,Everton,2021-10-02,-0.1,Manchester Utd
1060,Manchester Utd,2021-09-25,-0.1,Aston Villa
1061,Norwich City,2021-09-25,-0.1,Everton
1062,Newcastle Utd,2021-09-17,-0.1,Leeds United
1063,Brighton,2021-08-28,-0.1,Everton
1064,Brighton,2021-08-14,-0.1,Burnley
1065,Fulham,2023-11-27,-0.2,Wolves
1066,Bournemouth,2023-11-25,-0.2,Sheffield Utd
1067,Brighton,2023-11-25,-0.2,Nott'ham Forest
1068,West Ham,2023-11-12,-0.2,Nott'ham Forest
1069,Burnley,2023-11-04,-0.2,Crystal Palace
1070,West Ham,2023-10-29,-0.2,Everton
1071,Crystal Palace,2023-10-27,-0.2,Tottenham
1072,Everton,2023-10-21,-0.2,Liverpool
1073,Burnley,2023-10-07,-0.2,Chelsea
1074,Sheffield Utd,2023-10-07,-0.2,Fulham
1075,Manchester City,2023-09-30,-0.2,Wolves
1076,Burnley,2023-09-23,-0.2,Manchester Utd
1077,Luton Town,2023-09-23,-0.2,Wolves
1078,Everton,2023-09-17,-0.2,Arsenal
1079,West Ham,2023-09-01,-0.2,Luton Town
1080,Newcastle Utd,2023-08-27,-0.2,Liverpool
1081,Wolves,2023-08-14,-0.2,Manchester Utd
1082,Chelsea,2023-08-13,-0.2,Liverpool
1083,Fulham,2023-05-28,-0.2,Manchester Utd
1084,Tottenham,2023-05-28,-0.2,Leeds United
1085,West Ham,2023-05-21,-0.2,Leeds United
1086,Brighton,2023-05-18,-0.2,Newcastle Utd
1087,Aston Villa,2023-05-06,-0.2,Wolves
1088,Nott'ham Forest,2023-04-29,-0.2,Brentford
1089,Brentford,2023-04-22,-0.2,Aston Villa
1090,Leeds United,2023-04-22,-0.2,Fulham
1091,Arsenal,2023-04-16,-0.2,West Ham
1092,Tottenham,2023-04-15,-0.2,Bournemouth
1093,Tottenham,2023-04-08,-0.2,Brighton
1094,Newcastle Utd,2023-04-05,-0.2,West Ham
1095,Tottenham,2023-03-18,-0.2,Southampton
1096,Brentford,2023-03-18,-0.2,Leicester City
1097,Crystal Palace,2023-03-15,-0.2,Brighton
1098,Fulham,2023-03-06,-0.2,Brentford
1099,Nott'ham Forest,2023-02-11,-0.2,Fulham
1100,Fulham,2023-01-23,-0.2,Tottenham
1101,Leeds United,2022-12-28,-0.2,Manchester City
1102,West Ham,2022-11-12,-0.2,Leicester City
1103,Fulham,2022-11-05,-0.2,Manchester City
1104,West Ham,2022-10-30,-0.2,Manchester Utd
1105,Southampton,2022-10-29,-0.2,Crystal Palace
1106,Tottenham,2022-10-19,-0.2,Manchester Utd
1107,Wolves,2022-10-18,-0.2,Crystal Palace
1108,Liverpool,2022-10-09,-0.2,Arsenal
1109,Fulham,2022-10-09,-0.2,West Ham
1110,Everton,2022-10-01,-0.2,Southampton
1111,Southampton,2022-09-16,-0.2,Aston Villa
1112,Manchester Utd,2022-09-04,-0.2,Arsenal
1113,Everton,2022-08-30,-0.2,Leeds United
1114,Brentford,2022-05-22,-0.2,Leeds United
1115,Wolves,2022-05-22,-0.2,Liverpool
1116,Newcastle Utd,2022-05-22,-0.2,Burnley
1117,Crystal Palace,2022-05-15,-0.2,Aston Villa
1118,Everton,2022-05-15,-0.2,Brentford
1119,Leeds United,2022-05-15,-0.2,Brighton
1120,Brentford,2022-04-16,-0.2,Watford
1121,Leeds United,2022-03-13,-0.2,Norwich City
1122,Brighton,2022-02-15,-0.2,Manchester Utd
1123,Wolves,2022-02-10,-0.2,Arsenal
1124,Manchester Utd,2022-02-08,-0.2,Burnley
1125,Brentford,2022-01-19,-0.2,Manchester Utd
1126,Southampton,2022-01-15,-0.2,Wolves
1127,Manchester Utd,2021-12-30,-0.2,Burnley
1128,Chelsea,2021-12-11,-0.2,Leeds United
1129,Aston Villa,2021-12-01,-0.2,Manchester City
1130,Norwich City,2021-11-20,-0.2,Southampton
1131,Leicester City,2021-11-07,-0.2,Leeds United
1132,Burnley,2021-11-06,-0.2,Chelsea
1133,Aston Villa,2021-11-05,-0.2,Southampton
1134,Burnley,2021-10-30,-0.2,Brentford
1135,Brighton,2021-10-23,-0.2,Manchester City
1136,Burnley,2021-10-16,-0.2,Manchester City
1137,Manchester City,2021-10-03,-0.2,Liverpool
1138,Southampton,2021-10-02,-0.2,Chelsea
1139,Newcastle Utd,2021-09-25,-0.2,Watford
1140,Leeds United,2021-09-12,-0.2,Liverpool
1141,Manchester City,2021-08-15,-0.2,Tottenham
1142,Manchester City,2023-11-25,-0.3,Liverpool
1143,West Ham,2023-11-04,-0.3,Brentford
1144,Luton Town,2023-10-03,-0.3,Burnley
1145,Nott'ham Forest,2023-10-01,-0.3,Brentford
1146,Brighton,2023-09-16,-0.3,Manchester Utd
1147,Aston Villa,2023-09-16,-0.3,Crystal Palace
1148,Luton Town,2023-08-25,-0.3,Chelsea
1149,Chelsea,2023-08-20,-0.3,West Ham
1150,Tottenham,2023-08-13,-0.3,Brentford
1151,Bournemouth,2023-08-12,-0.3,West Ham
1152,Burnley,2023-08-11,-0.3,Manchester City
1153,Brighton,2023-05-28,-0.3,Aston Villa
1154,Nott'ham Forest,2023-05-13,-0.3,Chelsea
1155,Manchester Utd,2023-05-07,-0.3,West Ham
1156,Manchester City,2023-04-30,-0.3,Fulham
1157,Brentford,2023-04-29,-0.3,Nott'ham Forest
1158,Manchester Utd,2023-04-27,-0.3,Tottenham
1159,Everton,2023-04-27,-0.3,Newcastle Utd
1160,Fulham,2023-04-25,-0.3,Aston Villa
1161,Brentford,2023-04-05,-0.3,Manchester Utd
1162,Wolves,2023-04-01,-0.3,Nott'ham Forest
1163,Leeds United,2023-03-18,-0.3,Wolves
1164,Fulham,2023-03-12,-0.3,Arsenal
1165,Manchester City,2023-02-25,-0.3,Bournemouth
1166,Chelsea,2023-02-18,-0.3,Southampton
1167,Brighton,2023-02-18,-0.3,Fulham
1168,Liverpool,2023-02-04,-0.3,Wolves
1169,West Ham,2023-02-04,-0.3,Newcastle Utd
1170,Manchester Utd,2023-01-22,-0.3,Arsenal
1171,Southampton,2023-01-14,-0.3,Everton
1172,Leicester City,2023-01-14,-0.3,Nott'ham Forest
1173,Bournemouth,2023-01-03,-0.3,Manchester Utd
1174,Fulham,2022-12-31,-0.3,Southampton
1175,Bournemouth,2022-12-27,-0.3,Chelsea
1176,Bournemouth,2022-10-29,-0.3,Tottenham
1177,Liverpool,2022-10-29,-0.3,Leeds United
1178,Brentford,2022-10-29,-0.3,Wolves
1179,Leicester City,2022-10-29,-0.3,Manchester City
1180,Arsenal,2022-10-23,-0.3,Southampton
1181,Everton,2022-10-19,-0.3,Newcastle Utd
1182,Manchester City,2022-10-16,-0.3,Liverpool
1183,Bournemouth,2022-10-15,-0.3,Fulham
1184,Leeds United,2022-10-09,-0.3,Crystal Palace
1185,Southampton,2022-10-01,-0.3,Everton
1186,Newcastle Utd,2022-09-17,-0.3,Bournemouth
1187,Tottenham,2022-08-31,-0.3,West Ham
1188,Everton,2022-08-13,-0.3,Aston Villa
1189,West Ham,2022-08-07,-0.3,Manchester City
1190,Wolves,2022-08-06,-0.3,Leeds United
1191,Brighton,2022-05-22,-0.3,West Ham
1192,Liverpool,2022-05-07,-0.3,Tottenham
1193,Tottenham,2022-05-01,-0.3,Leicester City
1194,Manchester Utd,2022-04-23,-0.3,Arsenal
1195,Leicester City,2022-04-20,-0.3,Everton
1196,West Ham,2022-04-10,-0.3,Brentford
1197,Brighton,2022-04-09,-0.3,Arsenal
1198,Brighton,2022-03-05,-0.3,Newcastle Utd
1199,Norwich City,2022-03-05,-0.3,Brentford
1200,Leicester City,2022-02-13,-0.3,West Ham
1201,Norwich City,2022-01-15,-0.3,Everton
1202,Arsenal,2022-01-01,-0.3,Manchester City
1203,Newcastle Utd,2021-12-27,-0.3,Manchester Utd
1204,Norwich City,2021-12-14,-0.3,Aston Villa
1205,Manchester Utd,2021-12-02,-0.3,Arsenal
1206,West Ham,2021-10-31,-0.3,Aston Villa
1207,Leeds United,2021-10-23,-0.3,Wolves
1208,Crystal Palace,2021-10-18,-0.3,Arsenal
1209,Manchester Utd,2021-10-16,-0.3,Leicester City
1210,Wolves,2021-10-16,-0.3,Aston Villa
1211,Chelsea,2021-09-25,-0.3,Manchester City
1212,Watford,2021-09-18,-0.3,Norwich City
1213,Manchester Utd,2021-09-11,-0.3,Newcastle Utd
1214,West Ham,2021-08-28,-0.3,Crystal Palace
1215,West Ham,2023-12-03,-0.4,Crystal Palace
1216,Wolves,2023-12-02,-0.4,Arsenal
1217,Luton Town,2023-12-02,-0.4,Brentford
1218,Burnley,2023-11-25,-0.4,West Ham
1219,Brighton,2023-11-04,-0.4,Everton
1220,Brighton,2023-09-24,-0.4,Bournemouth
1221,Nott'ham Forest,2023-09-18,-0.4,Burnley
1222,Arsenal,2023-09-03,-0.4,Manchester Utd
1223,Crystal Palace,2023-08-26,-0.4,Brentford
1224,Brentford,2023-08-26,-0.4,Crystal Palace
1225,Crystal Palace,2023-05-28,-0.4,Nott'ham Forest
1226,Liverpool,2023-05-20,-0.4,Aston Villa
1227,Crystal Palace,2023-05-06,-0.4,Tottenham
1228,Leicester City,2023-04-25,-0.4,Leeds United
1229,Bournemouth,2023-04-15,-0.4,Tottenham
1230,Everton,2023-04-15,-0.4,Fulham
1231,Manchester City,2023-04-01,-0.4,Liverpool
1232,Leeds United,2023-02-18,-0.4,Everton
1233,Manchester Utd,2023-02-04,-0.4,Crystal Palace
1234,Wolves,2023-01-22,-0.4,Manchester City
1235,Crystal Palace,2023-01-18,-0.4,Manchester Utd
1236,Crystal Palace,2023-01-15,-0.4,Chelsea
1237,West Ham,2023-01-14,-0.4,Wolves
1238,Everton,2023-01-14,-0.4,Southampton
1239,Manchester City,2023-01-14,-0.4,Manchester Utd
1240,Aston Villa,2023-01-04,-0.4,Wolves
1241,Manchester City,2022-12-31,-0.4,Everton
1242,West Ham,2022-12-26,-0.4,Arsenal
1243,Leicester City,2022-12-26,-0.4,Newcastle Utd
1244,Tottenham,2022-10-29,-0.4,Bournemouth
1245,Southampton,2022-10-23,-0.4,Arsenal
1246,Brentford,2022-10-23,-0.4,Aston Villa
1247,Liverpool,2022-10-01,-0.4,Brighton
1248,Brentford,2022-09-18,-0.4,Arsenal
1249,Manchester City,2022-09-03,-0.4,Aston Villa
1250,Crystal Palace,2022-08-30,-0.4,Brentford
1251,Chelsea,2022-08-21,-0.4,Leeds United
1252,Chelsea,2022-08-14,-0.4,Tottenham
1253,Tottenham,2022-08-06,-0.4,Southampton
1254,Manchester Utd,2022-05-22,-0.4,Crystal Palace
1255,Liverpool,2022-05-17,-0.4,Southampton
1256,Manchester City,2022-05-11,-0.4,Wolves
1257,Arsenal,2022-05-01,-0.4,West Ham
1258,Arsenal,2022-04-16,-0.4,Southampton
1259,Tottenham,2022-04-03,-0.4,Newcastle Utd
1260,Brentford,2022-03-20,-0.4,Leicester City
1261,Newcastle Utd,2022-03-17,-0.4,Everton
1262,Everton,2022-03-13,-0.4,Wolves
1263,Leeds United,2022-03-10,-0.4,Aston Villa
1264,Arsenal,2022-03-06,-0.4,Watford
1265,Burnley,2022-03-05,-0.4,Chelsea
1266,Tottenham,2022-02-23,-0.4,Burnley
1267,Newcastle Utd,2022-02-19,-0.4,West Ham
1268,Watford,2022-02-12,-0.4,Brighton
1269,Manchester City,2022-01-22,-0.4,Southampton
1270,Newcastle Utd,2022-01-15,-0.4,Watford
1271,Everton,2022-01-02,-0.4,Brighton
1272,West Ham,2022-01-01,-0.4,Crystal Palace
1273,Tottenham,2021-12-28,-0.4,Southampton
1274,Aston Villa,2021-12-26,-0.4,Chelsea
1275,Leeds United,2021-12-18,-0.4,Arsenal
1276,Liverpool,2021-12-16,-0.4,Newcastle Utd
1277,Brentford,2021-12-10,-0.4,Watford
1278,Leicester City,2021-12-05,-0.4,Aston Villa
1279,Brentford,2021-12-05,-0.4,Leeds United
1280,Burnley,2021-12-04,-0.4,Newcastle Utd
1281,Brighton,2021-11-20,-0.4,Aston Villa
1282,Watford,2021-10-30,-0.4,Southampton
1283,Southampton,2021-10-23,-0.4,Burnley
1284,Crystal Palace,2021-10-03,-0.4,Leicester City
1285,Burnley,2021-09-18,-0.4,Arsenal
1286,Norwich City,2021-08-28,-0.4,Leicester City
1287,Tottenham,2023-11-26,-0.5,Aston Villa
1288,Crystal Palace,2023-11-25,-0.5,Luton Town
1289,Brentford,2023-11-12,-0.5,Liverpool
1290,Chelsea,2023-11-12,-0.5,Manchester City
1291,Chelsea,2023-11-06,-0.5,Tottenham
1292,Manchester City,2023-11-04,-0.5,Bournemouth
1293,West Ham,2023-10-08,-0.5,Newcastle Utd
1294,Brentford,2023-10-07,-0.5,Manchester Utd
1295,Manchester Utd,2023-09-16,-0.5,Brighton
1296,Crystal Palace,2023-09-16,-0.5,Aston Villa
1297,Bournemouth,2023-09-02,-0.5,Brentford
1298,Burnley,2023-09-02,-0.5,Tottenham
1299,Aston Villa,2023-08-27,-0.5,Burnley
1300,Brighton,2023-05-21,-0.5,Southampton
1301,Arsenal,2023-05-20,-0.5,Nott'ham Forest
1302,Tottenham,2023-05-13,-0.5,Aston Villa
1303,Bournemouth,2023-05-13,-0.5,Crystal Palace
1304,Nott'ham Forest,2023-05-08,-0.5,Southampton
1305,Southampton,2023-04-27,-0.5,Bournemouth
1306,West Ham,2023-04-16,-0.5,Arsenal
1307,Manchester City,2023-04-08,-0.5,Southampton
1308,Leicester City,2023-04-04,-0.5,Aston Villa
1309,Nott'ham Forest,2023-04-04,-0.5,Leeds United
1310,Arsenal,2023-04-01,-0.5,Leeds United
1311,Liverpool,2023-03-11,-0.5,Bournemouth
1312,Arsenal,2023-03-04,-0.5,Bournemouth
1313,West Ham,2023-02-19,-0.5,Tottenham
1314,Brighton,2023-02-11,-0.5,Crystal Palace
1315,Newcastle Utd,2023-02-04,-0.5,West Ham
1316,Nott'ham Forest,2023-01-21,-0.5,Bournemouth
1317,Chelsea,2023-01-12,-0.5,Fulham
1318,Southampton,2023-01-04,-0.5,Nott'ham Forest
1319,Everton,2022-11-05,-0.5,Leicester City
1320,Nott'ham Forest,2022-11-05,-0.5,Brentford
1321,Newcastle Utd,2022-10-23,-0.5,Tottenham
1322,Aston Villa,2022-10-10,-0.5,Nott'ham Forest
1323,Manchester Utd,2022-10-09,-0.5,Everton
1324,Brighton,2022-10-08,-0.5,Tottenham
1325,Brighton,2022-09-04,-0.5,Leicester City
1326,West Ham,2022-08-21,-0.5,Brighton
1327,Fulham,2022-08-20,-0.5,Brentford
1328,Arsenal,2022-08-13,-0.5,Leicester City
1329,Manchester Utd,2022-08-07,-0.5,Brighton
1330,Arsenal,2022-05-12,-0.5,Tottenham
1331,West Ham,2022-05-01,-0.5,Arsenal
1332,Norwich City,2022-04-30,-0.5,Aston Villa
1333,Crystal Palace,2022-04-30,-0.5,Southampton
1334,Burnley,2022-04-10,-0.5,Norwich City
1335,West Ham,2022-04-03,-0.5,Everton
1336,West Ham,2022-03-20,-0.5,Tottenham
1337,Aston Villa,2022-03-19,-0.5,Arsenal
1338,Arsenal,2022-02-24,-0.5,Wolves
1339,Crystal Palace,2022-02-19,-0.5,Chelsea
1340,Brentford,2022-02-19,-0.5,Arsenal
1341,West Ham,2022-02-13,-0.5,Leicester City
1342,Tottenham,2022-02-09,-0.5,Southampton
1343,Tottenham,2022-01-19,-0.5,Leicester City
1344,Chelsea,2022-01-18,-0.5,Brighton
1345,Brighton,2022-01-18,-0.5,Chelsea
1346,Aston Villa,2022-01-15,-0.5,Manchester Utd
1347,Norwich City,2021-12-28,-0.5,Crystal Palace
1348,Manchester City,2021-12-26,-0.5,Leicester City
1349,Southampton,2021-12-01,-0.5,Leicester City
1350,Everton,2021-11-21,-0.5,Manchester City
1351,Leicester City,2021-11-20,-0.5,Chelsea
1352,Manchester Utd,2021-11-06,-0.5,Manchester City
1353,Brentford,2021-11-06,-0.5,Norwich City
1354,Leeds United,2021-10-31,-0.5,Norwich City
1355,Aston Villa,2021-10-31,-0.5,West Ham
1356,Liverpool,2021-10-30,-0.5,Brighton
1357,Brentford,2021-10-30,-0.5,Burnley
1358,Watford,2021-10-23,-0.5,Everton
1359,Crystal Palace,2021-10-23,-0.5,Newcastle Utd
1360,Leicester City,2021-09-25,-0.5,Burnley
1361,Leicester City,2021-09-19,-0.5,Brighton
1362,Everton,2021-09-13,-0.5,Burnley
1363,Brentford,2021-09-11,-0.5,Brighton
1364,Crystal Palace,2021-08-28,-0.5,West Ham
1365,West Ham,2021-08-23,-0.5,Leicester City
1366,Burnley,2021-08-21,-0.5,Liverpool
1367,Newcastle Utd,2021-08-21,-0.5,Aston Villa
1368,West Ham,2021-08-15,-0.5,Newcastle Utd
1369,Crystal Palace,2023-12-03,-0.6,West Ham
1370,Nott'ham Forest,2023-12-02,-0.6,Everton
1371,Everton,2023-11-26,-0.6,Manchester Utd
1372,Burnley,2023-10-28,-0.6,Bournemouth
1373,Chelsea,2023-10-28,-0.6,Brentford
1374,Chelsea,2023-10-07,-0.6,Burnley
1375,Manchester Utd,2023-09-30,-0.6,Crystal Palace
1376,Everton,2023-09-30,-0.6,Luton Town
1377,Brighton,2023-09-02,-0.6,Newcastle Utd
1378,Manchester City,2023-08-27,-0.6,Sheffield Utd
1379,Southampton,2023-05-28,-0.6,Liverpool
1380,Aston Villa,2023-05-28,-0.6,Brighton
1381,Leicester City,2023-05-28,-0.6,West Ham
1382,Crystal Palace,2023-05-20,-0.6,Fulham
1383,Southampton,2023-05-13,-0.6,Fulham
1384,Leeds United,2023-05-06,-0.6,Manchester City
1385,Manchester City,2023-05-06,-0.6,Leeds United
1386,West Ham,2023-04-29,-0.6,Crystal Palace
1387,Brighton,2023-04-08,-0.6,Tottenham
1388,Southampton,2023-04-02,-0.6,West Ham
1389,Leeds United,2023-04-01,-0.6,Arsenal
1390,Bournemouth,2023-02-25,-0.6,Manchester City
1391,Manchester City,2023-02-12,-0.6,Aston Villa
1392,Leeds United,2023-02-08,-0.6,Manchester Utd
1393,Bournemouth,2023-01-14,-0.6,Brentford
1394,Brighton,2022-11-13,-0.6,Aston Villa
1395,Tottenham,2022-11-12,-0.6,Leeds United
1396,Wolves,2022-10-29,-0.6,Brentford
1397,Southampton,2022-10-16,-0.6,West Ham
1398,Nott'ham Forest,2022-10-10,-0.6,Aston Villa
1399,Wolves,2022-10-08,-0.6,Chelsea
1400,Leeds United,2022-08-30,-0.6,Everton
1401,Leicester City,2022-08-13,-0.6,Arsenal
1402,Arsenal,2022-05-08,-0.6,Leeds United
1403,Tottenham,2022-05-07,-0.6,Liverpool
1404,Chelsea,2022-04-28,-0.6,Manchester Utd
1405,Manchester City,2022-04-23,-0.6,Watford
1406,Manchester Utd,2022-04-16,-0.6,Norwich City
1407,Arsenal,2022-04-09,-0.6,Brighton
1408,Everton,2022-04-06,-0.6,Burnley
1409,Leeds United,2022-03-05,-0.6,Leicester City
1410,Burnley,2022-03-01,-0.6,Leicester City
1411,Norwich City,2022-02-19,-0.6,Liverpool
1412,Liverpool,2022-02-19,-0.6,Norwich City
1413,Crystal Palace,2022-02-09,-0.6,Norwich City
1414,Manchester City,2022-01-01,-0.6,Arsenal
1415,Watford,2021-12-28,-0.6,West Ham
1416,Southampton,2021-12-26,-0.6,West Ham
1417,Everton,2021-12-06,-0.6,Arsenal
1418,Manchester City,2021-11-28,-0.6,West Ham
1419,Crystal Palace,2021-11-20,-0.6,Burnley
1420,Wolves,2021-11-06,-0.6,Crystal Palace
1421,Tottenham,2021-10-30,-0.6,Manchester Utd
1422,Manchester City,2021-10-30,-0.6,Crystal Palace
1423,Manchester Utd,2021-10-24,-0.6,Liverpool
1424,Watford,2021-10-02,-0.6,Leeds United
1425,Newcastle Utd,2021-10-02,-0.6,Wolves
1426,Wolves,2021-08-29,-0.6,Manchester Utd
1427,Liverpool,2021-08-28,-0.6,Chelsea
1428,Southampton,2021-08-22,-0.6,Manchester Utd
1429,Bournemouth,2023-10-28,-0.7,Burnley
1430,Newcastle Utd,2023-10-28,-0.7,Wolves
1431,Tottenham,2023-10-27,-0.7,Crystal Palace
1432,Fulham,2023-10-23,-0.7,Tottenham
1433,Bournemouth,2023-10-21,-0.7,Wolves
1434,Liverpool,2023-10-08,-0.7,Brighton
1435,Newcastle Utd,2023-10-08,-0.7,West Ham
1436,Manchester Utd,2023-10-07,-0.7,Brentford
1437,Burnley,2023-10-03,-0.7,Luton Town
1438,Tottenham,2023-09-30,-0.7,Liverpool
1439,Luton Town,2023-09-01,-0.7,West Ham
1440,Wolves,2023-08-19,-0.7,Brighton
1441,Leicester City,2023-04-15,-0.7,Manchester City
1442,Leeds United,2023-04-04,-0.7,Nott'ham Forest
1443,Bournemouth,2023-04-01,-0.7,Fulham
1444,Newcastle Utd,2023-03-17,-0.7,Nott'ham Forest
1445,Nott'ham Forest,2023-03-11,-0.7,Tottenham
1446,Everton,2023-03-01,-0.7,Arsenal
1447,Fulham,2023-02-24,-0.7,Wolves
1448,Southampton,2023-02-11,-0.7,Wolves
1449,Chelsea,2023-02-11,-0.7,West Ham
1450,Manchester Utd,2023-02-08,-0.7,Leeds United
1451,Leeds United,2023-02-05,-0.7,Nott'ham Forest
1452,Southampton,2023-01-21,-0.7,Aston Villa
1453,West Ham,2023-01-04,-0.7,Leeds United
1454,Manchester City,2022-12-28,-0.7,Leeds United
1455,Aston Villa,2022-11-13,-0.7,Brighton
1456,Wolves,2022-11-12,-0.7,Arsenal
1457,West Ham,2022-11-06,-0.7,Crystal Palace
1458,Aston Villa,2022-10-29,-0.7,Newcastle Utd
1459,Manchester City,2022-10-22,-0.7,Brighton
1460,Leeds United,2022-10-20,-0.7,Leicester City
1461,Aston Villa,2022-10-16,-0.7,Chelsea
1462,Leicester City,2022-10-08,-0.7,Bournemouth
1463,West Ham,2022-09-18,-0.7,Everton
1464,Wolves,2022-09-17,-0.7,Manchester City
1465,Leicester City,2022-09-04,-0.7,Brighton
1466,Chelsea,2022-08-30,-0.7,Southampton
1467,Brighton,2022-08-30,-0.7,Fulham
1468,Newcastle Utd,2022-08-28,-0.7,Wolves
1469,Manchester City,2022-08-27,-0.7,Crystal Palace
1470,Manchester City,2022-08-21,-0.7,Newcastle Utd
1471,Southampton,2022-08-20,-0.7,Leicester City
1472,Leicester City,2022-08-07,-0.7,Brentford
1473,Crystal Palace,2022-08-05,-0.7,Arsenal
1474,Southampton,2022-05-22,-0.7,Leicester City
1475,Tottenham,2022-03-20,-0.7,West Ham
1476,West Ham,2022-02-19,-0.7,Newcastle Utd
1477,Leeds United,2022-02-09,-0.7,Aston Villa
1478,Watford,2022-02-08,-0.7,West Ham
1479,Watford,2022-01-21,-0.7,Norwich City
1480,Brighton,2022-01-02,-0.7,Everton
1481,Crystal Palace,2021-12-26,-0.7,Tottenham
1482,Arsenal,2021-12-06,-0.7,Everton
1483,Leicester City,2021-12-01,-0.7,Southampton
1484,Brentford,2021-10-24,-0.7,Leicester City
1485,Everton,2021-10-23,-0.7,Watford
1486,West Ham,2021-10-03,-0.7,Brentford
1487,Liverpool,2021-10-03,-0.7,Manchester City
1488,Watford,2021-08-14,-0.7,Aston Villa
1489,Fulham,2023-12-03,-0.8,Liverpool
1490,Wolves,2023-11-04,-0.8,Sheffield Utd
1491,Brentford,2023-11-04,-0.8,West Ham
1492,Nott'ham Forest,2023-10-29,-0.8,Liverpool
1493,Nott'ham Forest,2023-10-21,-0.8,Luton Town
1494,Manchester City,2023-10-08,-0.8,Arsenal
1495,Newcastle Utd,2023-05-18,-0.8,Brighton
1496,Newcastle Utd,2023-04-27,-0.8,Everton
1497,Manchester City,2023-04-26,-0.8,Arsenal
1498,Nott'ham Forest,2023-04-22,-0.8,Liverpool
1499,Southampton,2023-04-15,-0.8,Crystal Palace
1500,Brighton,2023-04-15,-0.8,Chelsea
1501,Crystal Palace,2023-04-01,-0.8,Leicester City
1502,Leicester City,2023-03-18,-0.8,Brentford
1503,Newcastle Utd,2023-03-04,-0.8,Manchester City
1504,Southampton,2023-02-25,-0.8,Leeds United
1505,Southampton,2023-02-04,-0.8,Brentford
1506,Leeds United,2023-01-13,-0.8,Aston Villa
1507,Brighton,2022-12-31,-0.8,Arsenal
1508,Aston Villa,2022-12-26,-0.8,Liverpool
1509,Everton,2022-12-26,-0.8,Wolves
1510,Crystal Palace,2022-11-06,-0.8,West Ham
1511,Leeds United,2022-10-23,-0.8,Fulham
1512,Southampton,2022-09-03,-0.8,Wolves
1513,Bournemouth,2022-09-03,-0.8,Nott'ham Forest
1514,Arsenal,2022-08-31,-0.8,Aston Villa
1515,Liverpool,2022-08-06,-0.8,Fulham
1516,Aston Villa,2022-05-22,-0.8,Manchester City
1517,Chelsea,2022-05-19,-0.8,Leicester City
1518,Newcastle Utd,2022-04-17,-0.8,Leicester City
1519,Newcastle Utd,2022-04-03,-0.8,Tottenham
1520,Everton,2022-04-03,-0.8,West Ham
1521,Norwich City,2022-03-10,-0.8,Chelsea
1522,Arsenal,2022-02-19,-0.8,Brentford
1523,Norwich City,2022-02-12,-0.8,Manchester City
1524,Wolves,2022-01-22,-0.8,Brentford
1525,Burnley,2021-12-30,-0.8,Manchester Utd
1526,Brentford,2021-12-26,-0.8,Brighton
1527,Newcastle Utd,2021-12-19,-0.8,Manchester City
1528,Southampton,2021-12-15,-0.8,Crystal Palace
1529,Brighton,2021-11-06,-0.8,Newcastle Utd
1530,Brentford,2021-10-16,-0.8,Chelsea
1531,Tottenham,2021-09-26,-0.8,Arsenal
1532,Brentford,2021-09-25,-0.8,Liverpool
1533,Aston Villa,2021-09-11,-0.8,Chelsea
1534,Southampton,2021-08-28,-0.8,Newcastle Utd
1535,Everton,2021-08-21,-0.8,Leeds United
1536,Newcastle Utd,2021-08-15,-0.8,West Ham
1537,Brentford,2023-12-02,-0.9,Luton Town
1538,Nott'ham Forest,2023-11-25,-0.9,Brighton
1539,West Ham,2023-10-22,-0.9,Aston Villa
1540,Brentford,2023-10-01,-0.9,Nott'ham Forest
1541,Liverpool,2023-09-16,-0.9,Wolves
1542,Everton,2023-08-20,-0.9,Aston Villa
1543,Brentford,2023-08-13,-0.9,Tottenham
1544,Nott'ham Forest,2023-05-28,-0.9,Crystal Palace
1545,Tottenham,2023-05-20,-0.9,Brentford
1546,West Ham,2023-05-03,-0.9,Manchester City
1547,Liverpool,2023-04-26,-0.9,West Ham
1548,Chelsea,2023-04-26,-0.9,Brentford
1549,Nott'ham Forest,2023-03-05,-0.9,Everton
1550,Nott'ham Forest,2023-02-25,-0.9,West Ham
1551,Leicester City,2023-02-19,-0.9,Manchester Utd
1552,Wolves,2023-02-11,-0.9,Southampton
1553,Liverpool,2023-01-14,-0.9,Brighton
1554,Wolves,2022-11-05,-0.9,Brighton
1555,Crystal Palace,2022-10-22,-0.9,Everton
1556,Brentford,2022-09-03,-0.9,Leeds United
1557,Newcastle Utd,2022-08-31,-0.9,Liverpool
1558,Aston Villa,2022-08-28,-0.9,West Ham
1559,Everton,2022-05-19,-0.9,Crystal Palace
1560,Southampton,2022-05-17,-0.9,Liverpool
1561,Aston Villa,2022-05-10,-0.9,Liverpool
1562,Leicester City,2022-05-01,-0.9,Tottenham
1563,Manchester Utd,2022-04-09,-0.9,Everton
1564,Watford,2022-04-09,-0.9,Leeds United
1565,Burnley,2022-04-02,-0.9,Manchester City
1566,Arsenal,2022-03-16,-0.9,Liverpool
1567,Aston Villa,2022-03-13,-0.9,West Ham
1568,Everton,2022-03-07,-0.9,Tottenham
1569,Aston Villa,2022-02-13,-0.9,Newcastle Utd
1570,Aston Villa,2022-02-09,-0.9,Leeds United
1571,Watford,2022-01-15,-0.9,Newcastle Utd
1572,Chelsea,2022-01-02,-0.9,Liverpool
1573,Liverpool,2021-12-28,-0.9,Leicester City
1574,Southampton,2021-12-11,-0.9,Arsenal
1575,Liverpool,2021-12-01,-0.9,Everton
1576,Arsenal,2021-11-20,-0.9,Liverpool
1577,Liverpool,2021-11-07,-0.9,West Ham
1578,Leicester City,2021-10-30,-0.9,Arsenal
1579,Tottenham,2021-10-17,-0.9,Newcastle Utd
1580,Liverpool,2021-09-25,-0.9,Brentford
1581,Burnley,2021-08-14,-0.9,Brighton
1582,Brighton,2023-12-03,-1.0,Chelsea
1583,Sheffield Utd,2023-10-28,-1.0,Arsenal
1584,Crystal Palace,2023-10-21,-1.0,Newcastle Utd
1585,Brighton,2023-10-21,-1.0,Manchester City
1586,Nott'ham Forest,2023-09-23,-1.0,Manchester City
1587,Aston Villa,2023-09-03,-1.0,Liverpool
1588,Leeds United,2023-05-28,-1.0,Tottenham
1589,Southampton,2023-05-21,-1.0,Brighton
1590,Tottenham,2023-04-30,-1.0,Liverpool
1591,Crystal Palace,2023-04-29,-1.0,West Ham
1592,West Ham,2023-04-26,-1.0,Liverpool
1593,Nott'ham Forest,2023-04-01,-1.0,Wolves
1594,Chelsea,2023-03-18,-1.0,Everton
1595,Leicester City,2023-01-21,-1.0,Brighton
1596,Brighton,2023-01-21,-1.0,Leicester City
1597,Leeds United,2023-01-04,-1.0,West Ham
1598,Tottenham,2022-10-23,-1.0,Newcastle Utd
1599,Brighton,2022-10-22,-1.0,Manchester City
1600,Tottenham,2022-10-01,-1.0,Arsenal
1601,Crystal Palace,2022-10-01,-1.0,Chelsea
1602,Nott'ham Forest,2022-09-16,-1.0,Fulham
1603,Leicester City,2022-05-08,-1.0,Everton
1604,Newcastle Utd,2022-05-08,-1.0,Manchester City
1605,Southampton,2022-04-30,-1.0,Crystal Palace
1606,Brighton,2022-04-24,-1.0,Southampton
1607,Everton,2022-04-24,-1.0,Liverpool
1608,Arsenal,2022-04-04,-1.0,Crystal Palace
1609,Aston Villa,2022-01-02,-1.0,Brentford
1610,Crystal Palace,2022-01-01,-1.0,West Ham
1611,Everton,2021-12-12,-1.0,Crystal Palace
1612,Newcastle Utd,2021-12-12,-1.0,Leicester City
1613,West Ham,2021-11-07,-1.0,Liverpool
1614,Brighton,2021-10-30,-1.0,Liverpool
1615,Burnley,2021-09-13,-1.0,Everton
1616,Leicester City,2021-08-23,-1.0,West Ham
1617,Arsenal,2021-08-13,-1.0,Brentford
1618,Bournemouth,2023-12-03,-1.1,Aston Villa
1619,Liverpool,2023-05-28,-1.1,Southampton
1620,West Ham,2023-05-28,-1.1,Leicester City
1621,Tottenham,2023-04-23,-1.1,Newcastle Utd
1622,Chelsea,2023-02-26,-1.1,Tottenham
1623,Arsenal,2022-10-09,-1.1,Liverpool
1624,West Ham,2022-09-03,-1.1,Chelsea
1625,Tottenham,2022-08-14,-1.1,Chelsea
1626,Norwich City,2022-05-22,-1.1,Tottenham
1627,Crystal Palace,2022-05-19,-1.1,Everton
1628,Burnley,2022-05-07,-1.1,Aston Villa
1629,Watford,2022-04-30,-1.1,Burnley
1630,Liverpool,2022-04-10,-1.1,Manchester City
1631,Wolves,2022-03-18,-1.1,Leeds United
1632,Manchester Utd,2022-03-06,-1.1,Manchester City
1633,Crystal Palace,2022-01-23,-1.1,Liverpool
1634,West Ham,2022-01-16,-1.1,Leeds United
1635,Leeds United,2022-01-16,-1.1,West Ham
1636,Burnley,2022-01-02,-1.1,Leeds United
1637,West Ham,2021-12-04,-1.1,Chelsea
1638,Burnley,2021-10-23,-1.1,Southampton
1639,Arsenal,2021-10-18,-1.1,Crystal Palace
1640,Leicester City,2021-10-16,-1.1,Manchester Utd
1641,Burnley,2021-09-25,-1.1,Leicester City
1642,Liverpool,2023-12-03,-1.2,Fulham
1643,Crystal Palace,2023-11-11,-1.2,Everton
1644,Chelsea,2023-10-21,-1.2,Arsenal
1645,Fulham,2023-10-02,-1.2,Chelsea
1646,Sheffield Utd,2023-09-24,-1.2,Newcastle Utd
1647,Leicester City,2023-05-15,-1.2,Liverpool
1648,Arsenal,2023-05-14,-1.2,Brighton
1649,Brighton,2023-05-08,-1.2,Everton
1650,Liverpool,2023-04-22,-1.2,Nott'ham Forest
1651,Brighton,2023-03-11,-1.2,Leeds United
1652,Bournemouth,2023-03-04,-1.2,Arsenal
1653,Arsenal,2023-02-18,-1.2,Aston Villa
1654,Tottenham,2023-01-01,-1.2,Aston Villa
1655,Southampton,2022-12-26,-1.2,Brighton
1656,Wolves,2022-10-01,-1.2,West Ham
1657,Brentford,2022-08-07,-1.2,Leicester City
1658,Norwich City,2022-04-23,-1.2,Newcastle Utd
1659,Watford,2022-03-10,-1.2,Wolves
1660,Southampton,2022-03-05,-1.2,Aston Villa
1661,Brentford,2022-01-11,-1.2,Southampton
1662,Leeds United,2021-12-05,-1.2,Brentford
1663,Watford,2021-12-01,-1.2,Chelsea
1664,Newcastle Utd,2021-11-20,-1.2,Brentford
1665,Tottenham,2021-09-19,-1.2,Chelsea
1666,Aston Villa,2023-11-05,-1.3,Nott'ham Forest
1667,Crystal Palace,2023-09-03,-1.3,Wolves
1668,Bournemouth,2023-05-06,-1.3,Chelsea
1669,Southampton,2023-04-08,-1.3,Manchester City
1670,Chelsea,2023-04-01,-1.3,Aston Villa
1671,Brighton,2023-04-01,-1.3,Brentford
1672,Leicester City,2023-03-11,-1.3,Chelsea
1673,Leeds United,2022-11-05,-1.3,Bournemouth
1674,Leeds United,2022-09-03,-1.3,Brentford
1675,Manchester City,2022-05-22,-1.3,Aston Villa
1676,West Ham,2022-05-22,-1.3,Brighton
1677,Manchester City,2022-05-15,-1.3,West Ham
1678,Wolves,2022-05-11,-1.3,Manchester City
1679,Chelsea,2022-05-07,-1.3,Wolves
1680,Brentford,2022-05-02,-1.3,Manchester Utd
1681,Brighton,2022-04-20,-1.3,Manchester City
1682,Crystal Palace,2022-04-10,-1.3,Leicester City
1683,West Ham,2021-12-26,-1.3,Southampton
1684,Leicester City,2021-12-26,-1.3,Manchester City
1685,Crystal Palace,2021-12-15,-1.3,Southampton
1686,Crystal Palace,2021-11-27,-1.3,Aston Villa
1687,Brentford,2021-11-20,-1.3,Newcastle Utd
1688,Newcastle Utd,2021-10-30,-1.3,Chelsea
1689,Aston Villa,2021-10-16,-1.3,Wolves
1690,Crystal Palace,2021-09-18,-1.3,Liverpool
1691,Watford,2021-08-21,-1.3,Brighton
1692,Norwich City,2021-08-21,-1.3,Manchester City
1693,Crystal Palace,2021-08-14,-1.3,Chelsea
1694,Bournemouth,2023-10-07,-1.4,Everton
1695,Manchester Utd,2023-09-03,-1.4,Arsenal
1696,Arsenal,2023-04-26,-1.4,Manchester City
1697,Arsenal,2023-04-21,-1.4,Southampton
1698,West Ham,2023-04-05,-1.4,Newcastle Utd
1699,Southampton,2023-03-18,-1.4,Tottenham
1700,Arsenal,2023-01-22,-1.4,Manchester Utd
1701,Southampton,2022-11-06,-1.4,Newcastle Utd
1702,Bournemouth,2022-11-05,-1.4,Leeds United
1703,Fulham,2022-09-16,-1.4,Nott'ham Forest
1704,Southampton,2022-03-10,-1.4,Newcastle Utd
1705,Leeds United,2022-02-23,-1.4,Liverpool
1706,Norwich City,2021-12-05,-1.4,Tottenham
1707,Southampton,2021-11-20,-1.4,Norwich City
1708,Manchester Utd,2021-11-20,-1.4,Watford
1709,Everton,2021-11-01,-1.4,Wolves
1710,Norwich City,2021-10-31,-1.4,Leeds United
1711,Newcastle Utd,2021-10-17,-1.4,Tottenham
1712,Everton,2021-09-18,-1.4,Aston Villa
1713,Aston Villa,2021-08-14,-1.4,Watford
1714,Chelsea,2023-11-25,-1.5,Newcastle Utd
1715,Brentford,2023-09-23,-1.5,Everton
1716,Newcastle Utd,2023-09-02,-1.5,Brighton
1717,Newcastle Utd,2023-04-15,-1.5,Aston Villa
1718,Tottenham,2023-01-19,-1.5,Manchester City
1719,Manchester Utd,2022-11-06,-1.5,Aston Villa
1720,Bournemouth,2022-08-20,-1.5,Arsenal
1721,Leicester City,2022-08-20,-1.5,Southampton
1722,Southampton,2022-08-06,-1.5,Tottenham
1723,Aston Villa,2022-08-06,-1.5,Bournemouth
1724,Arsenal,2022-04-20,-1.5,Chelsea
1725,Tottenham,2022-03-12,-1.5,Manchester Utd
1726,Norwich City,2021-10-23,-1.5,Chelsea
1727,Fulham,2023-09-02,-1.6,Manchester City
1728,Arsenal,2023-08-26,-1.6,Fulham
1729,Leeds United,2023-04-30,-1.6,Bournemouth
1730,Aston Villa,2023-02-18,-1.6,Arsenal
1731,Manchester Utd,2022-05-07,-1.6,Brighton
1732,Chelsea,2022-04-20,-1.6,Arsenal
1733,Leeds United,2022-02-26,-1.6,Tottenham
1734,Leicester City,2022-02-20,-1.6,Wolves
1735,Brentford,2022-01-22,-1.6,Wolves
1736,Chelsea,2021-12-04,-1.6,West Ham
1737,Watford,2021-11-28,-1.6,Leicester City
1738,Burnley,2021-11-20,-1.6,Crystal Palace
1739,Watford,2021-10-16,-1.6,Liverpool
1740,Leicester City,2021-10-03,-1.6,Crystal Palace
1741,Manchester City,2023-12-03,-1.7,Tottenham
1742,Nott'ham Forest,2023-11-12,-1.7,West Ham
1743,Leeds United,2023-04-09,-1.7,Crystal Palace
1744,Arsenal,2023-02-15,-1.7,Manchester City
1745,Aston Villa,2023-02-04,-1.7,Leicester City
1746,Manchester City,2023-01-19,-1.7,Tottenham
1747,Crystal Palace,2023-01-04,-1.7,Tottenham
1748,Manchester Utd,2022-08-13,-1.7,Brentford
1749,Norwich City,2022-04-16,-1.7,Manchester Utd
1750,Southampton,2022-04-09,-1.7,Chelsea
1751,Everton,2023-05-14,-1.8,Manchester City
1752,Chelsea,2023-05-13,-1.8,Nott'ham Forest
1753,Liverpool,2023-04-30,-1.8,Tottenham
1754,Southampton,2023-04-21,-1.8,Arsenal
1755,Nott'ham Forest,2022-10-30,-1.8,Arsenal
1756,Brentford,2022-10-08,-1.8,Newcastle Utd
1757,Nott'ham Forest,2022-10-03,-1.8,Leicester City
1758,Nott'ham Forest,2022-08-31,-1.8,Manchester City
1759,Watford,2022-05-15,-1.8,Leicester City
1760,Southampton,2022-05-07,-1.8,Brentford
1761,Leeds United,2022-04-30,-1.8,Manchester City
1762,Brighton,2022-02-19,-1.8,Burnley
1763,Norwich City,2021-08-14,-1.8,Liverpool
1764,Brighton,2023-09-30,-1.9,Aston Villa
1765,Wolves,2023-04-29,-1.9,Brighton
1766,Leeds United,2023-04-17,-1.9,Liverpool
1767,Everton,2023-01-03,-1.9,Brighton
1768,Watford,2022-04-23,-1.9,Manchester City
1769,Watford,2022-03-06,-1.9,Arsenal
1770,Southampton,2021-11-27,-1.9,Liverpool
1771,Newcastle Utd,2021-09-11,-1.9,Manchester Utd
1772,Bournemouth,2023-04-23,-2.0,West Ham
1773,Leeds United,2022-05-11,-2.0,Chelsea
1774,Manchester Utd,2022-04-19,-2.0,Liverpool
1775,Chelsea,2022-04-02,-2.0,Brentford
1776,Leeds United,2022-02-20,-2.0,Manchester Utd
1777,Wolves,2023-05-28,-2.1,Arsenal
1778,Leicester City,2023-05-08,-2.1,Fulham
1779,Tottenham,2023-02-11,-2.1,Leicester City
1780,Leicester City,2022-09-17,-2.1,Tottenham
1781,Aston Villa,2022-04-09,-2.1,Tottenham
1782,Sheffield Utd,2023-12-02,-2.2,Burnley
1783,Leeds United,2022-11-12,-2.2,Tottenham
1784,Crystal Palace,2022-08-27,-2.2,Manchester City
1785,Everton,2022-05-22,-2.2,Arsenal
1786,Norwich City,2022-05-08,-2.2,West Ham
1787,Watford,2022-02-23,-2.2,Crystal Palace
1788,Norwich City,2021-12-26,-2.2,Arsenal
1789,Nott'ham Forest,2022-09-03,-2.3,Bournemouth
1790,Crystal Palace,2023-03-19,-2.5,Arsenal
1791,Wolves,2022-10-23,-2.5,Leicester City
1792,Southampton,2023-05-08,-2.6,Nott'ham Forest
1793,Southampton,2022-10-08,-2.7,Manchester City
1794,Manchester Utd,2022-10-02,-2.9,Manchester City
1795,Manchester Utd,2023-03-05,-3.1,Liverpool
1796,Wolves,2023-03-18,-3.3,Leeds United
1797,Bournemouth,2023-11-04,-3.4,Manchester City
1798,Leeds United,2021-08-14,-3.4,Manchester Utd
1799,Bournemouth,2022-08-27,-4.1,Liverpool
1800,Leeds United,2021-12-14,-4.7,Manchester City
