Rk,Team,Date,Opp,Comp,Result,GF,GA,GD,Poss,G-PK,PK,PKatt,PKm,SCA,PassLive,PassDead,TO,Sh,Fld,Def,Match Report
1,Liverpool,2019-05-12,Wolves,eng Premier League,W 2-0,2,0,+2,59,2,0,0,0,22,18,0,2,0,1,1,Match Report
2,Wolves,2019-05-12,Liverpool,eng Premier League,L 0-2,0,2,-2,41,0,0,0,0,13,12,1,0,0,0,0,Match Report
3,Arsenal,2019-05-12,Burnley,eng Premier League,W 3-1,3,1,+2,60,3,0,0,0,27,25,1,0,1,0,0,Match Report
4,Tottenham,2019-05-12,Everton,eng Premier League,D 2-2,2,2,0,55,2,0,0,0,18,11,4,0,1,1,1,Match Report
5,Burnley,2019-05-12,Arsenal,eng Premier League,L 1-3,1,3,-2,40,1,0,0,0,27,17,4,1,5,0,0,Match Report
6,Watford,2019-05-12,West Ham,eng Premier League,L 1-4,1,4,-3,49,1,0,0,0,27,15,4,3,4,1,0,Match Report
7,Southampton,2019-05-12,Huddersfield,eng Premier League,D 1-1,1,1,0,53,1,0,0,0,16,15,0,1,0,0,0,Match Report
8,Manchester Utd,2019-05-12,Cardiff City,eng Premier League,L 0-2,0,2,-2,73,0,0,0,0,50,41,2,4,1,1,1,Match Report
9,Chelsea,2019-05-12,Leicester City,eng Premier League,D 0-0,0,0,0,53,0,0,0,0,26,25,0,1,0,0,0,Match Report
10,Crystal Palace,2019-05-12,Bournemouth,eng Premier League,W 5-3,5,3,+2,46,4,0,0,0,31,25,2,1,2,0,1,Match Report
11,Bournemouth,2019-05-12,Crystal Palace,eng Premier League,L 3-5,3,5,-2,54,3,0,0,0,28,20,4,2,1,1,0,Match Report
12,Manchester City,2019-05-12,Brighton,eng Premier League,W 4-1,4,1,+3,75,4,0,0,0,39,31,1,4,1,2,0,Match Report
13,Everton,2019-05-12,Tottenham,eng Premier League,D 2-2,2,2,0,45,2,0,0,0,28,20,3,0,2,3,0,Match Report
14,Leicester City,2019-05-12,Chelsea,eng Premier League,D 0-0,0,0,0,47,0,0,0,0,13,6,3,1,2,1,0,Match Report
15,Newcastle Utd,2019-05-12,Fulham,eng Premier League,W 4-0,4,0,+4,33,4,0,0,0,22,18,2,0,2,0,0,Match Report
16,Huddersfield,2019-05-12,Southampton,eng Premier League,D 1-1,1,1,0,47,1,0,0,0,14,8,3,1,0,1,1,Match Report
17,West Ham,2019-05-12,Watford,eng Premier League,W 4-1,4,1,+3,51,3,1,1,0,30,20,1,3,2,4,0,Match Report
18,Fulham,2019-05-12,Newcastle Utd,eng Premier League,L 0-4,0,4,-4,67,0,0,0,0,27,21,2,2,2,0,0,Match Report
19,Brighton,2019-05-12,Manchester City,eng Premier League,L 1-4,1,4,-3,25,1,0,0,0,9,4,2,0,1,2,0,Match Report
20,Cardiff City,2019-05-12,Manchester Utd,eng Premier League,W 2-0,2,0,+2,27,1,1,1,0,23,14,3,2,1,3,0,Match Report
21,Manchester City,2019-05-06,Leicester City,eng Premier League,W 1-0,1,0,+1,61,1,0,0,0,28,19,4,2,2,1,0,Match Report
22,Leicester City,2019-05-06,Manchester City,eng Premier League,L 0-1,0,1,-1,39,0,0,0,0,11,7,0,2,1,0,1,Match Report
23,Brighton,2019-05-05,Arsenal,eng Premier League,D 1-1,1,1,0,30,0,1,1,0,18,13,0,1,1,2,1,Match Report
24,Manchester Utd,2019-05-05,Huddersfield,eng Premier League,D 1-1,1,1,0,64,1,0,0,0,45,34,4,1,3,3,0,Match Report
25,Arsenal,2019-05-05,Brighton,eng Premier League,D 1-1,1,1,0,70,0,1,1,0,38,25,6,3,1,3,0,Match Report
26,Watford,2019-05-05,Chelsea,eng Premier League,L 0-3,0,3,-3,42,0,0,0,0,27,24,1,0,1,1,0,Match Report
27,Huddersfield,2019-05-05,Manchester Utd,eng Premier League,D 1-1,1,1,0,36,1,0,0,0,10,5,1,1,1,1,1,Match Report
28,Chelsea,2019-05-05,Watford,eng Premier League,W 3-0,3,0,+3,58,3,0,0,0,34,26,2,2,2,0,2,Match Report
29,Fulham,2019-05-04,Wolves,eng Premier League,L 0-1,0,1,-1,60,0,0,0,0,11,6,1,3,0,1,0,Match Report
30,Newcastle Utd,2019-05-04,Liverpool,eng Premier League,L 2-3,2,3,-1,31,2,0,0,0,24,19,0,1,3,1,0,Match Report
31,Southampton,2019-05-04,West Ham,eng Premier League,L 0-3,0,3,-3,44,0,0,0,0,20,15,1,2,2,0,0,Match Report
32,Crystal Palace,2019-05-04,Cardiff City,eng Premier League,W 3-2,3,2,+1,60,3,0,0,0,36,28,1,3,2,2,0,Match Report
33,Tottenham,2019-05-04,Bournemouth,eng Premier League,L 0-1,0,1,-1,47,0,0,0,0,18,13,2,1,1,0,1,Match Report
34,Cardiff City,2019-05-04,Crystal Palace,eng Premier League,L 2-3,2,3,-1,40,1,0,0,0,33,20,7,2,2,2,0,Match Report
35,Wolves,2019-05-04,Fulham,eng Premier League,W 1-0,1,0,+1,40,1,0,0,0,30,19,3,1,2,4,1,Match Report
36,Bournemouth,2019-05-04,Tottenham,eng Premier League,W 1-0,1,0,+1,53,1,0,0,0,37,28,4,0,3,2,0,Match Report
37,Liverpool,2019-05-04,Newcastle Utd,eng Premier League,W 3-2,3,2,+1,69,3,0,0,0,21,16,3,0,1,1,0,Match Report
38,West Ham,2019-05-04,Southampton,eng Premier League,W 3-0,3,0,+3,56,3,0,0,0,28,22,0,4,1,1,0,Match Report
39,Burnley,2019-05-03,Everton,eng Premier League,L 0-2,0,2,-2,41,0,0,0,0,10,5,3,0,0,2,0,Match Report
40,Everton,2019-05-03,Burnley,eng Premier League,W 2-0,2,0,+2,59,1,0,0,0,32,24,2,0,5,0,1,Match Report
41,Manchester City,2019-04-28,Burnley,eng Premier League,W 1-0,1,0,+1,69,1,0,0,0,45,33,1,5,6,0,0,Match Report
42,Leicester City,2019-04-28,Arsenal,eng Premier League,W 3-0,3,0,+3,66,3,0,0,0,44,32,3,4,3,2,0,Match Report
43,Arsenal,2019-04-28,Leicester City,eng Premier League,L 0-3,0,3,-3,34,0,0,0,0,12,9,0,2,0,0,1,Match Report
44,Manchester Utd,2019-04-28,Chelsea,eng Premier League,D 1-1,1,1,0,52,1,0,0,0,10,6,2,0,0,2,0,Match Report
45,Burnley,2019-04-28,Manchester City,eng Premier League,L 0-1,0,1,-1,31,0,0,0,0,4,2,1,0,0,1,0,Match Report
46,Chelsea,2019-04-28,Manchester Utd,eng Premier League,D 1-1,1,1,0,48,1,0,0,0,29,23,2,1,1,2,0,Match Report
47,Newcastle Utd,2019-04-27,Brighton,eng Premier League,D 1-1,1,1,0,50,1,0,0,0,15,10,2,1,0,0,2,Match Report
48,Watford,2019-04-27,Wolves,eng Premier League,L 1-2,1,2,-1,56,1,0,0,0,16,13,2,0,1,0,0,Match Report
49,Crystal Palace,2019-04-27,Everton,eng Premier League,D 0-0,0,0,0,37,0,0,0,0,13,4,4,2,1,2,0,Match Report
50,Tottenham,2019-04-27,West Ham,eng Premier League,L 0-1,0,1,-1,62,0,0,0,0,26,23,0,2,0,1,0,Match Report
51,Fulham,2019-04-27,Cardiff City,eng Premier League,W 1-0,1,0,+1,71,1,0,0,0,14,11,0,3,0,0,0,Match Report
52,Southampton,2019-04-27,Bournemouth,eng Premier League,D 3-3,3,3,0,44,3,0,0,0,35,22,2,1,4,2,4,Match Report
53,Everton,2019-04-27,Crystal Palace,eng Premier League,D 0-0,0,0,0,63,0,0,0,0,32,23,4,1,3,1,0,Match Report
54,West Ham,2019-04-27,Tottenham,eng Premier League,W 1-0,1,0,+1,38,1,0,0,0,28,21,2,2,2,1,0,Match Report
55,Bournemouth,2019-04-27,Southampton,eng Premier League,D 3-3,3,3,0,56,3,0,0,0,16,11,3,0,1,0,1,Match Report
56,Cardiff City,2019-04-27,Fulham,eng Premier League,L 0-1,0,1,-1,29,0,0,0,0,23,14,4,1,3,1,0,Match Report
57,Wolves,2019-04-27,Watford,eng Premier League,W 2-1,2,1,+1,44,2,0,0,0,20,13,3,2,0,1,1,Match Report
58,Brighton,2019-04-27,Newcastle Utd,eng Premier League,D 1-1,1,1,0,50,1,0,0,0,18,12,3,2,0,1,0,Match Report
59,Liverpool,2019-04-26,Huddersfield,eng Premier League,W 5-0,5,0,+5,69,5,0,0,0,35,29,1,4,0,1,0,Match Report
60,Huddersfield,2019-04-26,Liverpool,eng Premier League,L 0-5,0,5,-5,31,0,0,0,0,9,7,1,1,0,0,0,Match Report
61,Manchester City,2019-04-24,Manchester Utd,eng Premier League,W 2-0,2,0,+2,63,2,0,0,0,16,12,0,4,0,0,0,Match Report
62,Arsenal,2019-04-24,Wolves,eng Premier League,L 1-3,1,3,-2,70,1,0,0,0,19,12,2,4,0,1,0,Match Report
63,Wolves,2019-04-24,Arsenal,eng Premier League,W 3-1,3,1,+2,30,3,0,0,0,21,12,4,2,1,2,0,Match Report
64,Manchester Utd,2019-04-24,Manchester City,eng Premier League,L 0-2,0,2,-2,37,0,0,0,0,20,18,0,0,1,1,0,Match Report
65,Southampton,2019-04-23,Watford,eng Premier League,D 1-1,1,1,0,38,1,0,0,0,12,10,0,0,0,1,1,Match Report
66,Tottenham,2019-04-23,Brighton,eng Premier League,W 1-0,1,0,+1,77,1,0,0,0,52,37,3,3,3,5,1,Match Report
67,Watford,2019-04-23,Southampton,eng Premier League,D 1-1,1,1,0,62,1,0,0,0,23,20,0,1,2,0,0,Match Report
68,Brighton,2019-04-23,Tottenham,eng Premier League,L 0-1,0,1,-1,23,0,0,0,0,11,5,3,2,0,1,0,Match Report
69,Burnley,2019-04-22,Chelsea,eng Premier League,D 2-2,2,2,0,25,2,0,0,0,8,5,1,0,2,0,0,Match Report
70,Chelsea,2019-04-22,Burnley,eng Premier League,D 2-2,2,2,0,75,2,0,0,0,36,32,0,1,2,0,1,Match Report
71,Liverpool,2019-04-21,Cardiff City,eng Premier League,W 2-0,2,0,+2,75,1,1,1,0,32,22,3,3,0,3,1,Match Report
72,Manchester Utd,2019-04-21,Everton,eng Premier League,L 0-4,0,4,-4,52,0,0,0,0,13,10,1,0,0,1,1,Match Report
73,Everton,2019-04-21,Manchester Utd,eng Premier League,W 4-0,4,0,+4,48,4,0,0,0,26,19,4,0,2,1,0,Match Report
74,Arsenal,2019-04-21,Crystal Palace,eng Premier League,L 2-3,2,3,-1,72,2,0,0,0,21,17,2,1,1,0,0,Match Report
75,Cardiff City,2019-04-21,Liverpool,eng Premier League,L 0-2,0,2,-2,25,0,0,0,0,12,9,1,1,1,0,0,Match Report
76,Crystal Palace,2019-04-21,Arsenal,eng Premier League,W 3-2,3,2,+1,28,3,0,0,0,27,12,7,0,5,2,1,Match Report
77,Leicester City,2019-04-20,West Ham,eng Premier League,D 2-2,2,2,0,51,2,0,0,0,21,16,2,2,0,1,0,Match Report
78,Southampton,2019-04-20,Newcastle Utd,eng Premier League,L 1-3,1,3,-2,56,1,0,0,0,27,17,4,4,1,1,0,Match Report
79,Wolves,2019-04-20,Brighton,eng Premier League,D 0-0,0,0,0,68,0,0,0,0,40,29,3,1,5,2,0,Match Report
80,Fulham,2019-04-20,Bournemouth,eng Premier League,W 1-0,1,0,+1,51,0,1,1,0,32,19,5,3,4,1,0,Match Report
81,Huddersfield,2019-04-20,Watford,eng Premier League,L 1-2,1,2,-1,46,1,0,0,0,21,14,1,1,3,1,1,Match Report
82,West Ham,2019-04-20,Leicester City,eng Premier League,D 2-2,2,2,0,49,2,0,0,0,20,16,2,0,1,0,1,Match Report
83,Tottenham,2019-04-20,Manchester City,eng Premier League,L 0-1,0,1,-1,39,0,0,0,0,17,15,1,0,1,0,0,Match Report
84,Bournemouth,2019-04-20,Fulham,eng Premier League,L 0-1,0,1,-1,49,0,0,0,0,22,14,2,1,3,2,0,Match Report
85,Brighton,2019-04-20,Wolves,eng Premier League,D 0-0,0,0,0,32,0,0,0,0,7,5,1,1,0,0,0,Match Report
86,Watford,2019-04-20,Huddersfield,eng Premier League,W 2-1,2,1,+1,54,2,0,0,0,15,11,0,1,1,2,0,Match Report
87,Newcastle Utd,2019-04-20,Southampton,eng Premier League,W 3-1,3,1,+2,44,3,0,0,0,23,13,1,1,2,2,4,Match Report
88,Manchester City,2019-04-20,Tottenham,eng Premier League,W 1-0,1,0,+1,61,1,0,0,0,26,21,2,2,0,1,0,Match Report
89,Brighton,2019-04-16,Cardiff City,eng Premier League,L 0-2,0,2,-2,64,0,0,0,0,26,17,4,1,1,2,1,Match Report
90,Cardiff City,2019-04-16,Brighton,eng Premier League,W 2-0,2,0,+2,36,2,0,0,0,17,8,4,3,0,1,1,Match Report
91,Arsenal,2019-04-15,Watford,eng Premier League,W 1-0,1,0,+1,65,1,0,0,0,34,28,2,1,3,0,0,Match Report
92,Watford,2019-04-15,Arsenal,eng Premier League,L 0-1,0,1,-1,35,0,0,0,0,18,14,0,1,1,2,0,Match Report
93,Liverpool,2019-04-14,Chelsea,eng Premier League,W 2-0,2,0,+2,62,2,0,0,0,28,24,1,1,1,0,1,Match Report
94,Manchester City,2019-04-14,Crystal Palace,eng Premier League,W 3-1,3,1,+2,73,3,0,0,0,35,30,0,2,2,0,1,Match Report
95,Crystal Palace,2019-04-14,Manchester City,eng Premier League,L 1-3,1,3,-2,27,1,0,0,0,12,9,1,0,1,1,0,Match Report
96,Chelsea,2019-04-14,Liverpool,eng Premier League,L 0-2,0,2,-2,38,0,0,0,0,11,9,0,1,0,0,1,Match Report
97,West Ham,2019-04-13,Manchester Utd,eng Premier League,L 1-2,1,2,-1,57,1,0,0,0,30,19,5,1,3,1,1,Match Report
98,Burnley,2019-04-13,Cardiff City,eng Premier League,W 2-0,2,0,+2,47,2,0,0,0,23,12,5,0,3,3,0,Match Report
99,Southampton,2019-04-13,Wolves,eng Premier League,W 3-1,3,1,+2,31,3,0,0,0,14,10,1,0,2,0,1,Match Report
100,Bournemouth,2019-04-13,Brighton,eng Premier League,W 5-0,5,0,+5,49,5,0,0,0,25,22,0,1,0,1,1,Match Report
101,Brighton,2019-04-13,Bournemouth,eng Premier League,L 0-5,0,5,-5,51,0,0,0,0,14,12,1,0,0,0,1,Match Report
102,Manchester Utd,2019-04-13,West Ham,eng Premier League,W 2-1,2,1,+1,43,0,2,2,0,25,17,1,2,3,2,0,Match Report
103,Tottenham,2019-04-13,Huddersfield,eng Premier League,W 4-0,4,0,+4,69,4,0,0,0,42,28,3,6,2,3,0,Match Report
104,Fulham,2019-04-13,Everton,eng Premier League,W 2-0,2,0,+2,41,2,0,0,0,24,17,3,1,2,1,0,Match Report
105,Everton,2019-04-13,Fulham,eng Premier League,L 0-2,0,2,-2,59,0,0,0,0,18,14,1,1,0,1,1,Match Report
106,Wolves,2019-04-13,Southampton,eng Premier League,L 1-3,1,3,-2,69,1,0,0,0,28,16,4,2,3,2,1,Match Report
107,Cardiff City,2019-04-13,Burnley,eng Premier League,L 0-2,0,2,-2,53,0,0,0,0,25,22,1,1,0,1,0,Match Report
108,Huddersfield,2019-04-13,Tottenham,eng Premier League,L 0-4,0,4,-4,31,0,0,0,0,12,7,1,2,0,1,1,Match Report
109,Leicester City,2019-04-12,Newcastle Utd,eng Premier League,L 0-1,0,1,-1,71,0,0,0,0,21,18,1,0,0,1,1,Match Report
110,Newcastle Utd,2019-04-12,Leicester City,eng Premier League,W 1-0,1,0,+1,29,1,0,0,0,19,14,1,2,0,1,1,Match Report
111,Chelsea,2019-04-08,West Ham,eng Premier League,W 2-0,2,0,+2,53,2,0,0,0,32,24,0,6,0,2,0,Match Report
112,West Ham,2019-04-08,Chelsea,eng Premier League,L 0-2,0,2,-2,47,0,0,0,0,16,11,2,0,2,0,1,Match Report
113,Arsenal,2019-04-07,Everton,eng Premier League,L 0-1,0,1,-1,57,0,0,0,0,13,10,1,1,1,0,0,Match Report
114,Everton,2019-04-07,Arsenal,eng Premier League,W 1-0,1,0,+1,43,1,0,0,0,36,23,6,1,6,0,0,Match Report
115,Crystal Palace,2019-04-06,Newcastle Utd,eng Premier League,W 1-0,1,0,+1,47,0,1,1,0,6,4,0,1,0,1,0,Match Report
116,Burnley,2019-04-06,Bournemouth,eng Premier League,W 3-1,3,1,+2,41,3,0,0,0,17,9,5,0,0,3,0,Match Report
117,Leicester City,2019-04-06,Huddersfield,eng Premier League,W 4-1,4,1,+3,55,3,1,1,0,29,17,3,3,3,3,0,Match Report
118,Newcastle Utd,2019-04-06,Crystal Palace,eng Premier League,L 0-1,0,1,-1,53,0,0,0,0,35,28,3,0,2,2,0,Match Report
119,Bournemouth,2019-04-06,Burnley,eng Premier League,L 1-3,1,3,-2,59,0,0,0,0,18,13,1,1,1,2,0,Match Report
120,Huddersfield,2019-04-06,Leicester City,eng Premier League,L 1-4,1,4,-3,45,0,1,1,0,15,7,3,1,3,1,0,Match Report
121,Liverpool,2019-04-05,Southampton,eng Premier League,W 3-1,3,1,+2,67,3,0,0,0,30,24,2,2,2,0,0,Match Report
122,Southampton,2019-04-05,Liverpool,eng Premier League,L 1-3,1,3,-2,33,1,0,0,0,20,12,4,1,2,1,0,Match Report
123,Chelsea,2019-04-03,Brighton,eng Premier League,W 3-0,3,0,+3,68,3,0,0,0,34,27,1,3,1,1,1,Match Report
124,Manchester City,2019-04-03,Cardiff City,eng Premier League,W 2-0,2,0,+2,79,2,0,0,0,52,38,5,3,2,4,0,Match Report
125,Cardiff City,2019-04-03,Manchester City,eng Premier League,L 0-2,0,2,-2,21,0,0,0,0,5,1,2,2,0,0,0,Match Report
126,Brighton,2019-04-03,Chelsea,eng Premier League,L 0-3,0,3,-3,32,0,0,0,0,6,4,1,1,0,0,0,Match Report
127,Tottenham,2019-04-03,Crystal Palace,eng Premier League,W 2-0,2,0,+2,65,2,0,0,0,40,30,2,1,3,1,3,Match Report
128,Crystal Palace,2019-04-03,Tottenham,eng Premier League,L 0-2,0,2,-2,35,0,0,0,0,8,6,0,1,0,0,1,Match Report
129,Wolves,2019-04-02,Manchester Utd,eng Premier League,W 2-1,2,1,+1,49,1,0,0,0,17,13,1,1,0,2,0,Match Report
130,Fulham,2019-04-02,Watford,eng Premier League,L 1-4,1,4,-3,53,1,0,0,0,30,17,3,3,4,1,2,Match Report
131,Manchester Utd,2019-04-02,Wolves,eng Premier League,L 1-2,1,2,-1,51,1,0,0,0,33,24,2,3,3,1,0,Match Report
132,Watford,2019-04-02,Fulham,eng Premier League,W 4-1,4,1,+3,47,4,0,0,0,25,21,0,2,1,0,1,Match Report
133,Newcastle Utd,2019-04-01,Arsenal,eng Premier League,L 0-2,0,2,-2,30,0,0,0,0,3,2,0,1,0,0,0,Match Report
134,Arsenal,2019-04-01,Newcastle Utd,eng Premier League,W 2-0,2,0,+2,70,2,0,0,0,12,10,1,0,0,0,1,Match Report
135,Chelsea,2019-03-31,Cardiff City,eng Premier League,W 2-1,2,1,+1,70,2,0,0,0,39,29,2,3,1,2,2,Match Report
136,Cardiff City,2019-03-31,Chelsea,eng Premier League,L 1-2,1,2,-1,30,1,0,0,0,16,10,1,2,0,3,0,Match Report
137,Tottenham,2019-03-31,Liverpool,eng Premier League,L 1-2,1,2,-1,52,1,0,0,0,20,17,1,1,1,0,0,Match Report
138,Liverpool,2019-03-31,Tottenham,eng Premier League,W 2-1,2,1,+1,48,1,0,0,0,26,21,1,1,1,1,1,Match Report
139,Watford,2019-03-30,Manchester Utd,eng Premier League,L 1-2,1,2,-1,48,1,0,0,0,34,29,1,3,1,0,0,Match Report
140,Everton,2019-03-30,West Ham,eng Premier League,W 2-0,2,0,+2,51,2,0,0,0,31,20,3,4,3,0,1,Match Report
141,Leicester City,2019-03-30,Bournemouth,eng Premier League,W 2-0,2,0,+2,58,2,0,0,0,31,22,2,3,4,0,0,Match Report
142,Crystal Palace,2019-03-30,Huddersfield,eng Premier League,W 2-0,2,0,+2,49,1,1,1,0,32,23,2,2,3,2,0,Match Report
143,Manchester Utd,2019-03-30,Watford,eng Premier League,W 2-1,2,1,+1,52,2,0,0,0,13,9,2,0,1,0,1,Match Report
144,Southampton,2019-03-30,Brighton,eng Premier League,W 1-0,1,0,+1,40,1,0,0,0,13,11,1,1,0,0,0,Match Report
145,Manchester City,2019-03-30,Fulham,eng Premier League,W 2-0,2,0,+2,65,2,0,0,0,41,30,3,5,3,0,0,Match Report
146,Burnley,2019-03-30,Wolves,eng Premier League,W 2-0,2,0,+2,38,1,0,0,0,11,5,2,0,1,3,0,Match Report
147,Huddersfield,2019-03-30,Crystal Palace,eng Premier League,L 0-2,0,2,-2,51,0,0,0,0,27,17,1,6,1,2,0,Match Report
148,West Ham,2019-03-30,Everton,eng Premier League,L 0-2,0,2,-2,49,0,0,0,0,5,4,0,0,0,0,1,Match Report
149,Brighton,2019-03-30,Southampton,eng Premier League,L 0-1,0,1,-1,60,0,0,0,0,22,16,3,1,0,1,1,Match Report
150,Fulham,2019-03-30,Manchester City,eng Premier League,L 0-2,0,2,-2,35,0,0,0,0,9,6,1,0,0,2,0,Match Report
151,Bournemouth,2019-03-30,Leicester City,eng Premier League,L 0-2,0,2,-2,42,0,0,0,0,16,14,0,2,0,0,0,Match Report
152,Wolves,2019-03-30,Burnley,eng Premier League,L 0-2,0,2,-2,62,0,0,0,0,16,15,0,1,0,0,0,Match Report
153,Liverpool,2019-03-17,Fulham,eng Premier League,W 2-1,2,1,+1,62,1,1,1,0,28,22,2,1,2,1,0,Match Report
154,Everton,2019-03-17,Chelsea,eng Premier League,W 2-0,2,0,+2,33,2,0,1,1,23,11,4,1,4,2,1,Match Report
155,Fulham,2019-03-17,Liverpool,eng Premier League,L 1-2,1,2,-1,38,1,0,0,0,10,8,0,1,1,0,0,Match Report
156,Chelsea,2019-03-17,Everton,eng Premier League,L 0-2,0,2,-2,67,0,0,0,0,33,27,1,3,1,1,0,Match Report
157,Leicester City,2019-03-16,Burnley,eng Premier League,W 2-1,2,1,+1,38,2,0,0,0,18,14,1,1,1,1,0,Match Report
158,West Ham,2019-03-16,Huddersfield,eng Premier League,W 4-3,4,3,+1,64,3,1,1,0,27,15,4,1,2,4,1,Match Report
159,Newcastle Utd,2019-03-16,Bournemouth,eng Premier League,D 2-2,2,2,0,51,2,0,0,0,21,18,0,1,1,1,0,Match Report
160,Bournemouth,2019-03-16,Newcastle Utd,eng Premier League,D 2-2,2,2,0,49,1,1,1,0,16,8,4,0,0,3,1,Match Report
161,Huddersfield,2019-03-16,West Ham,eng Premier League,L 3-4,3,4,-1,36,3,0,0,0,23,11,5,0,5,2,0,Match Report
162,Burnley,2019-03-16,Leicester City,eng Premier League,L 1-2,1,2,-1,62,1,0,0,0,24,18,2,0,2,1,1,Match Report
163,Manchester Utd,2019-03-10,Arsenal,eng Premier League,L 0-2,0,2,-2,54,0,0,0,0,26,21,0,1,2,2,0,Match Report
164,Liverpool,2019-03-10,Burnley,eng Premier League,W 4-2,4,2,+2,67,4,0,0,0,40,33,3,1,0,1,2,Match Report
165,Arsenal,2019-03-10,Manchester Utd,eng Premier League,W 2-0,2,0,+2,46,1,1,1,0,24,19,3,0,0,1,1,Match Report
166,Chelsea,2019-03-10,Wolves,eng Premier League,D 1-1,1,1,0,76,1,0,0,0,40,28,2,4,3,2,1,Match Report
167,Wolves,2019-03-10,Chelsea,eng Premier League,D 1-1,1,1,0,24,1,0,0,0,4,2,1,0,0,1,0,Match Report
168,Burnley,2019-03-10,Liverpool,eng Premier League,L 2-4,2,4,-2,33,2,0,0,0,5,5,0,0,0,0,0,Match Report
169,Cardiff City,2019-03-09,West Ham,eng Premier League,W 2-0,2,0,+2,30,2,0,0,0,24,14,2,2,3,2,1,Match Report
170,Bournemouth,2019-03-09,Huddersfield,eng Premier League,W 2-0,2,0,+2,43,2,0,0,0,16,15,0,0,0,1,0,Match Report
171,West Ham,2019-03-09,Cardiff City,eng Premier League,L 0-2,0,2,-2,70,0,0,0,0,14,13,0,0,1,0,0,Match Report
172,Huddersfield,2019-03-09,Bournemouth,eng Premier League,L 0-2,0,2,-2,57,0,0,0,0,16,10,2,1,1,2,0,Match Report
173,Crystal Palace,2019-03-09,Brighton,eng Premier League,L 1-2,1,2,-1,62,0,1,1,0,25,21,1,1,1,1,0,Match Report
174,Brighton,2019-03-09,Crystal Palace,eng Premier League,W 2-1,2,1,+1,38,2,0,0,0,7,6,0,1,0,0,0,Match Report
175,Fulham,2019-03-09,Leicester City,eng Premier League,L 1-3,1,3,-2,48,1,0,0,0,12,11,0,1,0,0,0,Match Report
176,Southampton,2019-03-09,Tottenham,eng Premier League,W 2-1,2,1,+1,37,2,0,0,0,19,11,0,6,0,1,1,Match Report
177,Manchester City,2019-03-09,Watford,eng Premier League,W 3-1,3,1,+2,71,3,0,0,0,36,27,4,1,3,1,0,Match Report
178,Leicester City,2019-03-09,Fulham,eng Premier League,W 3-1,3,1,+2,52,3,0,0,0,29,22,1,3,1,0,2,Match Report
179,Tottenham,2019-03-09,Southampton,eng Premier League,L 1-2,1,2,-1,63,1,0,0,0,30,22,3,2,1,1,1,Match Report
180,Watford,2019-03-09,Manchester City,eng Premier League,L 1-3,1,3,-2,29,1,0,0,0,4,2,1,0,0,1,0,Match Report
181,Everton,2019-03-09,Newcastle Utd,eng Premier League,L 2-3,2,3,-1,55,2,0,0,0,11,10,0,0,0,0,1,Match Report
182,Newcastle Utd,2019-03-09,Everton,eng Premier League,W 3-2,3,2,+1,45,3,0,1,1,32,22,3,2,4,1,0,Match Report
183,Everton,2019-03-03,Liverpool,eng Premier League,D 0-0,0,0,0,43,0,0,0,0,11,7,3,0,0,1,0,Match Report
184,Liverpool,2019-03-03,Everton,eng Premier League,D 0-0,0,0,0,57,0,0,0,0,18,12,2,2,1,1,0,Match Report
185,Chelsea,2019-03-03,Fulham,eng Premier League,W 2-1,2,1,+1,63,2,0,0,0,38,35,0,0,1,1,1,Match Report
186,Leicester City,2019-03-03,Watford,eng Premier League,L 1-2,1,2,-1,61,1,0,0,0,24,16,2,3,1,2,0,Match Report
187,Watford,2019-03-03,Leicester City,eng Premier League,W 2-1,2,1,+1,39,2,0,0,0,10,6,1,0,1,2,0,Match Report
188,Fulham,2019-03-03,Chelsea,eng Premier League,L 1-2,1,2,-1,37,1,0,0,0,19,12,2,1,2,0,2,Match Report
189,Newcastle Utd,2019-03-02,West Ham,eng Premier League,L 0-2,0,2,-2,44,0,0,0,0,34,29,1,1,2,1,0,Match Report
190,Brighton,2019-03-02,Huddersfield,eng Premier League,W 1-0,1,0,+1,54,1,0,0,0,24,20,4,0,0,0,0,Match Report
191,Wolves,2019-03-02,Cardiff City,eng Premier League,W 2-0,2,0,+2,56,2,0,0,0,24,16,3,2,3,0,0,Match Report
192,Southampton,2019-03-02,Manchester Utd,eng Premier League,L 2-3,2,3,-1,36,2,0,0,0,16,12,2,0,1,1,0,Match Report
193,Crystal Palace,2019-03-02,Burnley,eng Premier League,W 3-1,3,1,+2,43,2,0,0,0,17,12,2,3,0,0,0,Match Report
194,Huddersfield,2019-03-02,Brighton,eng Premier League,L 0-1,0,1,-1,46,0,0,0,0,9,9,0,0,0,0,0,Match Report
195,Arsenal,2019-03-02,Tottenham,eng Premier League,D 1-1,1,1,0,40,1,0,1,1,18,13,1,2,1,1,0,Match Report
196,Manchester City,2019-03-02,Bournemouth,eng Premier League,W 1-0,1,0,+1,81,1,0,0,0,38,24,6,3,3,1,1,Match Report
197,Cardiff City,2019-03-02,Wolves,eng Premier League,L 0-2,0,2,-2,44,0,0,0,0,23,15,4,1,0,3,0,Match Report
198,West Ham,2019-03-02,Newcastle Utd,eng Premier League,W 2-0,2,0,+2,56,1,1,1,0,18,11,2,1,0,3,1,Match Report
199,Bournemouth,2019-03-02,Manchester City,eng Premier League,L 0-1,0,1,-1,19,0,0,0,0,0,0,0,0,0,0,0,Match Report
200,Burnley,2019-03-02,Crystal Palace,eng Premier League,L 1-3,1,3,-2,57,1,0,0,0,32,23,3,1,1,3,1,Match Report
201,Brighton,2019-03-02,Huddersfield,eng Premier League,W 1-0,1,0,+1,54,1,0,0,0,24,20,4,0,0,0,0,Match Report
202,Bournemouth,2019-03-02,Manchester City,eng Premier League,L 0-1,0,1,-1,19,0,0,0,0,0,0,0,0,0,0,0,Match Report
203,Bournemouth,2019-02-27,Arsenal,eng Premier League,L 1-5,1,5,-4,36,1,0,0,0,23,18,1,0,2,1,1,Match Report
204,Crystal Palace,2019-02-27,Manchester Utd,eng Premier League,L 1-3,1,3,-2,46,1,0,0,0,33,23,3,3,2,2,0,Match Report
205,Liverpool,2019-02-27,Watford,eng Premier League,W 5-0,5,0,+5,62,5,0,0,0,32,23,2,3,2,2,0,Match Report
206,Fulham,2019-02-27,Southampton,eng Premier League,L 0-2,0,2,-2,59,0,0,0,0,26,22,2,0,2,0,0,Match Report
207,Chelsea,2019-02-27,Tottenham,eng Premier League,W 2-0,2,0,+2,46,1,0,0,0,21,19,0,1,0,1,0,Match Report
208,Manchester Utd,2019-02-27,Crystal Palace,eng Premier League,W 3-1,3,1,+2,54,3,0,0,0,24,16,3,1,2,2,0,Match Report
209,Arsenal,2019-02-27,Bournemouth,eng Premier League,W 5-1,5,1,+4,64,5,0,0,0,30,27,1,1,0,1,0,Match Report
210,Manchester City,2019-02-27,West Ham,eng Premier League,W 1-0,1,0,+1,75,0,1,1,0,34,25,2,4,2,1,0,Match Report
211,Watford,2019-02-27,Liverpool,eng Premier League,L 0-5,0,5,-5,38,0,0,0,0,10,8,0,1,0,1,0,Match Report
212,Tottenham,2019-02-27,Chelsea,eng Premier League,L 0-2,0,2,-2,54,0,0,0,0,15,11,2,2,0,0,0,Match Report
213,Southampton,2019-02-27,Fulham,eng Premier League,W 2-0,2,0,+2,41,2,0,0,0,25,16,2,1,1,3,2,Match Report
214,West Ham,2019-02-27,Manchester City,eng Premier League,L 0-1,0,1,-1,25,0,0,0,0,4,3,0,1,0,0,0,Match Report
215,Everton,2019-02-26,Cardiff City,eng Premier League,W 3-0,3,0,+3,66,3,0,0,0,19,15,0,2,2,0,0,Match Report
216,Huddersfield,2019-02-26,Wolves,eng Premier League,W 1-0,1,0,+1,50,1,0,0,0,23,17,2,0,3,1,0,Match Report
217,Newcastle Utd,2019-02-26,Burnley,eng Premier League,W 2-0,2,0,+2,54,2,0,0,0,25,21,3,0,1,0,0,Match Report
218,Brighton,2019-02-26,Leicester City,eng Premier League,L 1-2,1,2,-1,51,1,0,0,0,25,18,3,1,2,1,0,Match Report
219,Burnley,2019-02-26,Newcastle Utd,eng Premier League,L 0-2,0,2,-2,46,0,0,0,0,20,12,4,0,4,0,0,Match Report
220,Leicester City,2019-02-26,Brighton,eng Premier League,W 2-1,2,1,+1,49,2,0,0,0,29,22,1,3,3,0,0,Match Report
221,Cardiff City,2019-02-26,Everton,eng Premier League,L 0-3,0,3,-3,34,0,0,0,0,10,9,0,1,0,0,0,Match Report
222,Wolves,2019-02-26,Huddersfield,eng Premier League,L 0-1,0,1,-1,50,0,0,0,0,14,10,2,1,0,1,0,Match Report
223,Southampton,2019-02-24,Arsenal,eng Premier League,L 0-2,0,2,-2,38,0,0,0,0,16,13,0,0,1,1,1,Match Report
224,Liverpool,2019-02-24,Manchester Utd,eng Premier League,D 0-0,0,0,0,64,0,0,0,0,12,5,4,1,1,1,0,Match Report
225,Arsenal,2019-02-24,Southampton,eng Premier League,W 2-0,2,0,+2,62,2,0,0,0,20,13,2,4,1,0,0,Match Report
226,Manchester Utd,2019-02-24,Liverpool,eng Premier League,D 0-0,0,0,0,36,0,0,0,0,11,10,1,0,0,0,0,Match Report
227,Burnley,2019-02-23,Tottenham,eng Premier League,W 2-1,2,1,+1,32,2,0,0,0,19,11,3,1,2,2,0,Match Report
228,Leicester City,2019-02-23,Crystal Palace,eng Premier League,L 1-4,1,4,-3,64,1,0,0,0,49,37,3,1,4,3,1,Match Report
229,Wolves,2019-02-23,Bournemouth,eng Premier League,D 1-1,1,1,0,55,0,1,1,0,20,15,2,1,1,1,0,Match Report
230,Bournemouth,2019-02-23,Wolves,eng Premier League,D 1-1,1,1,0,45,0,1,2,1,19,10,2,3,1,2,1,Match Report
231,Tottenham,2019-02-23,Burnley,eng Premier League,L 1-2,1,2,-1,68,1,0,0,0,30,21,7,1,0,1,0,Match Report
232,Crystal Palace,2019-02-23,Leicester City,eng Premier League,W 4-1,4,1,+3,36,3,1,1,0,13,6,2,0,2,2,1,Match Report
233,Huddersfield,2019-02-23,Newcastle Utd,eng Premier League,L 0-2,0,2,-2,46,0,0,0,0,6,4,1,0,0,1,0,Match Report
234,Newcastle Utd,2019-02-23,Huddersfield,eng Premier League,W 2-0,2,0,+2,54,2,0,0,0,54,44,4,1,4,1,0,Match Report
235,Cardiff City,2019-02-22,Watford,eng Premier League,L 1-5,1,5,-4,37,1,0,0,0,25,20,2,0,2,1,0,Match Report
236,Watford,2019-02-22,Cardiff City,eng Premier League,W 5-1,5,1,+4,63,5,0,0,0,24,16,1,2,0,3,2,Match Report
237,Fulham,2019-02-22,West Ham,eng Premier League,L 1-3,1,3,-2,45,1,0,0,0,11,9,0,2,0,0,0,Match Report
238,West Ham,2019-02-22,Fulham,eng Premier League,W 3-1,3,1,+2,55,3,0,0,0,34,21,7,0,4,1,1,Match Report
239,Newcastle Utd,2019-02-11,Wolves,eng Premier League,D 1-1,1,1,0,41,1,0,0,0,17,14,1,0,0,1,1,Match Report
240,Wolves,2019-02-11,Newcastle Utd,eng Premier League,D 1-1,1,1,0,59,1,0,0,0,33,24,3,1,5,0,0,Match Report
241,Leicester City,2019-02-10,Tottenham,eng Premier League,L 1-3,1,3,-2,47,1,0,1,1,36,25,6,0,2,3,0,Match Report
242,Tottenham,2019-02-10,Leicester City,eng Premier League,W 3-1,3,1,+2,53,3,0,0,0,22,18,2,1,1,0,0,Match Report
243,Manchester City,2019-02-10,Chelsea,eng Premier League,W 6-0,6,0,+6,56,5,1,1,0,28,22,1,2,0,3,0,Match Report
244,Chelsea,2019-02-10,Manchester City,eng Premier League,L 0-6,0,6,-6,44,0,0,0,0,24,20,0,3,0,1,0,Match Report
245,Huddersfield,2019-02-09,Arsenal,eng Premier League,L 1-2,1,2,-1,55,1,0,0,0,23,20,0,0,3,0,0,Match Report
246,Fulham,2019-02-09,Manchester Utd,eng Premier League,L 0-3,0,3,-3,51,0,0,0,0,25,16,3,2,2,2,0,Match Report
247,Everton,2019-02-09,Watford,eng Premier League,L 0-1,0,1,-1,56,0,0,0,0,14,7,2,1,1,3,0,Match Report
248,Cardiff City,2019-02-09,Southampton,eng Premier League,W 2-1,2,1,+1,34,2,0,0,0,8,5,1,0,2,0,0,Match Report
249,West Ham,2019-02-09,Crystal Palace,eng Premier League,D 1-1,1,1,0,42,0,1,1,0,12,10,0,0,0,2,0,Match Report
250,Liverpool,2019-02-09,Bournemouth,eng Premier League,W 3-0,3,0,+3,65,3,0,0,0,38,34,2,0,1,1,0,Match Report
251,Southampton,2019-02-09,Cardiff City,eng Premier League,L 1-2,1,2,-1,66,1,0,0,0,24,12,3,3,4,2,0,Match Report
252,Crystal Palace,2019-02-09,West Ham,eng Premier League,D 1-1,1,1,0,58,1,0,0,0,47,34,5,2,4,2,0,Match Report
253,Bournemouth,2019-02-09,Liverpool,eng Premier League,L 0-3,0,3,-3,35,0,0,0,0,23,15,4,2,2,0,0,Match Report
254,Brighton,2019-02-09,Burnley,eng Premier League,L 1-3,1,3,-2,68,1,0,0,0,32,22,4,1,1,4,0,Match Report
255,Burnley,2019-02-09,Brighton,eng Premier League,W 3-1,3,1,+2,32,2,1,1,0,11,8,1,0,0,2,0,Match Report
256,Watford,2019-02-09,Everton,eng Premier League,W 1-0,1,0,+1,44,1,0,0,0,11,9,1,1,0,0,0,Match Report
257,Arsenal,2019-02-09,Huddersfield,eng Premier League,W 2-1,2,1,+1,45,2,0,0,0,14,14,0,0,0,0,0,Match Report
258,Manchester Utd,2019-02-09,Fulham,eng Premier League,W 3-0,3,0,+3,49,2,1,1,0,24,17,0,5,1,1,0,Match Report
259,Manchester City,2019-02-06,Everton,eng Premier League,W 2-0,2,0,+2,61,2,0,0,0,24,14,3,2,4,1,0,Match Report
260,Everton,2019-02-06,Manchester City,eng Premier League,L 0-2,0,2,-2,39,0,0,0,0,8,4,1,1,0,2,0,Match Report
261,Liverpool,2019-02-04,West Ham,eng Premier League,D 1-1,1,1,0,73,1,0,0,0,20,14,2,2,0,2,0,Match Report
262,West Ham,2019-02-04,Liverpool,eng Premier League,D 1-1,1,1,0,27,1,0,0,0,25,18,3,0,1,3,0,Match Report
263,Manchester City,2019-02-03,Arsenal,eng Premier League,W 3-1,3,1,+2,59,3,0,0,0,31,27,0,2,0,2,0,Match Report
264,Leicester City,2019-02-03,Manchester Utd,eng Premier League,L 0-1,0,1,-1,45,0,0,0,0,30,18,3,3,2,3,1,Match Report
265,Manchester Utd,2019-02-03,Leicester City,eng Premier League,W 1-0,1,0,+1,55,1,0,0,0,17,14,1,2,0,0,0,Match Report
266,Arsenal,2019-02-03,Manchester City,eng Premier League,L 1-3,1,3,-2,41,1,0,0,0,7,6,1,0,0,0,0,Match Report
267,Brighton,2019-02-02,Watford,eng Premier League,D 0-0,0,0,0,55,0,0,0,0,42,24,8,5,2,3,0,Match Report
268,Burnley,2019-02-02,Southampton,eng Premier League,D 1-1,1,1,0,55,0,1,1,0,27,18,5,1,2,1,0,Match Report
269,Newcastle Utd,2019-02-02,Tottenham,eng Premier League,L 0-1,0,1,-1,29,0,0,0,0,13,9,0,2,2,0,0,Match Report
270,Fulham,2019-02-02,Crystal Palace,eng Premier League,L 0-2,0,2,-2,62,0,0,0,0,15,12,1,0,1,0,1,Match Report
271,Cardiff City,2019-02-02,Bournemouth,eng Premier League,W 2-0,2,0,+2,27,1,1,1,0,21,16,1,1,1,1,1,Match Report
272,Bournemouth,2019-02-02,Cardiff City,eng Premier League,L 0-2,0,2,-2,73,0,0,0,0,18,10,3,3,0,1,1,Match Report
273,Everton,2019-02-02,Wolves,eng Premier League,L 1-3,1,3,-2,64,1,0,0,0,22,14,0,4,1,3,0,Match Report
274,Southampton,2019-02-02,Burnley,eng Premier League,D 1-1,1,1,0,45,1,0,0,0,18,16,0,1,0,0,1,Match Report
275,Tottenham,2019-02-02,Newcastle Utd,eng Premier League,W 1-0,1,0,+1,71,1,0,0,0,37,23,6,1,5,1,1,Match Report
276,Huddersfield,2019-02-02,Chelsea,eng Premier League,L 0-5,0,5,-5,35,0,0,0,0,9,8,1,0,0,0,0,Match Report
277,Watford,2019-02-02,Brighton,eng Premier League,D 0-0,0,0,0,45,0,0,0,0,7,7,0,0,0,0,0,Match Report
278,Wolves,2019-02-02,Everton,eng Premier League,W 3-1,3,1,+2,36,2,1,1,0,12,6,1,2,1,2,0,Match Report
279,Chelsea,2019-02-02,Huddersfield,eng Premier League,W 5-0,5,0,+5,65,4,1,1,0,44,32,5,2,3,1,1,Match Report
280,Crystal Palace,2019-02-02,Fulham,eng Premier League,W 2-0,2,0,+2,38,1,1,1,0,25,16,5,1,2,1,0,Match Report
281,Tottenham,2019-01-30,Watford,eng Premier League,W 2-1,2,1,+1,68,2,0,0,0,27,18,3,2,2,2,0,Match Report
282,Crystal Palace,2019-01-30,Southampton,eng Premier League,D 1-1,1,1,0,42,1,0,0,0,29,22,2,2,1,1,1,Match Report
283,Watford,2019-01-30,Tottenham,eng Premier League,L 1-2,1,2,-1,32,1,0,0,0,14,10,1,1,2,0,0,Match Report
284,Southampton,2019-01-30,Crystal Palace,eng Premier League,D 1-1,1,1,0,58,1,0,0,0,22,17,2,0,0,2,1,Match Report
285,Chelsea,2019-01-30,Bournemouth,eng Premier League,L 0-4,0,4,-4,68,0,0,0,0,22,22,0,0,0,0,0,Match Report
286,Leicester City,2019-01-30,Liverpool,eng Premier League,D 1-1,1,1,0,28,1,0,0,0,9,5,1,0,1,2,0,Match Report
287,Liverpool,2019-01-30,Leicester City,eng Premier League,D 1-1,1,1,0,72,1,0,0,0,18,9,3,3,2,1,0,Match Report
288,Bournemouth,2019-01-30,Chelsea,eng Premier League,W 4-0,4,0,+4,32,4,0,0,0,21,13,2,2,1,1,2,Match Report
289,Cardiff City,2019-01-29,Arsenal,eng Premier League,L 1-2,1,2,-1,30,1,0,0,0,33,22,5,2,1,3,0,Match Report
290,Burnley,2019-01-29,Manchester Utd,eng Premier League,D 2-2,2,2,0,27,2,0,0,0,10,9,1,0,0,0,0,Match Report
291,Arsenal,2019-01-29,Cardiff City,eng Premier League,W 2-1,2,1,+1,70,1,1,1,0,28,22,3,2,0,1,0,Match Report
292,Wolves,2019-01-29,West Ham,eng Premier League,W 3-0,3,0,+3,55,3,0,0,0,34,22,5,1,3,3,0,Match Report
293,West Ham,2019-01-29,Wolves,eng Premier League,L 0-3,0,3,-3,45,0,0,0,0,7,3,1,2,0,0,1,Match Report
294,Manchester Utd,2019-01-29,Burnley,eng Premier League,D 2-2,2,2,0,73,1,1,1,0,50,40,3,2,3,2,0,Match Report
295,Manchester City,2019-01-29,Newcastle Utd,eng Premier League,L 1-2,1,2,-1,75,1,0,0,0,19,11,2,3,1,2,0,Match Report
296,Fulham,2019-01-29,Brighton,eng Premier League,W 4-2,4,2,+2,61,4,0,0,0,42,30,3,2,6,1,0,Match Report
297,Huddersfield,2019-01-29,Everton,eng Premier League,L 0-1,0,1,-1,58,0,0,0,0,20,17,0,1,0,1,1,Match Report
298,Everton,2019-01-29,Huddersfield,eng Premier League,W 1-0,1,0,+1,42,1,0,0,0,17,8,2,4,1,2,0,Match Report
299,Brighton,2019-01-29,Fulham,eng Premier League,L 2-4,2,4,-2,39,2,0,0,0,23,14,2,1,3,3,0,Match Report
300,Newcastle Utd,2019-01-29,Manchester City,eng Premier League,W 2-1,2,1,+1,25,1,1,1,0,12,6,1,1,1,2,1,Match Report
301,Fulham,2019-01-20,Tottenham,eng Premier League,L 1-2,1,2,-1,28,0,0,0,0,21,15,3,0,2,1,0,Match Report
302,Manchester City,2019-01-20,Huddersfield,eng Premier League,W 3-0,3,0,+3,67,3,0,0,0,24,18,3,1,2,0,0,Match Report
303,Tottenham,2019-01-20,Fulham,eng Premier League,W 2-1,2,1,+1,72,2,0,0,0,27,25,1,0,0,1,0,Match Report
304,Huddersfield,2019-01-20,Manchester City,eng Premier League,L 0-3,0,3,-3,33,0,0,0,0,9,8,0,1,0,0,0,Match Report
305,Chelsea,2019-01-19,Arsenal,eng Premier League,L 0-2,0,2,-2,64,0,0,0,0,22,20,2,0,0,0,0,Match Report
306,Brighton,2019-01-19,Manchester Utd,eng Premier League,L 1-2,1,2,-1,44,1,0,0,0,14,9,3,0,0,2,0,Match Report
307,Burnley,2019-01-19,Watford,eng Premier League,D 0-0,0,0,0,46,0,0,0,0,21,14,3,0,1,2,1,Match Report
308,Everton,2019-01-19,Southampton,eng Premier League,L 1-2,1,2,-1,61,1,0,0,0,12,10,0,1,1,0,0,Match Report
309,Liverpool,2019-01-19,Crystal Palace,eng Premier League,W 4-3,4,3,+1,70,4,0,0,0,34,25,3,3,2,1,0,Match Report
310,West Ham,2019-01-19,Bournemouth,eng Premier League,L 0-2,0,2,-2,61,0,0,0,0,14,12,0,0,2,0,0,Match Report
311,Newcastle Utd,2019-01-19,Cardiff City,eng Premier League,W 3-0,3,0,+3,54,3,0,0,0,29,21,6,0,2,0,0,Match Report
312,Bournemouth,2019-01-19,West Ham,eng Premier League,W 2-0,2,0,+2,39,2,0,0,0,18,11,1,3,2,1,0,Match Report
313,Crystal Palace,2019-01-19,Liverpool,eng Premier League,L 3-4,3,4,-1,30,3,0,0,0,15,10,2,1,1,1,0,Match Report
314,Leicester City,2019-01-19,Wolves,eng Premier League,L 3-4,3,4,-1,54,2,0,0,0,25,16,2,4,1,2,0,Match Report
315,Watford,2019-01-19,Burnley,eng Premier League,D 0-0,0,0,0,54,0,0,0,0,16,16,0,0,0,0,0,Match Report
316,Wolves,2019-01-19,Leicester City,eng Premier League,W 4-3,4,3,+1,46,4,0,0,0,23,20,2,0,0,1,0,Match Report
317,Cardiff City,2019-01-19,Newcastle Utd,eng Premier League,L 0-3,0,3,-3,46,0,0,0,0,16,10,3,0,2,1,0,Match Report
318,Arsenal,2019-01-19,Chelsea,eng Premier League,W 2-0,2,0,+2,36,2,0,0,0,24,18,3,2,0,1,0,Match Report
319,Manchester Utd,2019-01-19,Brighton,eng Premier League,W 2-1,2,1,+1,56,1,1,1,0,38,27,3,2,3,3,0,Match Report
320,Southampton,2019-01-19,Everton,eng Premier League,W 2-1,2,1,+1,39,1,0,0,0,20,15,3,0,1,0,1,Match Report
321,Manchester City,2019-01-14,Wolves,eng Premier League,W 3-0,3,0,+3,76,1,1,1,0,48,43,0,4,0,1,0,Match Report
322,Wolves,2019-01-14,Manchester City,eng Premier League,L 0-3,0,3,-3,24,0,0,0,0,1,0,1,0,0,0,0,Match Report
323,Tottenham,2019-01-13,Manchester Utd,eng Premier League,L 0-1,0,1,-1,61,0,0,0,0,42,28,3,5,3,2,1,Match Report
324,Manchester Utd,2019-01-13,Tottenham,eng Premier League,W 1-0,1,0,+1,39,1,0,0,0,24,18,1,2,3,0,0,Match Report
325,Everton,2019-01-13,Bournemouth,eng Premier League,W 2-0,2,0,+2,51,2,0,0,0,27,22,1,1,1,2,0,Match Report
326,Bournemouth,2019-01-13,Everton,eng Premier League,L 0-2,0,2,-2,49,0,0,0,0,27,19,4,0,2,2,0,Match Report
327,West Ham,2019-01-12,Arsenal,eng Premier League,W 1-0,1,0,+1,42,1,0,0,0,20,14,4,1,0,1,0,Match Report
328,Crystal Palace,2019-01-12,Watford,eng Premier League,L 1-2,1,2,-1,55,0,0,0,0,23,13,3,3,2,1,1,Match Report
329,Leicester City,2019-01-12,Southampton,eng Premier League,L 1-2,1,2,-1,71,1,0,0,0,44,34,4,2,2,2,0,Match Report
330,Watford,2019-01-12,Crystal Palace,eng Premier League,W 2-1,2,1,+1,45,2,0,0,0,25,10,4,3,5,3,0,Match Report
331,Huddersfield,2019-01-12,Cardiff City,eng Premier League,D 0-0,0,0,0,61,0,0,0,0,25,20,3,0,1,1,0,Match Report
332,Arsenal,2019-01-12,West Ham,eng Premier League,L 0-1,0,1,-1,58,0,0,0,0,20,16,0,2,1,0,1,Match Report
333,Brighton,2019-01-12,Liverpool,eng Premier League,L 0-1,0,1,-1,30,0,0,0,0,13,12,1,0,0,0,0,Match Report
334,Fulham,2019-01-12,Burnley,eng Premier League,L 1-2,1,2,-1,58,1,0,0,0,21,18,0,1,1,1,0,Match Report
335,Southampton,2019-01-12,Leicester City,eng Premier League,W 2-1,2,1,+1,29,1,1,1,0,11,3,4,0,2,2,0,Match Report
336,Chelsea,2019-01-12,Newcastle Utd,eng Premier League,W 2-1,2,1,+1,65,2,0,0,0,19,12,2,1,0,2,2,Match Report
337,Newcastle Utd,2019-01-12,Chelsea,eng Premier League,L 1-2,1,2,-1,35,1,0,0,0,16,15,1,0,0,0,0,Match Report
338,Liverpool,2019-01-12,Brighton,eng Premier League,W 1-0,1,0,+1,70,0,1,1,0,18,14,1,2,0,1,0,Match Report
339,Cardiff City,2019-01-12,Huddersfield,eng Premier League,D 0-0,0,0,0,39,0,0,0,0,5,3,1,1,0,0,0,Match Report
340,Burnley,2019-01-12,Fulham,eng Premier League,W 2-1,2,1,+1,42,1,0,0,0,21,18,1,1,1,0,0,Match Report
341,Manchester City,2019-01-03,Liverpool,eng Premier League,W 2-1,2,1,+1,49,2,0,0,0,13,9,0,2,1,0,1,Match Report
342,Liverpool,2019-01-03,Manchester City,eng Premier League,L 1-2,1,2,-1,51,1,0,0,0,13,10,0,1,1,1,0,Match Report
343,Newcastle Utd,2019-01-02,Manchester Utd,eng Premier League,L 0-2,0,2,-2,36,0,0,0,0,25,22,1,1,0,1,0,Match Report
344,Bournemouth,2019-01-02,Watford,eng Premier League,D 3-3,3,3,0,57,3,0,0,0,43,29,5,4,4,1,0,Match Report
345,Chelsea,2019-01-02,Southampton,eng Premier League,D 0-0,0,0,0,71,0,0,0,0,32,25,2,1,1,3,0,Match Report
346,Wolves,2019-01-02,Crystal Palace,eng Premier League,L 0-2,0,2,-2,52,0,0,0,0,13,10,1,0,1,1,0,Match Report
347,Watford,2019-01-02,Bournemouth,eng Premier League,D 3-3,3,3,0,43,3,0,0,0,18,11,3,1,1,2,0,Match Report
348,Brighton,2019-01-02,West Ham,eng Premier League,D 2-2,2,2,0,45,2,0,0,0,24,13,5,2,3,0,1,Match Report
349,Crystal Palace,2019-01-02,Wolves,eng Premier League,W 2-0,2,0,+2,48,1,1,1,0,26,17,0,1,5,2,1,Match Report
350,Huddersfield,2019-01-02,Burnley,eng Premier League,L 1-2,1,2,-1,43,1,0,0,0,17,11,3,2,0,1,0,Match Report
351,Manchester Utd,2019-01-02,Newcastle Utd,eng Premier League,W 2-0,2,0,+2,64,2,0,0,0,30,19,1,4,1,4,1,Match Report
352,Southampton,2019-01-02,Chelsea,eng Premier League,D 0-0,0,0,0,29,0,0,0,0,7,6,0,0,0,1,0,Match Report
353,West Ham,2019-01-02,Brighton,eng Premier League,D 2-2,2,2,0,55,2,0,0,0,21,15,2,2,0,0,2,Match Report
354,Burnley,2019-01-02,Huddersfield,eng Premier League,W 2-1,2,1,+1,57,2,0,0,0,29,20,3,1,1,3,1,Match Report
355,Fulham,2019-01-01,Arsenal,eng Premier League,L 1-4,1,4,-3,40,1,0,0,0,16,13,1,1,0,1,0,Match Report
356,Cardiff City,2019-01-01,Tottenham,eng Premier League,L 0-3,0,3,-3,28,0,0,0,0,10,8,2,0,0,0,0,Match Report
357,Tottenham,2019-01-01,Cardiff City,eng Premier League,W 3-0,3,0,+3,72,3,0,0,0,24,20,0,3,1,0,0,Match Report
358,Everton,2019-01-01,Leicester City,eng Premier League,L 0-1,0,1,-1,59,0,0,0,0,28,18,4,0,2,3,1,Match Report
359,Leicester City,2019-01-01,Everton,eng Premier League,W 1-0,1,0,+1,41,1,0,0,0,14,8,1,3,0,0,2,Match Report
360,Arsenal,2019-01-01,Fulham,eng Premier League,W 4-1,4,1,+3,60,4,0,0,0,28,22,0,4,2,0,0,Match Report
361,Bournemouth,2018-12-30,Manchester Utd,eng Premier League,L 1-4,1,4,-3,35,1,0,0,0,12,7,3,1,0,0,1,Match Report
362,Manchester City,2018-12-30,Southampton,eng Premier League,W 3-1,3,1,+2,76,2,0,0,0,27,22,3,0,0,2,0,Match Report
363,Chelsea,2018-12-30,Crystal Palace,eng Premier League,W 1-0,1,0,+1,65,1,0,0,0,23,15,2,1,3,2,0,Match Report
364,Manchester Utd,2018-12-30,Bournemouth,eng Premier League,W 4-1,4,1,+3,65,4,0,0,0,21,18,0,1,1,0,1,Match Report
365,Burnley,2018-12-30,West Ham,eng Premier League,W 2-0,2,0,+2,43,2,0,0,0,28,23,3,0,1,1,0,Match Report
366,West Ham,2018-12-30,Burnley,eng Premier League,L 0-2,0,2,-2,57,0,0,0,0,18,10,3,2,3,0,0,Match Report
367,Crystal Palace,2018-12-30,Chelsea,eng Premier League,L 0-1,0,1,-1,35,0,0,0,0,8,7,1,0,0,0,0,Match Report
368,Southampton,2018-12-30,Manchester City,eng Premier League,L 1-3,1,3,-2,24,1,0,0,0,9,3,3,1,0,2,0,Match Report
369,Liverpool,2018-12-29,Arsenal,eng Premier League,W 5-1,5,1,+4,48,3,2,2,0,27,18,0,5,1,2,1,Match Report
370,Newcastle Utd,2018-12-29,Watford,eng Premier League,D 1-1,1,1,0,37,1,0,0,0,16,9,3,2,0,2,0,Match Report
371,Wolves,2018-12-29,Tottenham,eng Premier League,W 3-1,3,1,+2,40,3,0,0,0,22,14,3,3,1,1,0,Match Report
372,Leicester City,2018-12-29,Cardiff City,eng Premier League,L 0-1,0,1,-1,62,0,0,1,1,29,17,6,4,0,2,0,Match Report
373,Arsenal,2018-12-29,Liverpool,eng Premier League,L 1-5,1,5,-4,52,1,0,0,0,14,14,0,0,0,0,0,Match Report
374,Tottenham,2018-12-29,Wolves,eng Premier League,L 1-3,1,3,-2,60,1,0,0,0,19,14,2,1,1,1,0,Match Report
375,Cardiff City,2018-12-29,Leicester City,eng Premier League,W 1-0,1,0,+1,38,1,0,0,0,18,14,2,0,1,1,0,Match Report
376,Watford,2018-12-29,Newcastle Utd,eng Premier League,D 1-1,1,1,0,63,1,0,0,0,20,15,0,1,0,4,0,Match Report
377,Everton,2018-12-29,Brighton,eng Premier League,L 0-1,0,1,-1,54,0,0,0,0,22,12,3,4,1,2,0,Match Report
378,Brighton,2018-12-29,Everton,eng Premier League,W 1-0,1,0,+1,46,1,0,0,0,15,6,3,2,2,2,0,Match Report
379,Fulham,2018-12-29,Huddersfield,eng Premier League,W 1-0,1,0,+1,44,1,0,1,1,26,19,3,0,2,2,0,Match Report
380,Huddersfield,2018-12-29,Fulham,eng Premier League,L 0-1,0,1,-1,56,0,0,0,0,12,8,1,0,0,2,1,Match Report
381,West Ham,2018-12-27,Southampton,eng Premier League,W 2-1,2,1,+1,54,2,0,0,0,30,20,3,6,1,0,0,Match Report
382,Southampton,2018-12-27,West Ham,eng Premier League,L 1-2,1,2,-1,46,1,0,0,0,17,10,0,2,5,0,0,Match Report
383,Brighton,2018-12-26,Arsenal,eng Premier League,D 1-1,1,1,0,33,1,0,0,0,22,19,1,2,0,0,0,Match Report
384,Huddersfield,2018-12-26,Manchester Utd,eng Premier League,L 1-3,1,3,-2,36,1,0,0,0,19,15,3,1,0,0,0,Match Report
385,Chelsea,2018-12-26,Watford,eng Premier League,W 2-1,2,1,+1,65,1,1,1,0,20,17,0,2,0,1,0,Match Report
386,Bournemouth,2018-12-26,Tottenham,eng Premier League,L 0-5,0,5,-5,44,0,0,0,0,26,24,1,0,0,0,1,Match Report
387,Cardiff City,2018-12-26,Crystal Palace,eng Premier League,D 0-0,0,0,0,38,0,0,0,0,14,12,1,0,0,1,0,Match Report
388,Tottenham,2018-12-26,Bournemouth,eng Premier League,W 5-0,5,0,+5,56,5,0,0,0,19,14,0,2,2,1,0,Match Report
389,Crystal Palace,2018-12-26,Cardiff City,eng Premier League,D 0-0,0,0,0,62,0,0,0,0,52,34,4,6,6,1,1,Match Report
390,Newcastle Utd,2018-12-26,Liverpool,eng Premier League,L 0-4,0,4,-4,26,0,0,0,0,12,7,1,2,0,1,1,Match Report
391,Fulham,2018-12-26,Wolves,eng Premier League,D 1-1,1,1,0,30,1,0,0,0,20,13,3,3,0,1,0,Match Report
392,Everton,2018-12-26,Burnley,eng Premier League,W 5-1,5,1,+4,51,4,1,1,0,22,15,2,2,2,1,0,Match Report
393,Manchester City,2018-12-26,Leicester City,eng Premier League,L 1-2,1,2,-1,66,1,0,0,0,21,19,0,1,1,0,0,Match Report
394,Liverpool,2018-12-26,Newcastle Utd,eng Premier League,W 4-0,4,0,+4,74,3,1,1,0,29,23,3,0,1,2,0,Match Report
395,Watford,2018-12-26,Chelsea,eng Premier League,L 1-2,1,2,-1,35,1,0,0,0,19,12,2,2,1,0,2,Match Report
396,Arsenal,2018-12-26,Brighton,eng Premier League,D 1-1,1,1,0,67,1,0,0,0,14,10,1,2,1,0,0,Match Report
397,Burnley,2018-12-26,Everton,eng Premier League,L 1-5,1,5,-4,49,1,0,0,0,17,10,3,0,2,2,0,Match Report
398,Manchester Utd,2018-12-26,Huddersfield,eng Premier League,W 3-1,3,1,+2,64,3,0,0,0,29,21,1,2,2,2,1,Match Report
399,Wolves,2018-12-26,Fulham,eng Premier League,D 1-1,1,1,0,70,1,0,0,0,23,21,0,1,0,0,1,Match Report
400,Leicester City,2018-12-26,Manchester City,eng Premier League,W 2-1,2,1,+1,34,2,0,0,0,17,14,2,0,0,1,0,Match Report
401,Everton,2018-12-23,Tottenham,eng Premier League,L 2-6,2,6,-4,42,2,0,0,0,18,17,0,1,0,0,0,Match Report
402,Tottenham,2018-12-23,Everton,eng Premier League,W 6-2,6,2,+4,58,6,0,0,0,31,25,0,1,2,3,0,Match Report
403,Burnley,2018-12-22,Arsenal,eng Premier League,L 1-3,1,3,-2,40,1,0,0,0,9,6,1,0,1,1,0,Match Report
404,Cardiff City,2018-12-22,Manchester Utd,eng Premier League,L 1-5,1,5,-4,27,0,1,1,0,14,7,3,0,1,3,0,Match Report
405,West Ham,2018-12-22,Watford,eng Premier League,L 0-2,0,2,-2,52,0,0,0,0,28,17,4,1,4,2,0,Match Report
406,Huddersfield,2018-12-22,Southampton,eng Premier League,L 1-3,1,3,-2,62,1,0,0,0,28,21,3,0,3,0,1,Match Report
407,Manchester City,2018-12-22,Crystal Palace,eng Premier League,L 2-3,2,3,-1,78,2,0,0,0,36,27,4,1,2,2,0,Match Report
408,Brighton,2018-12-22,Bournemouth,eng Premier League,L 0-2,0,2,-2,43,0,0,0,0,20,18,1,0,0,1,0,Match Report
409,Manchester Utd,2018-12-22,Cardiff City,eng Premier League,W 5-1,5,1,+4,73,4,1,1,0,30,20,2,4,2,2,0,Match Report
410,Watford,2018-12-22,West Ham,eng Premier League,W 2-0,2,0,+2,48,1,1,1,0,20,14,1,3,0,1,1,Match Report
411,Arsenal,2018-12-22,Burnley,eng Premier League,W 3-1,3,1,+2,60,3,0,0,0,18,11,0,3,3,1,0,Match Report
412,Chelsea,2018-12-22,Leicester City,eng Premier League,L 0-1,0,1,-1,72,0,0,0,0,31,25,3,1,2,0,0,Match Report
413,Fulham,2018-12-22,Newcastle Utd,eng Premier League,D 0-0,0,0,0,47,0,0,0,0,8,7,0,0,0,1,0,Match Report
414,Leicester City,2018-12-22,Chelsea,eng Premier League,W 1-0,1,0,+1,28,1,0,0,0,12,9,0,0,1,1,1,Match Report
415,Bournemouth,2018-12-22,Brighton,eng Premier League,W 2-0,2,0,+2,57,2,0,0,0,26,16,3,3,0,3,1,Match Report
416,Southampton,2018-12-22,Huddersfield,eng Premier League,W 3-1,3,1,+2,38,2,1,1,0,22,18,0,2,0,1,1,Match Report
417,Newcastle Utd,2018-12-22,Fulham,eng Premier League,D 0-0,0,0,0,53,0,0,0,0,17,11,4,0,1,1,0,Match Report
418,Crystal Palace,2018-12-22,Manchester City,eng Premier League,W 3-2,3,2,+1,22,2,1,1,0,10,6,0,1,1,2,0,Match Report
419,Wolves,2018-12-21,Liverpool,eng Premier League,L 0-2,0,2,-2,39,0,0,0,0,21,18,0,1,0,0,2,Match Report
420,Liverpool,2018-12-21,Wolves,eng Premier League,W 2-0,2,0,+2,61,2,0,0,0,26,19,2,3,2,0,0,Match Report
421,Southampton,2018-12-16,Arsenal,eng Premier League,W 3-2,3,2,+1,34,3,0,0,0,21,13,3,2,0,2,1,Match Report
422,Liverpool,2018-12-16,Manchester Utd,eng Premier League,W 3-1,3,1,+2,64,3,0,0,0,59,39,4,6,7,3,0,Match Report
423,Arsenal,2018-12-16,Southampton,eng Premier League,L 2-3,2,3,-1,66,2,0,0,0,23,19,3,0,1,0,0,Match Report
424,Manchester Utd,2018-12-16,Liverpool,eng Premier League,L 1-3,1,3,-2,36,1,0,0,0,12,10,1,0,0,1,0,Match Report
425,Brighton,2018-12-16,Chelsea,eng Premier League,L 1-2,1,2,-1,43,1,0,0,0,10,8,0,1,0,1,0,Match Report
426,Chelsea,2018-12-16,Brighton,eng Premier League,W 2-1,2,1,+1,57,2,0,0,0,19,15,1,0,1,2,0,Match Report
427,Cardiff City,2018-12-15,Watford,eng Premier League,L 2-3,2,3,-1,29,2,0,0,0,15,10,3,0,2,0,0,Match Report
428,Burnley,2018-12-15,Tottenham,eng Premier League,L 0-1,0,1,-1,30,0,0,0,0,7,5,1,0,1,0,0,Match Report
429,Leicester City,2018-12-15,Crystal Palace,eng Premier League,L 0-1,0,1,-1,56,0,0,0,0,22,19,2,1,0,0,0,Match Report
430,Wolves,2018-12-15,Bournemouth,eng Premier League,W 2-0,2,0,+2,38,2,0,0,0,17,15,0,1,1,0,0,Match Report
431,Watford,2018-12-15,Cardiff City,eng Premier League,W 3-2,3,2,+1,71,3,0,0,0,30,26,0,2,1,1,0,Match Report
432,Fulham,2018-12-15,West Ham,eng Premier League,L 0-2,0,2,-2,56,0,0,0,0,25,19,3,1,1,1,0,Match Report
433,Bournemouth,2018-12-15,Wolves,eng Premier League,L 0-2,0,2,-2,62,0,0,0,0,18,13,2,1,1,1,0,Match Report
434,Tottenham,2018-12-15,Burnley,eng Premier League,W 1-0,1,0,+1,70,1,0,0,0,24,21,1,1,1,0,0,Match Report
435,Crystal Palace,2018-12-15,Leicester City,eng Premier League,W 1-0,1,0,+1,44,1,0,0,0,14,11,0,0,2,1,0,Match Report
436,Huddersfield,2018-12-15,Newcastle Utd,eng Premier League,L 0-1,0,1,-1,72,0,0,0,0,27,20,5,0,0,2,0,Match Report
437,Manchester City,2018-12-15,Everton,eng Premier League,W 3-1,3,1,+2,67,3,0,0,0,24,18,2,0,2,1,1,Match Report
438,Newcastle Utd,2018-12-15,Huddersfield,eng Premier League,W 1-0,1,0,+1,28,1,0,0,0,14,10,1,0,2,1,0,Match Report
439,West Ham,2018-12-15,Fulham,eng Premier League,W 2-0,2,0,+2,44,2,0,0,0,11,9,1,1,0,0,0,Match Report
440,Everton,2018-12-15,Manchester City,eng Premier League,L 1-3,1,3,-2,33,1,0,0,0,16,9,1,5,1,0,0,Match Report
441,Everton,2018-12-10,Watford,eng Premier League,D 2-2,2,2,0,56,2,0,1,1,20,14,3,0,0,3,0,Match Report
442,Watford,2018-12-10,Everton,eng Premier League,D 2-2,2,2,0,44,1,0,0,0,23,13,3,3,1,3,0,Match Report
443,Newcastle Utd,2018-12-09,Wolves,eng Premier League,L 1-2,1,2,-1,51,1,0,0,0,22,12,3,1,2,3,1,Match Report
444,Wolves,2018-12-09,Newcastle Utd,eng Premier League,W 2-1,2,1,+1,49,2,0,0,0,24,15,3,1,2,3,0,Match Report
445,Huddersfield,2018-12-08,Arsenal,eng Premier League,L 0-1,0,1,-1,38,0,0,0,0,11,11,0,0,0,0,0,Match Report
446,Fulham,2018-12-08,Manchester Utd,eng Premier League,L 1-4,1,4,-3,38,0,1,1,0,19,14,1,2,1,1,0,Match Report
447,Cardiff City,2018-12-08,Southampton,eng Premier League,W 1-0,1,0,+1,37,1,0,0,0,22,12,3,3,2,2,0,Match Report
448,Leicester City,2018-12-08,Tottenham,eng Premier League,L 0-2,0,2,-2,43,0,0,0,0,20,14,1,2,0,2,1,Match Report
449,West Ham,2018-12-08,Crystal Palace,eng Premier League,W 3-2,3,2,+1,49,3,0,0,0,25,16,3,1,4,1,0,Match Report
450,Liverpool,2018-12-08,Bournemouth,eng Premier League,W 4-0,4,0,+4,59,3,0,0,0,18,14,0,3,1,0,0,Match Report
451,Southampton,2018-12-08,Cardiff City,eng Premier League,L 0-1,0,1,-1,63,0,0,0,0,18,8,4,0,2,4,0,Match Report
452,Crystal Palace,2018-12-08,West Ham,eng Premier League,L 2-3,2,3,-1,51,2,0,0,0,14,8,2,1,1,2,0,Match Report
453,Bournemouth,2018-12-08,Liverpool,eng Premier League,L 0-4,0,4,-4,41,0,0,0,0,14,9,2,1,1,1,0,Match Report
454,Brighton,2018-12-08,Burnley,eng Premier League,L 0-1,0,1,-1,62,0,0,0,0,25,14,4,2,2,1,2,Match Report
455,Tottenham,2018-12-08,Leicester City,eng Premier League,W 2-0,2,0,+2,57,2,0,0,0,12,8,1,1,0,1,1,Match Report
456,Manchester City,2018-12-08,Chelsea,eng Premier League,L 0-2,0,2,-2,61,0,0,0,0,25,10,6,4,3,1,1,Match Report
457,Burnley,2018-12-08,Brighton,eng Premier League,W 1-0,1,0,+1,38,1,0,0,0,25,15,2,0,4,3,1,Match Report
458,Arsenal,2018-12-08,Huddersfield,eng Premier League,W 1-0,1,0,+1,62,1,0,0,0,27,20,3,0,1,2,1,Match Report
459,Manchester Utd,2018-12-08,Fulham,eng Premier League,W 4-1,4,1,+3,62,4,0,0,0,37,29,0,5,2,1,0,Match Report
460,Chelsea,2018-12-08,Manchester City,eng Premier League,W 2-0,2,0,+2,39,2,0,0,0,16,13,1,0,1,1,0,Match Report
461,Manchester Utd,2018-12-05,Arsenal,eng Premier League,D 2-2,2,2,0,45,2,0,0,0,20,13,3,0,1,2,1,Match Report
462,Arsenal,2018-12-05,Manchester Utd,eng Premier League,D 2-2,2,2,0,55,1,0,0,0,15,11,1,2,1,0,0,Match Report
463,Tottenham,2018-12-05,Southampton,eng Premier League,W 3-1,3,1,+2,52,3,0,0,0,20,15,2,0,2,1,0,Match Report
464,Southampton,2018-12-05,Tottenham,eng Premier League,L 1-3,1,3,-2,48,1,0,0,0,33,25,3,1,4,0,0,Match Report
465,Burnley,2018-12-05,Liverpool,eng Premier League,L 1-3,1,3,-2,27,1,0,0,0,16,11,1,1,3,0,0,Match Report
466,Chelsea,2018-12-05,Wolves,eng Premier League,L 1-2,1,2,-1,70,1,0,0,0,33,29,1,1,0,2,0,Match Report
467,Liverpool,2018-12-05,Burnley,eng Premier League,W 3-1,3,1,+2,73,3,0,0,0,31,21,4,1,5,0,0,Match Report
468,Fulham,2018-12-05,Leicester City,eng Premier League,D 1-1,1,1,0,46,1,0,0,0,46,28,7,4,4,3,0,Match Report
469,Everton,2018-12-05,Newcastle Utd,eng Premier League,D 1-1,1,1,0,75,1,0,0,0,32,25,1,1,4,1,0,Match Report
470,Wolves,2018-12-05,Chelsea,eng Premier League,W 2-1,2,1,+1,30,2,0,0,0,10,5,3,1,0,1,0,Match Report
471,Newcastle Utd,2018-12-05,Everton,eng Premier League,D 1-1,1,1,0,25,1,0,0,0,16,11,3,0,0,2,0,Match Report
472,Leicester City,2018-12-05,Fulham,eng Premier League,D 1-1,1,1,0,54,1,0,0,0,23,15,4,0,4,0,0,Match Report
473,Manchester City,2018-12-04,Watford,eng Premier League,W 2-1,2,1,+1,70,2,0,0,0,24,16,1,2,3,0,2,Match Report
474,Brighton,2018-12-04,Crystal Palace,eng Premier League,W 3-1,3,1,+2,32,2,1,1,0,11,6,1,1,0,3,0,Match Report
475,Huddersfield,2018-12-04,Bournemouth,eng Premier League,L 1-2,1,2,-1,67,1,0,0,0,40,27,5,0,5,3,0,Match Report
476,West Ham,2018-12-04,Cardiff City,eng Premier League,W 3-1,3,1,+2,60,3,0,0,0,31,19,6,2,2,2,0,Match Report
477,Cardiff City,2018-12-04,West Ham,eng Premier League,L 1-3,1,3,-2,40,1,0,1,1,15,11,0,1,1,2,0,Match Report
478,Crystal Palace,2018-12-04,Brighton,eng Premier League,L 1-3,1,3,-2,68,0,1,1,0,33,26,3,2,0,2,0,Match Report
479,Bournemouth,2018-12-04,Huddersfield,eng Premier League,W 2-1,2,1,+1,33,2,0,0,0,11,9,1,0,0,1,0,Match Report
480,Watford,2018-12-04,Manchester City,eng Premier League,L 1-2,1,2,-1,30,1,0,0,0,16,9,3,1,1,1,1,Match Report
481,Tottenham,2018-12-02,Arsenal,eng Premier League,L 2-4,2,4,-2,41,1,1,1,0,17,7,3,2,0,3,2,Match Report
482,Arsenal,2018-12-02,Tottenham,eng Premier League,W 4-2,4,2,+2,59,3,1,1,0,37,26,5,0,4,2,0,Match Report
483,Everton,2018-12-02,Liverpool,eng Premier League,L 0-1,0,1,-1,42,0,0,0,0,15,11,2,0,1,1,0,Match Report
484,Fulham,2018-12-02,Chelsea,eng Premier League,L 0-2,0,2,-2,35,0,0,0,0,15,13,1,0,1,0,0,Match Report
485,Liverpool,2018-12-02,Everton,eng Premier League,W 1-0,1,0,+1,58,1,0,0,0,26,18,2,1,3,1,1,Match Report
486,Chelsea,2018-12-02,Fulham,eng Premier League,W 2-0,2,0,+2,65,2,0,0,0,26,18,0,1,1,3,3,Match Report
487,Southampton,2018-12-01,Manchester Utd,eng Premier League,D 2-2,2,2,0,40,2,0,0,0,28,20,1,1,2,4,0,Match Report
488,Leicester City,2018-12-01,Watford,eng Premier League,W 2-0,2,0,+2,38,1,1,1,0,9,7,0,1,0,1,0,Match Report
489,Manchester Utd,2018-12-01,Southampton,eng Premier League,D 2-2,2,2,0,60,2,0,0,0,18,11,2,3,0,2,0,Match Report
490,Burnley,2018-12-01,Crystal Palace,eng Premier League,L 0-2,0,2,-2,42,0,0,0,0,7,3,2,0,1,1,0,Match Report
491,Manchester City,2018-12-01,Bournemouth,eng Premier League,W 3-1,3,1,+2,72,3,0,0,0,30,21,2,3,3,1,0,Match Report
492,Newcastle Utd,2018-12-01,West Ham,eng Premier League,L 0-3,0,3,-3,59,0,0,0,0,30,24,3,0,0,3,0,Match Report
493,Crystal Palace,2018-12-01,Burnley,eng Premier League,W 2-0,2,0,+2,58,2,0,0,0,53,39,2,5,5,1,1,Match Report
494,Watford,2018-12-01,Leicester City,eng Premier League,L 0-2,0,2,-2,62,0,0,0,0,13,12,0,0,0,1,0,Match Report
495,West Ham,2018-12-01,Newcastle Utd,eng Premier League,W 3-0,3,0,+3,41,3,0,0,0,13,10,1,1,1,0,0,Match Report
496,Huddersfield,2018-12-01,Brighton,eng Premier League,L 1-2,1,2,-1,33,1,0,0,0,9,2,3,0,1,2,1,Match Report
497,Brighton,2018-12-01,Huddersfield,eng Premier League,W 2-1,2,1,+1,67,2,0,0,0,25,17,3,0,4,1,0,Match Report
498,Bournemouth,2018-12-01,Manchester City,eng Premier League,L 1-3,1,3,-2,28,1,0,0,0,6,6,0,0,0,0,0,Match Report
499,Wolves,2018-11-30,Cardiff City,eng Premier League,L 1-2,1,2,-1,52,1,0,0,0,28,25,1,0,2,0,0,Match Report
500,Cardiff City,2018-11-30,Wolves,eng Premier League,W 2-1,2,1,+1,48,2,0,0,0,25,14,5,0,4,2,0,Match Report
501,Newcastle Utd,2018-11-26,Burnley,eng Premier League,W 2-1,2,1,+1,43,1,0,0,0,24,20,1,1,2,0,0,Match Report
502,Burnley,2018-11-26,Newcastle Utd,eng Premier League,L 1-2,1,2,-1,57,1,0,0,0,24,20,1,0,1,2,0,Match Report
503,Bournemouth,2018-11-25,Arsenal,eng Premier League,L 1-2,1,2,-1,42,1,0,0,0,21,17,0,1,0,1,2,Match Report
504,Arsenal,2018-11-25,Bournemouth,eng Premier League,W 2-1,2,1,+1,58,1,0,0,0,32,24,0,3,2,0,3,Match Report
505,Huddersfield,2018-11-25,Wolves,eng Premier League,W 2-0,2,0,+2,54,2,0,0,0,22,14,3,0,2,1,2,Match Report
506,Wolves,2018-11-25,Huddersfield,eng Premier League,L 0-2,0,2,-2,46,0,0,0,0,18,14,1,0,1,2,0,Match Report
507,Crystal Palace,2018-11-24,Manchester Utd,eng Premier League,D 0-0,0,0,0,41,0,0,0,0,23,19,0,2,2,0,0,Match Report
508,Liverpool,2018-11-24,Watford,eng Premier League,W 3-0,3,0,+3,63,3,0,0,0,17,10,2,1,2,1,1,Match Report
509,Fulham,2018-11-24,Southampton,eng Premier League,W 3-2,3,2,+1,38,3,0,0,0,19,15,2,2,0,0,0,Match Report
510,Chelsea,2018-11-24,Tottenham,eng Premier League,L 1-3,1,3,-2,60,1,0,0,0,25,17,1,3,1,1,2,Match Report
511,Manchester Utd,2018-11-24,Crystal Palace,eng Premier League,D 0-0,0,0,0,59,0,0,0,0,23,19,2,0,1,1,0,Match Report
512,Everton,2018-11-24,Cardiff City,eng Premier League,W 1-0,1,0,+1,70,1,0,0,0,27,14,5,4,3,1,0,Match Report
513,Manchester City,2018-11-24,West Ham,eng Premier League,W 4-0,4,0,+4,69,4,0,0,0,15,13,0,1,1,0,0,Match Report
514,Watford,2018-11-24,Liverpool,eng Premier League,L 0-3,0,3,-3,37,0,0,0,0,10,9,1,0,0,0,0,Match Report
515,Brighton,2018-11-24,Leicester City,eng Premier League,D 1-1,1,1,0,54,1,0,0,0,27,19,2,0,3,1,2,Match Report
516,Tottenham,2018-11-24,Chelsea,eng Premier League,W 3-1,3,1,+2,40,3,0,0,0,33,21,5,3,1,2,1,Match Report
517,Leicester City,2018-11-24,Brighton,eng Premier League,D 1-1,1,1,0,46,0,1,1,0,14,7,3,0,1,3,0,Match Report
518,Cardiff City,2018-11-24,Everton,eng Premier League,L 0-1,0,1,-1,30,0,0,0,0,11,4,5,0,0,2,0,Match Report
519,Southampton,2018-11-24,Fulham,eng Premier League,L 2-3,2,3,-1,62,2,0,0,0,31,17,5,2,5,2,0,Match Report
520,West Ham,2018-11-24,Manchester City,eng Premier League,L 0-4,0,4,-4,31,0,0,0,0,16,12,2,0,0,1,1,Match Report
521,Wolves,2018-11-11,Arsenal,eng Premier League,D 1-1,1,1,0,29,1,0,0,0,21,15,1,2,1,0,2,Match Report
522,Manchester City,2018-11-11,Manchester Utd,eng Premier League,W 3-1,3,1,+2,65,3,0,0,0,33,28,1,2,0,1,1,Match Report
523,Fulham,2018-11-11,Liverpool,eng Premier League,L 0-2,0,2,-2,29,0,0,0,0,12,9,1,1,0,0,1,Match Report
524,Arsenal,2018-11-11,Wolves,eng Premier League,D 1-1,1,1,0,71,1,0,0,0,13,11,1,0,1,0,0,Match Report
525,Everton,2018-11-11,Chelsea,eng Premier League,D 0-0,0,0,0,32,0,0,0,0,11,7,2,0,1,1,0,Match Report
526,Chelsea,2018-11-11,Everton,eng Premier League,D 0-0,0,0,0,68,0,0,0,0,28,20,3,1,1,3,0,Match Report
527,Liverpool,2018-11-11,Fulham,eng Premier League,W 2-0,2,0,+2,71,2,0,0,0,38,29,2,2,2,3,0,Match Report
528,Manchester Utd,2018-11-11,Manchester City,eng Premier League,L 1-3,1,3,-2,35,0,1,1,0,12,8,2,0,0,2,0,Match Report
529,Southampton,2018-11-10,Watford,eng Premier League,D 1-1,1,1,0,42,1,0,0,0,25,17,3,1,0,3,1,Match Report
530,Watford,2018-11-10,Southampton,eng Premier League,D 1-1,1,1,0,58,1,0,0,0,19,18,0,0,0,0,1,Match Report
531,Crystal Palace,2018-11-10,Tottenham,eng Premier League,L 0-1,0,1,-1,36,0,0,0,0,15,6,5,0,2,1,1,Match Report
532,Tottenham,2018-11-10,Crystal Palace,eng Premier League,W 1-0,1,0,+1,64,1,0,0,0,16,8,2,3,2,1,0,Match Report
533,Newcastle Utd,2018-11-10,Bournemouth,eng Premier League,W 2-1,2,1,+1,40,2,0,0,0,30,19,4,1,2,3,1,Match Report
534,Brighton,2018-11-10,Cardiff City,eng Premier League,L 1-2,1,2,-1,40,1,0,0,0,13,6,2,2,1,2,0,Match Report
535,Huddersfield,2018-11-10,West Ham,eng Premier League,D 1-1,1,1,0,44,1,0,0,0,28,21,3,2,1,1,0,Match Report
536,Leicester City,2018-11-10,Burnley,eng Premier League,D 0-0,0,0,0,62,0,0,0,0,41,32,4,1,3,1,0,Match Report
537,Burnley,2018-11-10,Leicester City,eng Premier League,D 0-0,0,0,0,38,0,0,0,0,10,6,1,0,1,2,0,Match Report
538,Bournemouth,2018-11-10,Newcastle Utd,eng Premier League,L 1-2,1,2,-1,60,1,0,0,0,22,11,6,0,3,2,0,Match Report
539,Cardiff City,2018-11-10,Brighton,eng Premier League,W 2-1,2,1,+1,60,2,0,0,0,31,19,2,1,7,2,0,Match Report
540,West Ham,2018-11-10,Huddersfield,eng Premier League,D 1-1,1,1,0,56,1,0,0,0,16,9,1,2,3,1,0,Match Report
541,Fulham,2018-11-05,Huddersfield,eng Premier League,L 0-1,0,1,-1,56,0,0,0,0,15,8,5,0,1,1,0,Match Report
542,Huddersfield,2018-11-05,Fulham,eng Premier League,W 1-0,1,0,+1,44,0,0,0,0,13,8,2,0,1,1,1,Match Report
543,Manchester City,2018-11-04,Southampton,eng Premier League,W 6-1,6,1,+5,66,5,0,0,0,34,29,0,3,0,1,1,Match Report
544,Chelsea,2018-11-04,Crystal Palace,eng Premier League,W 3-1,3,1,+2,73,3,0,0,0,30,22,4,1,1,2,0,Match Report
545,Crystal Palace,2018-11-04,Chelsea,eng Premier League,L 1-3,1,3,-2,27,1,0,0,0,13,10,0,1,0,1,1,Match Report
546,Southampton,2018-11-04,Manchester City,eng Premier League,L 1-6,1,6,-5,34,0,1,1,0,22,13,3,2,1,2,1,Match Report
547,Liverpool,2018-11-03,Arsenal,eng Premier League,D 1-1,1,1,0,39,1,0,0,0,25,15,5,2,2,1,0,Match Report
548,Bournemouth,2018-11-03,Manchester Utd,eng Premier League,L 1-2,1,2,-1,49,1,0,0,0,34,26,3,2,2,1,0,Match Report
549,Newcastle Utd,2018-11-03,Watford,eng Premier League,W 1-0,1,0,+1,42,1,0,0,0,17,10,0,3,1,2,1,Match Report
550,Wolves,2018-11-03,Tottenham,eng Premier League,L 2-3,2,3,-1,49,0,2,2,0,29,21,1,3,1,2,1,Match Report
551,Manchester Utd,2018-11-03,Bournemouth,eng Premier League,W 2-1,2,1,+1,51,2,0,0,0,32,28,1,0,2,1,0,Match Report
552,Leicester City,2018-11-03,Cardiff City,eng Premier League,W 1-0,1,0,+1,59,1,0,0,0,22,12,4,0,5,0,1,Match Report
553,Burnley,2018-11-03,West Ham,eng Premier League,L 2-4,2,4,-2,37,2,0,0,0,11,6,3,1,0,1,0,Match Report
554,Arsenal,2018-11-03,Liverpool,eng Premier League,D 1-1,1,1,0,61,1,0,0,0,24,23,1,0,0,0,0,Match Report
555,Tottenham,2018-11-03,Wolves,eng Premier League,W 3-2,3,2,+1,51,3,0,0,0,19,16,1,0,1,0,1,Match Report
556,West Ham,2018-11-03,Burnley,eng Premier League,W 4-2,4,2,+2,63,4,0,0,0,37,28,3,0,5,1,0,Match Report
557,Cardiff City,2018-11-03,Leicester City,eng Premier League,L 0-1,0,1,-1,41,0,0,0,0,20,13,5,0,1,1,0,Match Report
558,Watford,2018-11-03,Newcastle Utd,eng Premier League,L 0-1,0,1,-1,58,0,0,0,0,26,14,6,1,3,2,0,Match Report
559,Everton,2018-11-03,Brighton,eng Premier League,W 3-1,3,1,+2,61,3,0,0,0,26,18,2,2,1,2,1,Match Report
560,Brighton,2018-11-03,Everton,eng Premier League,L 1-3,1,3,-2,39,1,0,0,0,10,8,2,0,0,0,0,Match Report
561,Manchester City,2018-10-29,Tottenham,eng Premier League,W 1-0,1,0,+1,51,1,0,0,0,23,18,0,2,2,1,0,Match Report
562,Tottenham,2018-10-29,Manchester City,eng Premier League,L 0-1,0,1,-1,49,0,0,0,0,8,5,1,2,0,0,0,Match Report
563,Crystal Palace,2018-10-28,Arsenal,eng Premier League,D 2-2,2,2,0,43,0,2,2,0,28,22,0,0,1,4,1,Match Report
564,Everton,2018-10-28,Manchester Utd,eng Premier League,L 1-2,1,2,-1,46,0,1,1,0,25,20,1,2,1,1,0,Match Report
565,Arsenal,2018-10-28,Crystal Palace,eng Premier League,D 2-2,2,2,0,57,2,0,0,0,9,5,1,0,0,2,1,Match Report
566,Chelsea,2018-10-28,Burnley,eng Premier League,W 4-0,4,0,+4,69,4,0,0,0,43,34,1,2,6,0,0,Match Report
567,Burnley,2018-10-28,Chelsea,eng Premier League,L 0-4,0,4,-4,31,0,0,0,0,10,7,2,1,0,0,0,Match Report
568,Manchester Utd,2018-10-28,Everton,eng Premier League,W 2-1,2,1,+1,54,2,0,1,1,25,23,0,0,1,1,0,Match Report
569,Huddersfield,2018-10-27,Watford,eng Premier League,L 0-3,0,3,-3,52,0,0,0,0,25,19,2,1,3,0,0,Match Report
570,Newcastle Utd,2018-10-27,Southampton,eng Premier League,D 0-0,0,0,0,50,0,0,0,0,10,8,1,0,0,1,0,Match Report
571,Fulham,2018-10-27,Bournemouth,eng Premier League,L 0-3,0,3,-3,51,0,0,0,0,22,17,4,0,1,0,0,Match Report
572,Liverpool,2018-10-27,Cardiff City,eng Premier League,W 4-1,4,1,+3,78,4,0,0,0,32,25,1,3,2,0,1,Match Report
573,Leicester City,2018-10-27,West Ham,eng Premier League,D 1-1,1,1,0,64,1,0,0,0,37,26,5,2,2,1,1,Match Report
574,Cardiff City,2018-10-27,Liverpool,eng Premier League,L 1-4,1,4,-3,22,1,0,0,0,4,4,0,0,0,0,0,Match Report
575,Brighton,2018-10-27,Wolves,eng Premier League,W 1-0,1,0,+1,40,1,0,0,0,11,4,3,0,2,2,0,Match Report
576,West Ham,2018-10-27,Leicester City,eng Premier League,D 1-1,1,1,0,36,1,0,0,0,19,11,1,3,2,1,1,Match Report
577,Southampton,2018-10-27,Newcastle Utd,eng Premier League,D 0-0,0,0,0,50,0,0,0,0,39,33,2,0,3,0,1,Match Report
578,Wolves,2018-10-27,Brighton,eng Premier League,L 0-1,0,1,-1,60,0,0,0,0,43,30,3,3,6,1,0,Match Report
579,Watford,2018-10-27,Huddersfield,eng Premier League,W 3-0,3,0,+3,48,3,0,0,0,22,15,0,5,1,0,1,Match Report
580,Bournemouth,2018-10-27,Fulham,eng Premier League,W 3-0,3,0,+3,49,2,1,1,0,24,22,1,0,0,1,0,Match Report
581,Leicester City,2018-10-22,Arsenal,eng Premier League,L 1-3,1,3,-2,32,0,0,0,0,14,7,2,2,1,2,0,Match Report
582,Arsenal,2018-10-22,Leicester City,eng Premier League,W 3-1,3,1,+2,68,3,0,0,0,36,28,2,1,2,2,1,Match Report
583,Everton,2018-10-21,Crystal Palace,eng Premier League,W 2-0,2,0,+2,59,2,0,0,0,37,26,4,3,1,3,0,Match Report
584,Crystal Palace,2018-10-21,Everton,eng Premier League,L 0-2,0,2,-2,41,0,0,1,1,11,8,1,0,0,2,0,Match Report
585,Chelsea,2018-10-20,Manchester Utd,eng Premier League,D 2-2,2,2,0,62,2,0,0,0,40,31,3,0,2,3,1,Match Report
586,Wolves,2018-10-20,Watford,eng Premier League,L 0-2,0,2,-2,45,0,0,0,0,19,13,2,1,0,2,1,Match Report
587,Bournemouth,2018-10-20,Southampton,eng Premier League,D 0-0,0,0,0,58,0,0,0,0,14,9,3,0,1,1,0,Match Report
588,West Ham,2018-10-20,Tottenham,eng Premier League,L 0-1,0,1,-1,44,0,0,0,0,24,13,5,1,3,1,1,Match Report
589,Southampton,2018-10-20,Bournemouth,eng Premier League,D 0-0,0,0,0,42,0,0,0,0,11,7,0,2,0,1,1,Match Report
590,Fulham,2018-10-20,Cardiff City,eng Premier League,L 2-4,2,4,-2,59,2,0,0,0,18,11,3,0,1,2,1,Match Report
591,Tottenham,2018-10-20,West Ham,eng Premier League,W 1-0,1,0,+1,56,1,0,0,0,19,15,2,1,0,1,0,Match Report
592,Huddersfield,2018-10-20,Liverpool,eng Premier League,L 0-1,0,1,-1,48,0,0,0,0,26,21,1,0,0,2,2,Match Report
593,Watford,2018-10-20,Wolves,eng Premier League,W 2-0,2,0,+2,55,2,0,0,0,17,16,0,0,0,1,0,Match Report
594,Manchester City,2018-10-20,Burnley,eng Premier League,W 5-0,5,0,+5,69,5,0,0,0,44,39,1,1,3,0,0,Match Report
595,Brighton,2018-10-20,Newcastle Utd,eng Premier League,W 1-0,1,0,+1,33,1,0,0,0,8,3,1,1,1,0,2,Match Report
596,Manchester Utd,2018-10-20,Chelsea,eng Premier League,D 2-2,2,2,0,38,2,0,0,0,12,8,2,0,2,0,0,Match Report
597,Newcastle Utd,2018-10-20,Brighton,eng Premier League,L 0-1,0,1,-1,67,0,0,0,0,46,31,3,4,5,1,2,Match Report
598,Liverpool,2018-10-20,Huddersfield,eng Premier League,W 1-0,1,0,+1,52,1,0,0,0,22,20,0,1,0,0,1,Match Report
599,Cardiff City,2018-10-20,Fulham,eng Premier League,W 4-2,4,2,+2,41,4,0,0,0,34,24,3,0,5,2,0,Match Report
600,Burnley,2018-10-20,Manchester City,eng Premier League,L 0-5,0,5,-5,31,0,0,0,0,9,4,2,1,1,1,0,Match Report
601,Fulham,2018-10-07,Arsenal,eng Premier League,L 1-5,1,5,-4,48,1,0,0,0,39,26,5,0,6,1,1,Match Report
602,Chelsea,2018-10-07,Southampton,eng Premier League,W 3-0,3,0,+3,65,3,0,0,0,35,23,4,2,4,1,1,Match Report
603,Manchester City,2018-10-07,Liverpool,eng Premier League,D 0-0,0,0,0,51,0,0,1,1,10,8,0,0,0,1,1,Match Report
604,Southampton,2018-10-07,Chelsea,eng Premier League,L 0-3,0,3,-3,35,0,0,0,0,26,21,0,1,3,1,0,Match Report
605,Arsenal,2018-10-07,Fulham,eng Premier League,W 5-1,5,1,+4,52,5,0,0,0,18,17,0,1,0,0,0,Match Report
606,Liverpool,2018-10-07,Manchester City,eng Premier League,D 0-0,0,0,0,49,0,0,0,0,12,9,2,0,0,1,0,Match Report
607,Newcastle Utd,2018-10-06,Manchester Utd,eng Premier League,L 2-3,2,3,-1,28,2,0,0,0,23,11,6,1,0,4,1,Match Report
608,Bournemouth,2018-10-06,Watford,eng Premier League,W 4-0,4,0,+4,52,3,1,1,0,19,14,2,0,1,1,1,Match Report
609,Cardiff City,2018-10-06,Tottenham,eng Premier League,L 0-1,0,1,-1,25,0,0,0,0,11,6,2,0,2,1,0,Match Report
610,Wolves,2018-10-06,Crystal Palace,eng Premier League,W 1-0,1,0,+1,33,1,0,0,0,10,10,0,0,0,0,0,Match Report
611,Watford,2018-10-06,Bournemouth,eng Premier League,L 0-4,0,4,-4,48,0,0,0,0,23,15,3,0,4,1,0,Match Report
612,Tottenham,2018-10-06,Cardiff City,eng Premier League,W 1-0,1,0,+1,75,1,0,0,0,32,27,0,3,2,0,0,Match Report
613,Crystal Palace,2018-10-06,Wolves,eng Premier League,L 0-1,0,1,-1,67,0,0,0,0,18,12,2,1,1,2,0,Match Report
614,Huddersfield,2018-10-06,Burnley,eng Premier League,D 1-1,1,1,0,67,1,0,0,0,34,27,4,0,3,0,0,Match Report
615,Everton,2018-10-06,Leicester City,eng Premier League,W 2-1,2,1,+1,48,2,0,0,0,26,11,5,4,4,2,0,Match Report
616,Manchester Utd,2018-10-06,Newcastle Utd,eng Premier League,W 3-2,3,2,+1,72,3,0,0,0,34,26,5,1,1,1,0,Match Report
617,Leicester City,2018-10-06,Everton,eng Premier League,L 1-2,1,2,-1,52,1,0,0,0,14,10,1,3,0,0,0,Match Report
618,Burnley,2018-10-06,Huddersfield,eng Premier League,D 1-1,1,1,0,33,1,0,0,0,11,10,0,0,1,0,0,Match Report
619,Brighton,2018-10-05,West Ham,eng Premier League,W 1-0,1,0,+1,36,1,0,0,0,13,9,3,1,0,0,0,Match Report
620,West Ham,2018-10-05,Brighton,eng Premier League,L 0-1,0,1,-1,64,0,0,0,0,30,21,3,1,2,3,0,Match Report
621,Bournemouth,2018-10-01,Crystal Palace,eng Premier League,W 2-1,2,1,+1,45,1,1,1,0,19,11,3,1,1,3,0,Match Report
622,Crystal Palace,2018-10-01,Bournemouth,eng Premier League,L 1-2,1,2,-1,55,1,0,0,0,19,15,2,0,0,2,0,Match Report
623,Burnley,2018-09-30,Cardiff City,eng Premier League,W 2-1,2,1,+1,46,2,0,0,0,6,5,1,0,0,0,0,Match Report
624,Cardiff City,2018-09-30,Burnley,eng Premier League,L 1-2,1,2,-1,54,1,0,0,0,34,22,4,2,4,2,0,Match Report
625,Watford,2018-09-29,Arsenal,eng Premier League,L 0-2,0,2,-2,37,0,0,0,0,24,14,3,1,1,5,0,Match Report
626,West Ham,2018-09-29,Manchester Utd,eng Premier League,W 3-1,3,1,+2,48,2,0,0,0,15,13,2,0,0,0,0,Match Report
627,Arsenal,2018-09-29,Watford,eng Premier League,W 2-0,2,0,+2,63,1,0,0,0,16,13,1,1,0,0,1,Match Report
628,Wolves,2018-09-29,Southampton,eng Premier League,W 2-0,2,0,+2,49,2,0,0,0,24,14,3,3,1,3,0,Match Report
629,Huddersfield,2018-09-29,Tottenham,eng Premier League,L 0-2,0,2,-2,53,0,0,0,0,17,11,1,2,0,3,0,Match Report
630,Manchester Utd,2018-09-29,West Ham,eng Premier League,L 1-3,1,3,-2,52,1,0,0,0,18,14,2,0,1,1,0,Match Report
631,Chelsea,2018-09-29,Liverpool,eng Premier League,D 1-1,1,1,0,47,1,0,0,0,18,10,4,1,0,3,0,Match Report
632,Southampton,2018-09-29,Wolves,eng Premier League,L 0-2,0,2,-2,51,0,0,0,0,30,24,1,1,2,1,1,Match Report
633,Newcastle Utd,2018-09-29,Leicester City,eng Premier League,L 0-2,0,2,-2,41,0,0,0,0,11,9,1,0,0,0,1,Match Report
634,Leicester City,2018-09-29,Newcastle Utd,eng Premier League,W 2-0,2,0,+2,59,1,1,1,0,21,10,5,1,3,1,1,Match Report
635,Liverpool,2018-09-29,Chelsea,eng Premier League,D 1-1,1,1,0,53,1,0,0,0,23,17,0,3,1,1,1,Match Report
636,Manchester City,2018-09-29,Brighton,eng Premier League,W 2-0,2,0,+2,79,2,0,0,0,52,43,3,2,3,1,0,Match Report
637,Fulham,2018-09-29,Everton,eng Premier League,L 0-3,0,3,-3,49,0,0,0,0,11,10,0,1,0,0,0,Match Report
638,Tottenham,2018-09-29,Huddersfield,eng Premier League,W 2-0,2,0,+2,47,1,1,1,0,17,12,1,1,0,3,0,Match Report
639,Everton,2018-09-29,Fulham,eng Premier League,W 3-0,3,0,+3,51,3,0,1,1,34,27,2,1,2,2,0,Match Report
640,Brighton,2018-09-29,Manchester City,eng Premier League,L 0-2,0,2,-2,21,0,0,0,0,8,4,2,1,1,0,0,Match Report
641,Everton,2018-09-23,Arsenal,eng Premier League,L 0-2,0,2,-2,38,0,0,0,0,19,13,1,3,0,2,0,Match Report
642,Chelsea,2018-09-23,West Ham,eng Premier League,D 0-0,0,0,0,71,0,0,0,0,33,28,2,1,0,2,0,Match Report
643,West Ham,2018-09-23,Chelsea,eng Premier League,D 0-0,0,0,0,29,0,0,0,0,12,11,0,1,0,0,0,Match Report
644,Arsenal,2018-09-23,Everton,eng Premier League,W 2-0,2,0,+2,62,2,0,0,0,16,13,1,1,1,0,0,Match Report
645,Wolves,2018-09-22,Manchester Utd,eng Premier League,D 1-1,1,1,0,36,1,0,0,0,20,12,2,3,1,0,2,Match Report
646,Fulham,2018-09-22,Watford,eng Premier League,D 1-1,1,1,0,60,1,0,0,0,28,21,2,1,4,0,0,Match Report
647,Liverpool,2018-09-22,Southampton,eng Premier League,W 3-0,3,0,+3,61,2,0,0,0,20,12,2,2,2,1,1,Match Report
648,Brighton,2018-09-22,Tottenham,eng Premier League,L 1-2,1,2,-1,30,1,0,0,0,15,10,3,1,0,1,0,Match Report
649,Newcastle Utd,2018-09-22,Crystal Palace,eng Premier League,D 0-0,0,0,0,39,0,0,0,0,10,6,4,0,0,0,0,Match Report
650,Burnley,2018-09-22,Bournemouth,eng Premier League,W 4-0,4,0,+4,38,4,0,0,0,21,18,0,0,3,0,0,Match Report
651,Manchester City,2018-09-22,Cardiff City,eng Premier League,W 5-0,5,0,+5,78,5,0,0,0,36,29,1,2,2,2,0,Match Report
652,Southampton,2018-09-22,Liverpool,eng Premier League,L 0-3,0,3,-3,39,0,0,0,0,14,11,2,0,1,0,0,Match Report
653,Manchester Utd,2018-09-22,Wolves,eng Premier League,D 1-1,1,1,0,64,1,0,0,0,29,23,1,1,1,3,0,Match Report
654,Bournemouth,2018-09-22,Burnley,eng Premier League,L 0-4,0,4,-4,62,0,0,0,0,35,28,2,1,2,2,0,Match Report
655,Huddersfield,2018-09-22,Leicester City,eng Premier League,L 1-3,1,3,-2,39,1,0,0,0,15,12,2,0,0,0,1,Match Report
656,Crystal Palace,2018-09-22,Newcastle Utd,eng Premier League,D 0-0,0,0,0,61,0,0,0,0,30,23,0,1,1,5,0,Match Report
657,Tottenham,2018-09-22,Brighton,eng Premier League,W 2-1,2,1,+1,70,1,1,1,0,31,20,4,4,1,1,1,Match Report
658,Leicester City,2018-09-22,Huddersfield,eng Premier League,W 3-1,3,1,+2,61,3,0,0,0,33,23,4,0,2,3,1,Match Report
659,Watford,2018-09-22,Fulham,eng Premier League,D 1-1,1,1,0,40,1,0,0,0,12,8,1,1,1,0,1,Match Report
660,Cardiff City,2018-09-22,Manchester City,eng Premier League,L 0-5,0,5,-5,22,0,0,0,0,4,2,2,0,0,0,0,Match Report
661,Brighton,2018-09-17,Southampton,eng Premier League,D 2-2,2,2,0,49,1,1,1,0,22,14,4,0,2,2,0,Match Report
662,Southampton,2018-09-17,Brighton,eng Premier League,D 2-2,2,2,0,51,1,1,1,0,22,12,1,4,2,2,1,Match Report
663,Everton,2018-09-16,West Ham,eng Premier League,L 1-3,1,3,-2,56,1,0,0,0,24,14,1,2,1,5,1,Match Report
664,Burnley,2018-09-16,Wolves,eng Premier League,L 0-1,0,1,-1,41,0,0,0,0,13,7,1,3,0,2,0,Match Report
665,Wolves,2018-09-16,Burnley,eng Premier League,W 1-0,1,0,+1,59,1,0,0,0,49,39,3,2,5,0,0,Match Report
666,West Ham,2018-09-16,Everton,eng Premier League,W 3-1,3,1,+2,44,3,0,0,0,17,13,0,1,1,0,2,Match Report
667,Newcastle Utd,2018-09-15,Arsenal,eng Premier League,L 1-2,1,2,-1,37,1,0,0,0,8,7,1,0,0,0,0,Match Report
668,Watford,2018-09-15,Manchester Utd,eng Premier League,L 1-2,1,2,-1,43,1,0,0,0,25,19,3,1,0,2,0,Match Report
669,Manchester Utd,2018-09-15,Watford,eng Premier League,W 2-1,2,1,+1,57,2,0,0,0,17,12,3,1,1,0,0,Match Report
670,Liverpool,2018-09-15,Tottenham,eng Premier League,W 2-1,2,1,+1,40,2,0,0,0,25,17,2,3,1,2,0,Match Report
671,Huddersfield,2018-09-15,Crystal Palace,eng Premier League,L 0-1,0,1,-1,59,0,0,0,0,25,20,1,2,1,1,0,Match Report
672,Leicester City,2018-09-15,Bournemouth,eng Premier League,L 2-4,2,4,-2,53,1,1,1,0,24,16,2,1,2,3,0,Match Report
673,Chelsea,2018-09-15,Cardiff City,eng Premier League,W 4-1,4,1,+3,76,3,1,1,0,33,28,0,3,0,2,0,Match Report
674,Tottenham,2018-09-15,Liverpool,eng Premier League,L 1-2,1,2,-1,60,1,0,0,0,17,11,1,1,2,1,1,Match Report
675,Bournemouth,2018-09-15,Leicester City,eng Premier League,W 4-2,4,2,+2,47,3,1,1,0,13,10,2,1,0,0,0,Match Report
676,Arsenal,2018-09-15,Newcastle Utd,eng Premier League,W 2-1,2,1,+1,63,2,0,0,0,23,18,1,1,1,2,0,Match Report
677,Cardiff City,2018-09-15,Chelsea,eng Premier League,L 1-4,1,4,-3,24,1,0,0,0,10,6,4,0,0,0,0,Match Report
678,Crystal Palace,2018-09-15,Huddersfield,eng Premier League,W 1-0,1,0,+1,41,1,0,0,0,14,12,0,2,0,0,0,Match Report
679,Manchester City,2018-09-15,Fulham,eng Premier League,W 3-0,3,0,+3,64,3,0,0,0,49,38,2,3,4,1,1,Match Report
680,Fulham,2018-09-15,Manchester City,eng Premier League,L 0-3,0,3,-3,36,0,0,0,0,16,16,0,0,0,0,0,Match Report
681,Cardiff City,2018-09-02,Arsenal,eng Premier League,L 2-3,2,3,-1,28,2,0,0,0,22,14,3,1,2,2,0,Match Report
682,Burnley,2018-09-02,Manchester Utd,eng Premier League,L 0-2,0,2,-2,47,0,0,0,0,18,14,1,0,1,2,0,Match Report
683,Tottenham,2018-09-02,Watford,eng Premier League,L 1-2,1,2,-1,66,0,0,0,0,20,17,2,0,0,1,0,Match Report
684,Watford,2018-09-02,Tottenham,eng Premier League,W 2-1,2,1,+1,34,2,0,0,0,14,7,3,2,0,2,0,Match Report
685,Arsenal,2018-09-02,Cardiff City,eng Premier League,W 3-2,3,2,+1,72,3,0,0,0,31,22,6,0,3,0,0,Match Report
686,Manchester Utd,2018-09-02,Burnley,eng Premier League,W 2-0,2,0,+2,53,2,0,1,1,38,28,3,1,3,3,0,Match Report
687,Crystal Palace,2018-09-01,Southampton,eng Premier League,L 0-2,0,2,-2,50,0,0,0,0,34,24,2,2,5,0,1,Match Report
688,Southampton,2018-09-01,Crystal Palace,eng Premier League,W 2-0,2,0,+2,50,2,0,1,1,34,26,2,3,2,1,0,Match Report
689,Chelsea,2018-09-01,Bournemouth,eng Premier League,W 2-0,2,0,+2,72,2,0,0,0,45,37,3,2,1,2,0,Match Report
690,Wolves,2018-09-01,West Ham,eng Premier League,W 1-0,1,0,+1,52,1,0,0,0,26,20,1,2,1,1,1,Match Report
691,Leicester City,2018-09-01,Liverpool,eng Premier League,L 1-2,1,2,-1,51,1,0,0,0,23,18,0,4,0,1,0,Match Report
692,West Ham,2018-09-01,Wolves,eng Premier League,L 0-1,0,1,-1,48,0,0,0,0,21,15,1,2,1,1,1,Match Report
693,Liverpool,2018-09-01,Leicester City,eng Premier League,W 2-1,2,1,+1,49,2,0,0,0,17,9,3,1,2,1,1,Match Report
694,Manchester City,2018-09-01,Newcastle Utd,eng Premier League,W 2-1,2,1,+1,78,2,0,0,0,43,32,2,1,4,4,0,Match Report
695,Bournemouth,2018-09-01,Chelsea,eng Premier League,L 0-2,0,2,-2,28,0,0,0,0,14,10,2,0,0,2,0,Match Report
696,Fulham,2018-09-01,Brighton,eng Premier League,D 2-2,2,2,0,58,2,0,0,0,19,14,0,2,1,1,1,Match Report
697,Huddersfield,2018-09-01,Everton,eng Premier League,D 1-1,1,1,0,43,1,0,0,0,13,10,2,0,0,1,0,Match Report
698,Everton,2018-09-01,Huddersfield,eng Premier League,D 1-1,1,1,0,57,1,0,0,0,20,15,4,0,1,0,0,Match Report
699,Brighton,2018-09-01,Fulham,eng Premier League,D 2-2,2,2,0,42,1,1,2,1,26,15,3,2,2,3,1,Match Report
700,Newcastle Utd,2018-09-01,Manchester City,eng Premier League,L 1-2,1,2,-1,22,1,0,0,0,3,3,0,0,0,0,0,Match Report
701,Tottenham,2018-08-27,Manchester Utd,eng Premier League,W 3-0,3,0,+3,43,3,0,0,0,16,10,2,2,2,0,0,Match Report
702,Manchester Utd,2018-08-27,Tottenham,eng Premier League,L 0-3,0,3,-3,57,0,0,0,0,44,36,1,3,2,2,0,Match Report
703,Crystal Palace,2018-08-26,Watford,eng Premier League,L 1-2,1,2,-1,57,1,0,0,0,17,13,3,1,0,0,0,Match Report
704,Watford,2018-08-26,Crystal Palace,eng Premier League,W 2-1,2,1,+1,43,2,0,0,0,24,20,1,3,0,0,0,Match Report
705,Fulham,2018-08-26,Burnley,eng Premier League,W 4-2,4,2,+2,63,4,0,0,0,45,42,1,1,1,0,0,Match Report
706,Chelsea,2018-08-26,Newcastle Utd,eng Premier League,W 2-1,2,1,+1,80,0,1,1,0,29,23,2,2,0,1,1,Match Report
707,Newcastle Utd,2018-08-26,Chelsea,eng Premier League,L 1-2,1,2,-1,20,1,0,0,0,11,9,2,0,0,0,0,Match Report
708,Burnley,2018-08-26,Fulham,eng Premier League,L 2-4,2,4,-2,37,2,0,0,0,20,10,3,1,3,3,0,Match Report
709,West Ham,2018-08-25,Arsenal,eng Premier League,L 1-3,1,3,-2,39,1,0,0,0,25,23,1,0,0,0,1,Match Report
710,Leicester City,2018-08-25,Southampton,eng Premier League,W 2-1,2,1,+1,48,2,0,0,0,11,9,1,0,0,0,1,Match Report
711,Everton,2018-08-25,Bournemouth,eng Premier League,D 2-2,2,2,0,50,2,0,0,0,20,15,2,0,1,1,1,Match Report
712,Huddersfield,2018-08-25,Cardiff City,eng Premier League,D 0-0,0,0,0,57,0,0,0,0,9,5,1,1,2,0,0,Match Report
713,Arsenal,2018-08-25,West Ham,eng Premier League,W 3-1,3,1,+2,61,2,0,0,0,32,26,1,4,0,1,0,Match Report
714,Brighton,2018-08-25,Liverpool,eng Premier League,L 0-1,0,1,-1,31,0,0,0,0,10,9,0,1,0,0,0,Match Report
715,Manchester City,2018-08-25,Wolves,eng Premier League,D 1-1,1,1,0,71,1,0,0,0,31,24,2,1,1,3,0,Match Report
716,Southampton,2018-08-25,Leicester City,eng Premier League,L 1-2,1,2,-1,52,1,0,0,0,22,16,2,2,1,1,0,Match Report
717,Liverpool,2018-08-25,Brighton,eng Premier League,W 1-0,1,0,+1,69,1,0,0,0,39,33,2,1,2,1,0,Match Report
718,Bournemouth,2018-08-25,Everton,eng Premier League,D 2-2,2,2,0,50,1,1,1,0,29,18,4,1,3,2,1,Match Report
719,Cardiff City,2018-08-25,Huddersfield,eng Premier League,D 0-0,0,0,0,43,0,0,0,0,21,16,2,0,3,0,0,Match Report
720,Wolves,2018-08-25,Manchester City,eng Premier League,D 1-1,1,1,0,29,1,0,0,0,21,16,2,3,0,0,0,Match Report
721,Liverpool,2018-08-20,Crystal Palace,eng Premier League,W 2-0,2,0,+2,63,1,1,1,0,31,21,0,6,2,2,0,Match Report
722,Crystal Palace,2018-08-20,Liverpool,eng Premier League,L 0-2,0,2,-2,37,0,0,0,0,14,10,0,2,1,1,0,Match Report
723,Brighton,2018-08-19,Manchester Utd,eng Premier League,W 3-2,3,2,+1,34,2,1,1,0,10,6,0,0,1,2,1,Match Report
724,Burnley,2018-08-19,Watford,eng Premier League,L 1-3,1,3,-2,58,1,0,0,0,15,8,3,0,1,3,0,Match Report
725,Watford,2018-08-19,Burnley,eng Premier League,W 3-1,3,1,+2,42,3,0,0,0,14,11,1,0,2,0,0,Match Report
726,Manchester Utd,2018-08-19,Brighton,eng Premier League,L 2-3,2,3,-1,66,1,1,1,0,17,13,1,1,1,1,0,Match Report
727,Manchester City,2018-08-19,Huddersfield,eng Premier League,W 6-1,6,1,+5,76,5,0,0,0,57,42,3,9,2,1,0,Match Report
728,Huddersfield,2018-08-19,Manchester City,eng Premier League,L 1-6,1,6,-5,24,1,0,0,0,10,8,1,0,0,1,0,Match Report
729,Chelsea,2018-08-18,Arsenal,eng Premier League,W 3-2,3,2,+1,62,3,0,0,0,43,37,0,2,2,1,1,Match Report
730,Everton,2018-08-18,Southampton,eng Premier League,W 2-1,2,1,+1,57,2,0,0,0,23,14,5,1,0,3,0,Match Report
731,Fulham,2018-08-18,Tottenham,eng Premier League,L 1-3,1,3,-2,40,1,0,0,0,19,17,0,1,1,0,0,Match Report
732,West Ham,2018-08-18,Bournemouth,eng Premier League,L 1-2,1,2,-1,61,0,1,1,0,22,21,0,0,0,1,0,Match Report
733,Newcastle Utd,2018-08-18,Cardiff City,eng Premier League,D 0-0,0,0,0,49,0,0,1,1,18,11,2,0,1,4,0,Match Report
734,Bournemouth,2018-08-18,West Ham,eng Premier League,W 2-1,2,1,+1,39,2,0,0,0,24,16,2,4,0,2,0,Match Report
735,Leicester City,2018-08-18,Wolves,eng Premier League,W 2-0,2,0,+2,43,1,0,0,0,11,5,0,3,1,1,1,Match Report
736,Wolves,2018-08-18,Leicester City,eng Premier League,L 0-2,0,2,-2,57,0,0,0,0,20,17,0,3,0,0,0,Match Report
737,Cardiff City,2018-08-18,Newcastle Utd,eng Premier League,D 0-0,0,0,0,51,0,0,0,0,21,15,2,1,1,1,1,Match Report
738,Arsenal,2018-08-18,Chelsea,eng Premier League,L 2-3,2,3,-1,38,2,0,0,0,28,25,0,1,1,0,1,Match Report
739,Southampton,2018-08-18,Everton,eng Premier League,L 1-2,1,2,-1,43,1,0,0,0,25,14,4,0,4,2,1,Match Report
740,Tottenham,2018-08-18,Fulham,eng Premier League,W 3-1,3,1,+2,60,3,0,0,0,39,29,2,2,4,2,0,Match Report
741,Manchester City,2018-08-12,Arsenal,eng Premier League,W 2-0,2,0,+2,58,2,0,0,0,25,17,1,3,3,1,0,Match Report
742,Burnley,2018-08-12,Southampton,eng Premier League,D 0-0,0,0,0,52,0,0,0,0,28,18,3,0,5,2,0,Match Report
743,Liverpool,2018-08-12,West Ham,eng Premier League,W 4-0,4,0,+4,64,4,0,0,0,31,23,3,1,1,3,0,Match Report
744,West Ham,2018-08-12,Liverpool,eng Premier League,L 0-4,0,4,-4,36,0,0,0,0,9,6,2,0,1,0,0,Match Report
745,Southampton,2018-08-12,Burnley,eng Premier League,D 0-0,0,0,0,48,0,0,0,0,35,24,5,1,4,0,1,Match Report
746,Arsenal,2018-08-12,Manchester City,eng Premier League,L 0-2,0,2,-2,42,0,0,0,0,16,13,1,1,0,1,0,Match Report
747,Brighton,2018-08-11,Watford,eng Premier League,L 0-2,0,2,-2,47,0,0,0,0,11,6,1,3,0,1,0,Match Report
748,Newcastle Utd,2018-08-11,Tottenham,eng Premier League,L 1-2,1,2,-1,42,1,0,0,0,27,18,4,3,1,0,1,Match Report
749,Fulham,2018-08-11,Crystal Palace,eng Premier League,L 0-2,0,2,-2,65,0,0,0,0,27,19,2,2,2,2,0,Match Report
750,Cardiff City,2018-08-11,Bournemouth,eng Premier League,L 0-2,0,2,-2,37,0,0,0,0,18,12,1,1,3,1,0,Match Report
751,Bournemouth,2018-08-11,Cardiff City,eng Premier League,W 2-0,2,0,+2,63,2,0,1,1,21,12,1,5,1,2,0,Match Report
752,Everton,2018-08-11,Wolves,eng Premier League,D 2-2,2,2,0,42,2,0,0,0,13,7,2,0,2,1,1,Match Report
753,Tottenham,2018-08-11,Newcastle Utd,eng Premier League,W 2-1,2,1,+1,58,2,0,0,0,23,13,3,1,4,2,0,Match Report
754,Huddersfield,2018-08-11,Chelsea,eng Premier League,L 0-3,0,3,-3,38,0,0,0,0,12,7,3,0,0,1,1,Match Report
755,Watford,2018-08-11,Brighton,eng Premier League,W 2-0,2,0,+2,53,2,0,0,0,29,14,5,0,5,4,1,Match Report
756,Wolves,2018-08-11,Everton,eng Premier League,D 2-2,2,2,0,58,2,0,0,0,20,17,0,2,0,1,0,Match Report
757,Chelsea,2018-08-11,Huddersfield,eng Premier League,W 3-0,3,0,+3,62,2,1,1,0,25,15,2,2,3,3,0,Match Report
758,Crystal Palace,2018-08-11,Fulham,eng Premier League,W 2-0,2,0,+2,35,2,0,0,0,22,16,3,1,1,0,1,Match Report
759,Leicester City,2018-08-10,Manchester Utd,eng Premier League,L 1-2,1,2,-1,53,1,0,0,0,24,20,2,1,0,1,0,Match Report
760,Manchester Utd,2018-08-10,Leicester City,eng Premier League,W 2-1,2,1,+1,47,1,1,1,0,14,12,0,1,1,0,0,Match Report
