Rk,Team,Date,Opp,Comp,Result,GF,GA,GD,Poss,G-PK,PK,PKatt,PKm,Touches,Def Pen,Def 3rd,Mid 3rd,Att 3rd,Att Pen,Live,Match Report
1,Crystal Palace,2020-07-26,Tottenham,eng Premier League,D 1-1,1,1,0,48,1,0,0,0,594,32,156,255,156,25,594,Match Report
2,Norwich City,2020-07-26,Manchester City,eng Premier League,L 0-5,0,5,-5,27,0,0,0,0,390,118,221,130,40,8,390,Match Report
3,Newcastle Utd,2020-07-26,Liverpool,eng Premier League,L 1-3,1,3,-2,26,1,0,0,0,401,62,200,161,43,2,401,Match Report
4,Liverpool,2020-07-26,Newcastle Utd,eng Premier League,W 3-1,3,1,+2,74,3,0,0,0,949,35,124,255,240,25,949,Match Report
5,Watford,2020-07-26,Arsenal,eng Premier League,L 2-3,2,3,-1,50,1,1,1,0,560,44,134,233,204,42,559,Match Report
6,Chelsea,2020-07-26,Wolves,eng Premier League,W 2-0,2,0,+2,62,2,0,0,0,793,65,247,255,151,19,793,Match Report
7,Tottenham,2020-07-26,Crystal Palace,eng Premier League,D 1-1,1,1,0,52,1,0,0,0,658,64,197,255,119,8,658,Match Report
8,Sheffield Utd,2020-07-26,Southampton,eng Premier League,L 1-3,1,3,-2,28,1,0,0,0,395,74,190,143,65,13,395,Match Report
9,West Ham,2020-07-26,Aston Villa,eng Premier League,D 1-1,1,1,0,62,1,0,0,0,623,59,206,255,142,11,623,Match Report
10,Wolves,2020-07-26,Chelsea,eng Premier League,L 0-2,0,2,-2,38,0,0,0,0,523,41,191,232,104,8,523,Match Report
11,Leicester City,2020-07-26,Manchester Utd,eng Premier League,L 0-2,0,2,-2,46,0,0,0,0,586,51,182,255,117,14,586,Match Report
12,Arsenal,2020-07-26,Watford,eng Premier League,W 3-2,3,2,+1,50,2,1,1,0,593,97,255,236,99,23,592,Match Report
13,Everton,2020-07-26,Bournemouth,eng Premier League,L 1-3,1,3,-2,69,1,0,0,0,878,96,255,255,191,30,878,Match Report
14,Southampton,2020-07-26,Sheffield Utd,eng Premier League,W 3-1,3,1,+2,72,2,1,1,0,825,41,203,255,199,30,824,Match Report
15,Manchester Utd,2020-07-26,Leicester City,eng Premier League,W 2-0,2,0,+2,54,1,1,1,0,639,53,188,255,140,18,638,Match Report
16,Burnley,2020-07-26,Brighton,eng Premier League,L 1-2,1,2,-1,55,1,0,0,0,539,39,134,255,149,26,539,Match Report
17,Aston Villa,2020-07-26,West Ham,eng Premier League,D 1-1,1,1,0,38,1,0,0,0,415,42,115,212,97,14,415,Match Report
18,Manchester City,2020-07-26,Norwich City,eng Premier League,W 5-0,5,0,+5,73,5,0,0,0,860,35,109,255,255,79,860,Match Report
19,Brighton,2020-07-26,Burnley,eng Premier League,W 2-1,2,1,+1,45,2,0,0,0,482,75,183,187,115,15,482,Match Report
20,Bournemouth,2020-07-26,Everton,eng Premier League,W 3-1,3,1,+2,31,2,1,1,0,468,51,150,168,152,26,467,Match Report
21,Chelsea,2020-07-22,Liverpool,eng Premier League,L 3-5,3,5,-2,50,3,0,0,0,721,74,255,255,126,14,721,Match Report
22,Liverpool,2020-07-22,Chelsea,eng Premier League,W 5-3,5,3,+2,50,5,0,0,0,716,64,229,255,136,19,716,Match Report
23,West Ham,2020-07-22,Manchester Utd,eng Premier League,D 1-1,1,1,0,43,0,1,1,0,579,64,217,235,132,14,578,Match Report
24,Manchester Utd,2020-07-22,West Ham,eng Premier League,D 1-1,1,1,0,57,1,0,0,0,749,58,177,255,255,28,749,Match Report
25,Watford,2020-07-21,Manchester City,eng Premier League,L 0-4,0,4,-4,24,0,0,0,0,374,81,205,128,47,5,374,Match Report
26,Arsenal,2020-07-21,Aston Villa,eng Premier League,L 0-1,0,1,-1,69,0,0,0,0,742,56,209,255,177,19,742,Match Report
27,Aston Villa,2020-07-21,Arsenal,eng Premier League,W 1-0,1,0,+1,31,1,0,0,0,406,72,157,152,103,17,406,Match Report
28,Manchester City,2020-07-21,Watford,eng Premier League,W 4-0,4,0,+4,76,4,0,1,1,898,34,139,255,255,38,897,Match Report
29,Crystal Palace,2020-07-20,Wolves,eng Premier League,L 0-2,0,2,-2,47,0,0,0,0,559,50,186,255,103,12,559,Match Report
30,Brighton,2020-07-20,Newcastle Utd,eng Premier League,D 0-0,0,0,0,61,0,0,0,0,692,66,189,255,144,17,692,Match Report
31,Wolves,2020-07-20,Crystal Palace,eng Premier League,W 2-0,2,0,+2,53,2,0,0,0,612,41,173,255,145,20,612,Match Report
32,Everton,2020-07-20,Sheffield Utd,eng Premier League,W 1-0,1,0,+1,49,1,0,0,0,631,116,255,197,78,10,631,Match Report
33,Sheffield Utd,2020-07-20,Everton,eng Premier League,L 0-1,0,1,-1,51,0,0,0,0,614,31,131,255,200,20,614,Match Report
34,Newcastle Utd,2020-07-20,Brighton,eng Premier League,D 0-0,0,0,0,39,0,0,0,0,458,41,158,198,107,16,458,Match Report
35,Leicester City,2020-07-19,Tottenham,eng Premier League,L 0-3,0,3,-3,70,0,0,0,0,858,30,114,255,255,26,858,Match Report
36,Bournemouth,2020-07-19,Southampton,eng Premier League,L 0-2,0,2,-2,44,0,0,0,0,467,47,129,205,136,25,467,Match Report
37,Tottenham,2020-07-19,Leicester City,eng Premier League,W 3-0,3,0,+3,30,2,0,0,0,428,82,184,190,57,7,428,Match Report
38,Southampton,2020-07-19,Bournemouth,eng Premier League,W 2-0,2,0,+2,56,2,0,1,1,601,87,243,241,123,29,600,Match Report
39,Norwich City,2020-07-18,Burnley,eng Premier League,L 0-2,0,2,-2,42,0,0,0,0,482,112,238,195,54,7,482,Match Report
40,Burnley,2020-07-18,Norwich City,eng Premier League,W 2-0,2,0,+2,58,1,0,0,0,616,26,90,255,255,39,616,Match Report
41,West Ham,2020-07-17,Watford,eng Premier League,W 3-1,3,1,+2,41,3,0,0,0,458,59,136,190,140,9,458,Match Report
42,Watford,2020-07-17,West Ham,eng Premier League,L 1-3,1,3,-2,59,1,0,0,0,621,44,181,255,176,27,621,Match Report
43,Brighton,2020-07-16,Southampton,eng Premier League,D 1-1,1,1,0,33,1,0,0,0,429,77,199,155,79,20,429,Match Report
44,Everton,2020-07-16,Aston Villa,eng Premier League,D 1-1,1,1,0,54,1,0,0,0,587,85,212,254,124,22,587,Match Report
45,Manchester Utd,2020-07-16,Crystal Palace,eng Premier League,W 2-0,2,0,+2,59,2,0,0,0,777,69,208,255,171,32,777,Match Report
46,Crystal Palace,2020-07-16,Manchester Utd,eng Premier League,L 0-2,0,2,-2,41,0,0,0,0,577,74,159,255,151,21,577,Match Report
47,Aston Villa,2020-07-16,Everton,eng Premier League,D 1-1,1,1,0,46,1,0,0,0,493,63,149,211,138,15,493,Match Report
48,Southampton,2020-07-16,Brighton,eng Premier League,D 1-1,1,1,0,67,1,0,0,0,753,40,183,255,240,30,753,Match Report
49,Leicester City,2020-07-16,Sheffield Utd,eng Premier League,W 2-0,2,0,+2,54,2,0,0,0,628,49,215,249,169,25,628,Match Report
50,Sheffield Utd,2020-07-16,Leicester City,eng Premier League,L 0-2,0,2,-2,46,0,0,0,0,549,47,144,255,139,12,549,Match Report
51,Newcastle Utd,2020-07-15,Tottenham,eng Premier League,L 1-3,1,3,-2,52,1,0,0,0,621,36,191,255,137,16,621,Match Report
52,Liverpool,2020-07-15,Arsenal,eng Premier League,L 1-2,1,2,-1,69,1,0,0,0,773,30,172,255,255,50,773,Match Report
53,Burnley,2020-07-15,Wolves,eng Premier League,D 1-1,1,1,0,47,0,1,1,0,503,59,146,255,104,18,502,Match Report
54,Bournemouth,2020-07-15,Manchester City,eng Premier League,L 1-2,1,2,-1,29,1,0,0,0,403,30,117,155,137,34,403,Match Report
55,Tottenham,2020-07-15,Newcastle Utd,eng Premier League,W 3-1,3,1,+2,48,3,0,0,0,583,56,158,255,140,14,583,Match Report
56,Arsenal,2020-07-15,Liverpool,eng Premier League,W 2-1,2,1,+1,32,2,0,0,0,430,108,244,135,57,8,430,Match Report
57,Manchester City,2020-07-15,Bournemouth,eng Premier League,W 2-1,2,1,+1,71,2,0,0,0,882,87,215,255,179,14,882,Match Report
58,Wolves,2020-07-15,Burnley,eng Premier League,D 1-1,1,1,0,53,1,0,0,0,562,48,170,255,142,21,562,Match Report
59,Norwich City,2020-07-14,Chelsea,eng Premier League,L 0-1,0,1,-1,33,0,0,0,0,506,101,255,208,47,3,506,Match Report
60,Chelsea,2020-07-14,Norwich City,eng Premier League,W 1-0,1,0,+1,67,1,0,0,0,920,39,171,255,255,45,920,Match Report
61,Manchester Utd,2020-07-13,Southampton,eng Premier League,D 2-2,2,2,0,48,2,0,0,0,612,62,252,235,135,20,612,Match Report
62,Southampton,2020-07-13,Manchester Utd,eng Premier League,D 2-2,2,2,0,52,2,0,0,0,645,47,181,255,168,19,645,Match Report
63,Arsenal,2020-07-12,Tottenham,eng Premier League,L 1-2,1,2,-1,62,1,0,0,0,755,65,223,255,121,15,755,Match Report
64,Everton,2020-07-12,Wolves,eng Premier League,L 0-3,0,3,-3,45,0,0,0,0,565,65,184,255,83,13,565,Match Report
65,Tottenham,2020-07-12,Arsenal,eng Premier League,W 2-1,2,1,+1,38,2,0,0,0,509,64,158,255,99,15,509,Match Report
66,Crystal Palace,2020-07-12,Aston Villa,eng Premier League,L 0-2,0,2,-2,55,0,0,0,0,529,57,156,255,122,24,529,Match Report
67,Aston Villa,2020-07-12,Crystal Palace,eng Premier League,W 2-0,2,0,+2,45,2,0,0,0,449,62,156,185,113,17,449,Match Report
68,Bournemouth,2020-07-12,Leicester City,eng Premier League,W 4-1,4,1,+3,44,2,1,1,0,570,63,178,255,131,18,569,Match Report
69,Leicester City,2020-07-12,Bournemouth,eng Premier League,L 1-4,1,4,-3,56,1,0,0,0,702,55,235,255,149,24,702,Match Report
70,Wolves,2020-07-12,Everton,eng Premier League,W 3-0,3,0,+3,55,2,1,1,0,682,39,176,255,146,15,681,Match Report
71,Brighton,2020-07-11,Manchester City,eng Premier League,L 0-5,0,5,-5,30,0,0,0,0,454,77,213,175,69,8,454,Match Report
72,Watford,2020-07-11,Newcastle Utd,eng Premier League,W 2-1,2,1,+1,49,0,2,2,0,449,37,145,178,133,33,447,Match Report
73,Sheffield Utd,2020-07-11,Chelsea,eng Premier League,W 3-0,3,0,+3,24,3,0,0,0,380,71,160,97,129,18,380,Match Report
74,Newcastle Utd,2020-07-11,Watford,eng Premier League,L 1-2,1,2,-1,51,1,0,0,0,492,62,213,198,91,9,492,Match Report
75,Burnley,2020-07-11,Liverpool,eng Premier League,D 1-1,1,1,0,29,1,0,0,0,414,101,215,125,79,10,414,Match Report
76,Liverpool,2020-07-11,Burnley,eng Premier League,D 1-1,1,1,0,71,1,0,0,0,826,50,208,255,255,45,826,Match Report
77,Manchester City,2020-07-11,Brighton,eng Premier League,W 5-0,5,0,+5,70,5,0,0,0,935,60,253,255,246,36,935,Match Report
78,Chelsea,2020-07-11,Sheffield Utd,eng Premier League,L 0-3,0,3,-3,76,0,0,0,0,956,62,255,255,217,19,956,Match Report
79,Norwich City,2020-07-11,West Ham,eng Premier League,L 0-4,0,4,-4,53,0,0,0,0,675,77,255,255,103,13,675,Match Report
80,West Ham,2020-07-11,Norwich City,eng Premier League,W 4-0,4,0,+4,47,4,0,0,0,602,45,153,255,167,30,602,Match Report
81,Bournemouth,2020-07-09,Tottenham,eng Premier League,D 0-0,0,0,0,37,0,0,0,0,438,58,170,140,131,21,438,Match Report
82,Everton,2020-07-09,Southampton,eng Premier League,D 1-1,1,1,0,39,1,0,0,0,490,84,220,209,65,11,490,Match Report
83,Aston Villa,2020-07-09,Manchester Utd,eng Premier League,L 0-3,0,3,-3,34,0,0,0,0,440,61,133,199,111,14,440,Match Report
84,Tottenham,2020-07-09,Bournemouth,eng Premier League,D 0-0,0,0,0,63,0,0,0,0,684,64,225,255,189,23,684,Match Report
85,Manchester Utd,2020-07-09,Aston Villa,eng Premier League,W 3-0,3,0,+3,66,2,1,1,0,766,54,241,255,213,31,765,Match Report
86,Southampton,2020-07-09,Everton,eng Premier League,D 1-1,1,1,0,61,1,0,1,1,657,47,136,255,191,36,656,Match Report
87,Newcastle Utd,2020-07-08,Manchester City,eng Premier League,L 0-5,0,5,-5,27,0,0,0,0,410,77,197,160,58,8,410,Match Report
88,Manchester City,2020-07-08,Newcastle Utd,eng Premier League,W 5-0,5,0,+5,73,4,0,0,0,961,40,171,255,255,42,961,Match Report
89,Wolves,2020-07-08,Sheffield Utd,eng Premier League,L 0-1,0,1,-1,56,0,0,0,0,703,81,255,255,122,14,703,Match Report
90,Liverpool,2020-07-08,Brighton,eng Premier League,W 3-1,3,1,+2,56,3,0,0,0,648,58,197,255,198,37,648,Match Report
91,Burnley,2020-07-08,West Ham,eng Premier League,W 1-0,1,0,+1,47,1,0,0,0,576,93,209,243,128,18,576,Match Report
92,West Ham,2020-07-08,Burnley,eng Premier League,L 0-1,0,1,-1,53,0,0,0,0,605,41,173,223,215,45,605,Match Report
93,Sheffield Utd,2020-07-08,Wolves,eng Premier League,W 1-0,1,0,+1,44,1,0,0,0,537,39,106,253,185,27,537,Match Report
94,Brighton,2020-07-08,Liverpool,eng Premier League,L 1-3,1,3,-2,44,1,0,0,0,554,99,247,206,107,17,554,Match Report
95,Watford,2020-07-07,Norwich City,eng Premier League,W 2-1,2,1,+1,44,2,0,0,0,524,48,157,203,168,22,524,Match Report
96,Leicester City,2020-07-07,Arsenal,eng Premier League,D 1-1,1,1,0,61,1,0,0,0,706,74,222,255,152,15,706,Match Report
97,Chelsea,2020-07-07,Crystal Palace,eng Premier League,W 3-2,3,2,+1,57,3,0,0,0,721,72,252,255,139,25,721,Match Report
98,Crystal Palace,2020-07-07,Chelsea,eng Premier League,L 2-3,2,3,-1,43,2,0,0,0,568,69,180,217,184,27,568,Match Report
99,Arsenal,2020-07-07,Leicester City,eng Premier League,D 1-1,1,1,0,39,1,0,0,0,480,49,165,193,129,17,480,Match Report
100,Norwich City,2020-07-07,Watford,eng Premier League,L 1-2,1,2,-1,56,1,0,0,0,668,70,255,255,139,12,668,Match Report
101,Everton,2020-07-06,Tottenham,eng Premier League,L 0-1,0,1,-1,48,0,0,0,0,546,55,168,255,109,7,546,Match Report
102,Tottenham,2020-07-06,Everton,eng Premier League,W 1-0,1,0,+1,52,0,0,0,0,595,56,184,255,146,12,595,Match Report
103,Southampton,2020-07-05,Manchester City,eng Premier League,W 1-0,1,0,+1,27,1,0,0,0,485,124,223,190,77,6,485,Match Report
104,Sheffield Utd,2020-07-05,Burnley,eng Premier League,D 1-1,1,1,0,52,1,0,0,0,595,54,175,241,181,19,595,Match Report
105,Newcastle Utd,2020-07-05,West Ham,eng Premier League,D 2-2,2,2,0,57,2,0,0,0,667,48,252,255,127,18,667,Match Report
106,Liverpool,2020-07-05,Aston Villa,eng Premier League,W 2-0,2,0,+2,70,2,0,0,0,802,54,207,255,211,28,802,Match Report
107,Manchester City,2020-07-05,Southampton,eng Premier League,L 0-1,0,1,-1,73,0,0,0,0,988,44,242,255,255,53,988,Match Report
108,Burnley,2020-07-05,Sheffield Utd,eng Premier League,D 1-1,1,1,0,48,1,0,0,0,576,64,205,254,120,13,576,Match Report
109,Aston Villa,2020-07-05,Liverpool,eng Premier League,L 0-2,0,2,-2,30,0,0,0,0,416,73,182,151,94,12,416,Match Report
110,West Ham,2020-07-05,Newcastle Utd,eng Premier League,D 2-2,2,2,0,43,2,0,0,0,539,45,146,232,168,23,539,Match Report
111,Brighton,2020-07-04,Norwich City,eng Premier League,W 1-0,1,0,+1,42,1,0,0,0,568,70,232,211,132,15,568,Match Report
112,Arsenal,2020-07-04,Wolves,eng Premier League,W 2-0,2,0,+2,47,2,0,0,0,620,71,185,255,106,10,620,Match Report
113,Norwich City,2020-07-04,Brighton,eng Premier League,L 0-1,0,1,-1,58,0,0,0,0,734,57,251,255,155,17,734,Match Report
114,Wolves,2020-07-04,Arsenal,eng Premier League,L 0-2,0,2,-2,53,0,0,0,0,657,46,211,255,140,16,657,Match Report
115,Leicester City,2020-07-04,Crystal Palace,eng Premier League,W 3-0,3,0,+3,52,3,0,0,0,681,46,201,255,127,16,681,Match Report
116,Chelsea,2020-07-04,Watford,eng Premier League,W 3-0,3,0,+3,70,2,1,1,0,882,56,211,255,220,31,881,Match Report
117,Crystal Palace,2020-07-04,Leicester City,eng Premier League,L 0-3,0,3,-3,48,0,0,0,0,604,44,165,255,115,12,604,Match Report
118,Manchester Utd,2020-07-04,Bournemouth,eng Premier League,W 5-2,5,2,+3,68,4,1,1,0,773,56,181,255,250,37,772,Match Report
119,Watford,2020-07-04,Chelsea,eng Premier League,L 0-3,0,3,-3,30,0,0,0,0,441,66,195,173,80,12,441,Match Report
120,Bournemouth,2020-07-04,Manchester Utd,eng Premier League,L 2-5,2,5,-3,32,1,1,1,0,424,82,182,144,101,11,423,Match Report
121,Tottenham,2020-07-02,Sheffield Utd,eng Premier League,L 1-3,1,3,-2,67,1,0,0,0,780,50,229,255,203,29,780,Match Report
122,Liverpool,2020-07-02,Manchester City,eng Premier League,L 0-4,0,4,-4,53,0,0,0,0,678,54,237,255,138,25,678,Match Report
123,Manchester City,2020-07-02,Liverpool,eng Premier League,W 4-0,4,0,+4,47,2,1,1,0,628,98,255,255,105,20,627,Match Report
124,Sheffield Utd,2020-07-02,Tottenham,eng Premier League,W 3-1,3,1,+2,33,3,0,0,0,453,78,170,163,127,20,453,Match Report
125,Chelsea,2020-07-01,West Ham,eng Premier League,L 2-3,2,3,-1,71,1,1,1,0,814,46,180,255,245,39,813,Match Report
126,Arsenal,2020-07-01,Norwich City,eng Premier League,W 4-0,4,0,+4,51,4,0,0,0,589,32,129,255,166,20,589,Match Report
127,Bournemouth,2020-07-01,Newcastle Utd,eng Premier League,L 1-4,1,4,-3,55,1,0,0,0,630,49,196,255,132,25,630,Match Report
128,Norwich City,2020-07-01,Arsenal,eng Premier League,L 0-4,0,4,-4,49,0,0,0,0,566,101,246,222,102,4,566,Match Report
129,Leicester City,2020-07-01,Everton,eng Premier League,L 1-2,1,2,-1,65,1,0,0,0,757,44,188,255,220,28,757,Match Report
130,West Ham,2020-07-01,Chelsea,eng Premier League,W 3-2,3,2,+1,29,3,0,0,0,415,70,158,162,98,18,415,Match Report
131,Newcastle Utd,2020-07-01,Bournemouth,eng Premier League,W 4-1,4,1,+3,45,4,0,0,0,538,55,205,232,110,20,538,Match Report
132,Everton,2020-07-01,Leicester City,eng Premier League,W 2-1,2,1,+1,35,1,1,1,0,488,83,215,184,94,8,487,Match Report
133,Manchester Utd,2020-06-30,Brighton,eng Premier League,W 3-0,3,0,+3,62,3,0,0,0,749,67,249,255,179,22,749,Match Report
134,Brighton,2020-06-30,Manchester Utd,eng Premier League,L 0-3,0,3,-3,38,0,0,0,0,495,57,195,204,99,12,495,Match Report
135,Crystal Palace,2020-06-29,Burnley,eng Premier League,L 0-1,0,1,-1,59,0,0,0,0,640,43,218,209,217,34,640,Match Report
136,Burnley,2020-06-29,Crystal Palace,eng Premier League,W 1-0,1,0,+1,41,1,0,0,0,511,65,182,231,102,9,511,Match Report
137,Watford,2020-06-28,Southampton,eng Premier League,L 1-3,1,3,-2,48,0,0,0,0,549,46,185,220,148,14,549,Match Report
138,Southampton,2020-06-28,Watford,eng Premier League,W 3-1,3,1,+2,52,3,0,0,0,619,46,192,255,151,12,619,Match Report
139,Aston Villa,2020-06-27,Wolves,eng Premier League,L 0-1,0,1,-1,48,0,0,0,0,538,30,128,255,121,14,538,Match Report
140,Wolves,2020-06-27,Aston Villa,eng Premier League,W 1-0,1,0,+1,52,1,0,0,0,575,41,168,252,158,15,575,Match Report
141,Chelsea,2020-06-25,Manchester City,eng Premier League,W 2-1,2,1,+1,35,1,1,1,0,498,101,241,179,88,30,497,Match Report
142,Arsenal,2020-06-25,Southampton,eng Premier League,W 2-0,2,0,+2,47,2,0,0,0,521,73,223,213,89,18,521,Match Report
143,Watford,2020-06-25,Burnley,eng Premier League,L 0-1,0,1,-1,46,0,0,0,0,468,38,165,174,136,11,468,Match Report
144,Southampton,2020-06-25,Arsenal,eng Premier League,L 0-2,0,2,-2,53,0,0,0,0,571,31,139,255,160,20,571,Match Report
145,Burnley,2020-06-25,Watford,eng Premier League,W 1-0,1,0,+1,54,1,0,0,0,577,58,194,255,102,15,577,Match Report
146,Manchester City,2020-06-25,Chelsea,eng Premier League,L 1-2,1,2,-1,65,1,0,0,0,837,49,189,255,241,24,837,Match Report
147,Norwich City,2020-06-24,Everton,eng Premier League,L 0-1,0,1,-1,47,0,0,0,0,591,58,181,255,100,15,591,Match Report
148,Aston Villa,2020-06-24,Newcastle Utd,eng Premier League,D 1-1,1,1,0,48,1,0,0,0,511,50,147,203,166,16,511,Match Report
149,Bournemouth,2020-06-24,Wolves,eng Premier League,L 0-1,0,1,-1,46,0,0,0,0,489,58,151,237,108,7,489,Match Report
150,Crystal Palace,2020-06-24,Liverpool,eng Premier League,L 0-4,0,4,-4,27,0,0,0,0,468,104,255,176,33,0,468,Match Report
151,Manchester Utd,2020-06-24,Sheffield Utd,eng Premier League,W 3-0,3,0,+3,68,3,0,0,0,855,48,195,255,242,31,855,Match Report
152,Wolves,2020-06-24,Bournemouth,eng Premier League,W 1-0,1,0,+1,54,1,0,0,0,580,36,182,255,114,10,580,Match Report
153,Newcastle Utd,2020-06-24,Aston Villa,eng Premier League,D 1-1,1,1,0,52,1,0,0,0,564,65,187,255,120,14,564,Match Report
154,Liverpool,2020-06-24,Crystal Palace,eng Premier League,W 4-0,4,0,+4,73,4,0,0,0,1026,18,104,255,255,42,1026,Match Report
155,Everton,2020-06-24,Norwich City,eng Premier League,W 1-0,1,0,+1,53,1,0,0,0,656,70,228,255,129,18,656,Match Report
156,Sheffield Utd,2020-06-24,Manchester Utd,eng Premier League,L 0-3,0,3,-3,32,0,0,0,0,461,61,174,188,103,6,461,Match Report
157,Tottenham,2020-06-23,West Ham,eng Premier League,W 2-0,2,0,+2,64,1,0,0,0,792,45,191,255,191,23,792,Match Report
158,Brighton,2020-06-23,Leicester City,eng Premier League,D 0-0,0,0,0,34,0,0,1,1,452,68,172,182,103,7,451,Match Report
159,Leicester City,2020-06-23,Brighton,eng Premier League,D 0-0,0,0,0,66,0,0,0,0,737,45,181,255,156,25,737,Match Report
160,West Ham,2020-06-23,Tottenham,eng Premier League,L 0-2,0,2,-2,36,0,0,0,0,496,65,170,216,114,11,496,Match Report
161,Burnley,2020-06-22,Manchester City,eng Premier League,L 0-5,0,5,-5,29,0,0,0,0,413,60,179,182,55,3,413,Match Report
162,Manchester City,2020-06-22,Burnley,eng Premier League,W 5-0,5,0,+5,71,4,1,1,0,915,47,219,255,196,28,914,Match Report
163,Liverpool,2020-06-21,Everton,eng Premier League,D 0-0,0,0,0,69,0,0,0,0,729,30,172,255,207,22,729,Match Report
164,Newcastle Utd,2020-06-21,Sheffield Utd,eng Premier League,W 3-0,3,0,+3,46,3,0,0,0,573,49,219,255,103,17,573,Match Report
165,Everton,2020-06-21,Liverpool,eng Premier League,D 0-0,0,0,0,31,0,0,0,0,390,78,218,128,46,9,390,Match Report
166,Sheffield Utd,2020-06-21,Newcastle Utd,eng Premier League,L 0-3,0,3,-3,54,0,0,0,0,637,47,149,255,162,12,637,Match Report
167,Aston Villa,2020-06-21,Chelsea,eng Premier League,L 1-2,1,2,-1,27,1,0,0,0,382,83,154,146,84,7,382,Match Report
168,Chelsea,2020-06-21,Aston Villa,eng Premier League,W 2-1,2,1,+1,73,2,0,0,0,837,50,183,255,255,35,837,Match Report
169,Wolves,2020-06-20,West Ham,eng Premier League,W 2-0,2,0,+2,58,2,0,0,0,663,57,200,255,137,22,663,Match Report
170,Leicester City,2020-06-20,Watford,eng Premier League,D 1-1,1,1,0,67,1,0,0,0,729,72,213,255,178,16,729,Match Report
171,Brighton,2020-06-20,Arsenal,eng Premier League,W 2-1,2,1,+1,41,2,0,0,0,469,77,187,152,134,17,469,Match Report
172,Bournemouth,2020-06-20,Crystal Palace,eng Premier League,L 0-2,0,2,-2,58,0,0,0,0,639,31,133,255,204,23,639,Match Report
173,Watford,2020-06-20,Leicester City,eng Premier League,D 1-1,1,1,0,33,1,0,0,0,427,53,151,128,156,28,427,Match Report
174,Arsenal,2020-06-20,Brighton,eng Premier League,L 1-2,1,2,-1,59,1,0,0,0,625,60,196,255,142,17,625,Match Report
175,West Ham,2020-06-20,Wolves,eng Premier League,L 0-2,0,2,-2,42,0,0,0,0,495,42,150,234,115,10,495,Match Report
176,Crystal Palace,2020-06-20,Bournemouth,eng Premier League,W 2-0,2,0,+2,42,2,0,0,0,504,57,184,209,117,14,504,Match Report
177,Tottenham,2020-06-19,Manchester Utd,eng Premier League,D 1-1,1,1,0,39,1,0,0,0,526,67,207,215,112,11,526,Match Report
178,Southampton,2020-06-19,Norwich City,eng Premier League,W 3-0,3,0,+3,46,3,0,0,0,511,40,112,240,175,33,511,Match Report
179,Norwich City,2020-06-19,Southampton,eng Premier League,L 0-3,0,3,-3,54,0,0,0,0,567,78,248,219,105,12,567,Match Report
180,Manchester Utd,2020-06-19,Tottenham,eng Premier League,D 1-1,1,1,0,61,0,1,1,0,744,47,169,255,181,22,743,Match Report
181,Manchester City,2020-06-17,Arsenal,eng Premier League,W 3-0,3,0,+3,67,2,1,1,0,805,45,161,255,228,31,804,Match Report
182,Arsenal,2020-06-17,Manchester City,eng Premier League,L 0-3,0,3,-3,33,0,0,0,0,441,73,227,169,49,8,441,Match Report
183,Aston Villa,2020-06-17,Sheffield Utd,eng Premier League,D 0-0,0,0,0,46,0,0,0,0,536,45,196,221,123,23,536,Match Report
184,Sheffield Utd,2020-06-17,Aston Villa,eng Premier League,D 0-0,0,0,0,54,0,0,0,0,619,52,156,255,174,11,619,Match Report
185,Leicester City,2020-03-09,Aston Villa,eng Premier League,W 4-0,4,0,+4,64,3,1,1,0,723,47,185,255,194,37,722,Match Report
186,Aston Villa,2020-03-09,Leicester City,eng Premier League,L 0-4,0,4,-4,36,0,0,0,0,470,70,186,230,59,4,470,Match Report
187,Everton,2020-03-08,Chelsea,eng Premier League,L 0-4,0,4,-4,40,0,0,0,0,534,60,180,255,80,7,534,Match Report
188,Manchester City,2020-03-08,Manchester Utd,eng Premier League,L 0-2,0,2,-2,72,0,0,0,0,900,76,241,255,224,12,900,Match Report
189,Manchester Utd,2020-03-08,Manchester City,eng Premier League,W 2-0,2,0,+2,28,2,0,0,0,452,72,199,170,90,11,452,Match Report
190,Chelsea,2020-03-08,Everton,eng Premier League,W 4-0,4,0,+4,60,4,0,0,0,777,68,255,255,155,24,777,Match Report
191,Crystal Palace,2020-03-07,Watford,eng Premier League,W 1-0,1,0,+1,44,1,0,0,0,561,90,234,200,138,22,561,Match Report
192,Bournemouth,2020-03-07,Liverpool,eng Premier League,L 1-2,1,2,-1,26,1,0,0,0,397,77,180,128,92,12,397,Match Report
193,Southampton,2020-03-07,Newcastle Utd,eng Premier League,L 0-1,0,1,-1,39,0,0,0,0,458,47,145,185,134,11,458,Match Report
194,Brighton,2020-03-07,Wolves,eng Premier League,D 0-0,0,0,0,57,0,0,0,0,791,59,204,255,168,12,791,Match Report
195,Newcastle Utd,2020-03-07,Southampton,eng Premier League,W 1-0,1,0,+1,61,1,0,1,1,662,51,163,255,154,26,661,Match Report
196,Sheffield Utd,2020-03-07,Norwich City,eng Premier League,W 1-0,1,0,+1,42,1,0,0,0,545,59,141,199,210,31,545,Match Report
197,Arsenal,2020-03-07,West Ham,eng Premier League,W 1-0,1,0,+1,68,1,0,0,0,766,83,206,255,215,25,766,Match Report
198,West Ham,2020-03-07,Arsenal,eng Premier League,L 0-1,0,1,-1,32,0,0,0,0,419,55,151,156,115,25,419,Match Report
199,Norwich City,2020-03-07,Sheffield Utd,eng Premier League,L 0-1,0,1,-1,58,0,0,0,0,699,92,255,255,112,16,699,Match Report
200,Wolves,2020-03-07,Brighton,eng Premier League,D 0-0,0,0,0,43,0,0,0,0,627,48,199,255,127,18,627,Match Report
201,Tottenham,2020-03-07,Burnley,eng Premier League,D 1-1,1,1,0,54,0,1,1,0,646,89,225,255,139,14,645,Match Report
202,Southampton,2020-03-07,Newcastle Utd,eng Premier League,L 0-1,0,1,-1,39,0,0,0,0,458,47,145,185,134,11,458,Match Report
203,Wolves,2020-03-07,Brighton,eng Premier League,D 0-0,0,0,0,43,0,0,0,0,627,48,199,255,127,18,627,Match Report
204,Bournemouth,2020-03-07,Liverpool,eng Premier League,L 1-2,1,2,-1,26,1,0,0,0,397,77,180,128,92,12,397,Match Report
205,Everton,2020-03-01,Manchester Utd,eng Premier League,D 1-1,1,1,0,44,1,0,0,0,510,64,174,183,160,25,510,Match Report
206,Wolves,2020-03-01,Tottenham,eng Premier League,W 3-2,3,2,+1,35,3,0,0,0,489,55,157,236,111,24,489,Match Report
207,Tottenham,2020-03-01,Wolves,eng Premier League,L 2-3,2,3,-1,65,2,0,0,0,787,50,171,255,174,22,787,Match Report
208,Manchester Utd,2020-03-01,Everton,eng Premier League,D 1-1,1,1,0,56,1,0,0,0,598,61,181,251,173,15,598,Match Report
209,Liverpool,2020-02-29,Watford,eng Premier League,L 0-3,0,3,-3,70,0,0,0,0,874,56,185,255,240,29,874,Match Report
210,West Ham,2020-02-29,Southampton,eng Premier League,W 3-1,3,1,+2,35,3,0,0,0,455,54,164,174,123,26,455,Match Report
211,Brighton,2020-02-29,Crystal Palace,eng Premier League,L 0-1,0,1,-1,65,0,0,0,0,732,52,185,255,214,32,732,Match Report
212,Chelsea,2020-02-29,Bournemouth,eng Premier League,D 2-2,2,2,0,73,2,0,0,0,993,52,224,255,255,42,993,Match Report
213,Southampton,2020-02-29,West Ham,eng Premier League,L 1-3,1,3,-2,65,1,0,0,0,696,60,179,255,167,26,696,Match Report
214,Newcastle Utd,2020-02-29,Burnley,eng Premier League,D 0-0,0,0,0,54,0,0,0,0,547,57,193,229,129,26,547,Match Report
215,Burnley,2020-02-29,Newcastle Utd,eng Premier League,D 0-0,0,0,0,46,0,0,0,0,496,66,129,255,107,10,496,Match Report
216,Bournemouth,2020-02-29,Chelsea,eng Premier League,D 2-2,2,2,0,27,2,0,0,0,483,98,188,210,88,14,483,Match Report
217,Crystal Palace,2020-02-29,Brighton,eng Premier League,W 1-0,1,0,+1,35,1,0,0,0,458,73,184,179,99,20,458,Match Report
218,Watford,2020-02-29,Liverpool,eng Premier League,W 3-0,3,0,+3,30,3,0,0,0,463,90,189,166,112,24,463,Match Report
219,Leicester City,2020-02-28,Norwich City,eng Premier League,L 0-1,0,1,-1,57,0,0,0,0,626,47,193,234,208,28,626,Match Report
220,Norwich City,2020-02-28,Leicester City,eng Premier League,W 1-0,1,0,+1,43,1,0,0,0,509,63,194,203,123,19,509,Match Report
221,Liverpool,2020-02-24,West Ham,eng Premier League,W 3-2,3,2,+1,69,3,0,0,0,819,46,147,255,255,49,819,Match Report
222,West Ham,2020-02-24,Liverpool,eng Premier League,L 2-3,2,3,-1,31,2,0,0,0,451,85,204,157,98,18,451,Match Report
223,Everton,2020-02-23,Arsenal,eng Premier League,L 2-3,2,3,-1,49,2,0,0,0,597,71,194,246,166,27,597,Match Report
224,Watford,2020-02-23,Manchester Utd,eng Premier League,L 0-3,0,3,-3,43,0,0,0,0,569,57,144,255,143,16,569,Match Report
225,Wolves,2020-02-23,Norwich City,eng Premier League,W 3-0,3,0,+3,40,3,0,0,0,556,35,171,255,113,21,556,Match Report
226,Manchester Utd,2020-02-23,Watford,eng Premier League,W 3-0,3,0,+3,57,2,1,1,0,737,77,255,255,146,27,736,Match Report
227,Norwich City,2020-02-23,Wolves,eng Premier League,L 0-3,0,3,-3,60,0,0,0,0,733,47,215,255,142,10,733,Match Report
228,Arsenal,2020-02-23,Everton,eng Premier League,W 3-2,3,2,+1,51,3,0,0,0,635,62,207,255,146,20,635,Match Report
229,Brighton,2020-02-22,Sheffield Utd,eng Premier League,D 1-1,1,1,0,35,1,0,0,0,496,94,230,188,86,11,496,Match Report
230,Aston Villa,2020-02-22,Southampton,eng Premier League,L 0-2,0,2,-2,54,0,0,0,0,565,94,235,244,91,14,565,Match Report
231,Chelsea,2020-02-22,Tottenham,eng Premier League,W 2-1,2,1,+1,49,2,0,0,0,723,52,181,255,141,19,723,Match Report
232,Newcastle Utd,2020-02-22,Crystal Palace,eng Premier League,L 0-1,0,1,-1,55,0,0,0,0,612,72,231,255,112,14,612,Match Report
233,Burnley,2020-02-22,Bournemouth,eng Premier League,W 3-0,3,0,+3,42,2,1,1,0,472,47,133,218,128,20,471,Match Report
234,Southampton,2020-02-22,Aston Villa,eng Premier League,W 2-0,2,0,+2,46,2,0,0,0,503,39,97,255,148,22,503,Match Report
235,Bournemouth,2020-02-22,Burnley,eng Premier League,L 0-3,0,3,-3,58,0,0,0,0,601,66,208,235,163,22,601,Match Report
236,Manchester City,2020-02-22,Leicester City,eng Premier League,W 1-0,1,0,+1,67,1,0,1,1,821,60,210,255,249,30,820,Match Report
237,Crystal Palace,2020-02-22,Newcastle Utd,eng Premier League,W 1-0,1,0,+1,45,1,0,0,0,545,47,151,255,139,31,545,Match Report
238,Leicester City,2020-02-22,Manchester City,eng Premier League,L 0-1,0,1,-1,33,0,0,0,0,472,65,204,183,91,9,472,Match Report
239,Tottenham,2020-02-22,Chelsea,eng Premier League,L 1-2,1,2,-1,51,0,0,0,0,737,67,220,255,103,8,737,Match Report
240,Sheffield Utd,2020-02-22,Brighton,eng Premier League,D 1-1,1,1,0,65,1,0,0,0,748,29,115,255,255,34,748,Match Report
241,Manchester City,2020-02-19,West Ham,eng Premier League,W 2-0,2,0,+2,77,2,0,0,0,1035,40,142,255,255,44,1035,Match Report
242,West Ham,2020-02-19,Manchester City,eng Premier League,L 0-2,0,2,-2,23,0,0,0,0,404,86,187,150,75,7,404,Match Report
243,Chelsea,2020-02-17,Manchester Utd,eng Premier League,L 0-2,0,2,-2,61,0,0,0,0,764,64,222,255,190,33,764,Match Report
244,Manchester Utd,2020-02-17,Chelsea,eng Premier League,W 2-0,2,0,+2,39,2,0,0,0,526,69,173,245,112,13,526,Match Report
245,Newcastle Utd,2020-02-16,Arsenal,eng Premier League,L 0-4,0,4,-4,32,0,0,0,0,418,59,134,201,90,17,418,Match Report
246,Aston Villa,2020-02-16,Tottenham,eng Premier League,L 2-3,2,3,-1,55,1,0,0,0,648,81,216,255,154,31,648,Match Report
247,Tottenham,2020-02-16,Aston Villa,eng Premier League,W 3-2,3,2,+1,45,3,0,1,1,583,68,187,255,128,32,582,Match Report
248,Arsenal,2020-02-16,Newcastle Utd,eng Premier League,W 4-0,4,0,+4,68,4,0,0,0,781,50,159,255,231,35,781,Match Report
249,Liverpool,2020-02-15,Norwich City,eng Premier League,W 1-0,1,0,+1,63,1,0,0,0,777,30,116,255,255,40,777,Match Report
250,Burnley,2020-02-15,Southampton,eng Premier League,W 2-1,2,1,+1,38,2,0,0,0,484,62,156,237,96,12,483,Match Report
251,Southampton,2020-02-15,Burnley,eng Premier League,L 1-2,1,2,-1,62,1,0,0,0,692,48,189,255,194,27,692,Match Report
252,Norwich City,2020-02-15,Liverpool,eng Premier League,L 0-1,0,1,-1,37,0,0,0,0,536,121,255,175,59,11,536,Match Report
253,Leicester City,2020-02-14,Wolves,eng Premier League,D 0-0,0,0,0,58,0,0,0,0,659,61,209,255,155,19,659,Match Report
254,Wolves,2020-02-14,Leicester City,eng Premier League,D 0-0,0,0,0,42,0,0,0,0,514,44,142,229,146,27,514,Match Report
255,Bournemouth,2020-02-09,Sheffield Utd,eng Premier League,L 1-2,1,2,-1,45,1,0,0,0,585,84,213,220,156,23,585,Match Report
256,Sheffield Utd,2020-02-09,Bournemouth,eng Premier League,W 2-1,2,1,+1,55,2,0,0,0,636,51,159,255,210,39,636,Match Report
257,Brighton,2020-02-08,Watford,eng Premier League,D 1-1,1,1,0,66,0,0,0,0,767,55,205,255,228,26,767,Match Report
258,Everton,2020-02-08,Crystal Palace,eng Premier League,W 3-1,3,1,+2,47,3,0,0,0,559,66,178,221,166,24,559,Match Report
259,Watford,2020-02-08,Brighton,eng Premier League,D 1-1,1,1,0,34,1,0,0,0,452,64,188,189,81,15,452,Match Report
260,Crystal Palace,2020-02-08,Everton,eng Premier League,L 1-3,1,3,-2,53,1,0,0,0,599,70,234,248,125,31,599,Match Report
261,Burnley,2020-02-02,Arsenal,eng Premier League,D 0-0,0,0,0,44,0,0,0,0,496,44,90,255,147,25,496,Match Report
262,Manchester City,2020-02-02,Tottenham,eng Premier League,L 0-2,0,2,-2,67,0,0,1,1,838,32,126,255,252,50,837,Match Report
263,Arsenal,2020-02-02,Burnley,eng Premier League,D 0-0,0,0,0,56,0,0,0,0,620,82,227,255,118,18,620,Match Report
264,Tottenham,2020-02-02,Manchester City,eng Premier League,W 2-0,2,0,+2,33,2,0,0,0,492,89,222,206,71,10,492,Match Report
265,Wolves,2020-02-01,Manchester Utd,eng Premier League,D 0-0,0,0,0,36,0,0,0,0,525,63,214,215,105,27,525,Match Report
266,Newcastle Utd,2020-02-01,Norwich City,eng Premier League,D 0-0,0,0,0,44,0,0,0,0,555,73,190,238,135,20,555,Match Report
267,Crystal Palace,2020-02-01,Sheffield Utd,eng Premier League,L 0-1,0,1,-1,61,0,0,0,0,683,55,219,255,170,28,683,Match Report
268,Everton,2020-02-01,Watford,eng Premier League,W 3-2,3,2,+1,55,3,0,0,0,594,60,190,255,136,19,594,Match Report
269,Liverpool,2020-02-01,Southampton,eng Premier League,W 4-0,4,0,+4,62,4,0,0,0,683,92,255,255,138,25,683,Match Report
270,Sheffield Utd,2020-02-01,Crystal Palace,eng Premier League,W 1-0,1,0,+1,39,0,0,0,0,504,62,170,185,153,16,504,Match Report
271,Aston Villa,2020-02-01,Bournemouth,eng Premier League,L 1-2,1,2,-1,60,1,0,0,0,626,57,197,255,172,35,626,Match Report
272,Brighton,2020-02-01,West Ham,eng Premier League,D 3-3,3,3,0,65,2,0,0,0,767,64,206,255,166,25,767,Match Report
273,Bournemouth,2020-02-01,Aston Villa,eng Premier League,W 2-1,2,1,+1,40,2,0,0,0,488,81,190,170,133,25,488,Match Report
274,Manchester Utd,2020-02-01,Wolves,eng Premier League,D 0-0,0,0,0,64,0,0,0,0,798,48,148,255,255,27,798,Match Report
275,Chelsea,2020-02-01,Leicester City,eng Premier League,D 2-2,2,2,0,51,2,0,0,0,645,61,209,255,135,18,645,Match Report
276,Norwich City,2020-02-01,Newcastle Utd,eng Premier League,D 0-0,0,0,0,56,0,0,0,0,647,75,193,255,174,37,647,Match Report
277,Leicester City,2020-02-01,Chelsea,eng Premier League,D 2-2,2,2,0,49,2,0,0,0,635,78,248,255,132,19,635,Match Report
278,West Ham,2020-02-01,Brighton,eng Premier League,D 3-3,3,3,0,35,3,0,0,0,489,58,125,255,113,18,489,Match Report
279,Watford,2020-02-01,Everton,eng Premier League,L 2-3,2,3,-1,45,2,0,0,0,519,49,160,248,113,13,519,Match Report
280,Southampton,2020-02-01,Liverpool,eng Premier League,L 0-4,0,4,-4,38,0,0,0,0,505,63,150,225,136,37,505,Match Report
281,Liverpool,2020-01-29,West Ham,eng Premier League,W 2-0,2,0,+2,70,1,1,1,0,975,48,176,255,202,28,974,Match Report
282,West Ham,2020-01-29,Liverpool,eng Premier League,L 0-2,0,2,-2,30,0,0,0,0,484,65,211,208,74,10,484,Match Report
283,Liverpool,2020-01-23,Wolves,eng Premier League,W 2-1,2,1,+1,53,2,0,0,0,727,68,163,255,123,17,727,Match Report
284,Wolves,2020-01-23,Liverpool,eng Premier League,L 1-2,1,2,-1,47,1,0,0,0,635,58,227,255,118,19,635,Match Report
285,Burnley,2020-01-22,Manchester Utd,eng Premier League,W 2-0,2,0,+2,28,2,0,0,0,409,74,168,141,107,8,409,Match Report
286,Tottenham,2020-01-22,Norwich City,eng Premier League,W 2-1,2,1,+1,51,2,0,0,0,645,52,132,255,203,25,645,Match Report
287,Norwich City,2020-01-22,Tottenham,eng Premier League,L 1-2,1,2,-1,49,0,1,1,0,645,74,242,255,105,20,644,Match Report
288,Leicester City,2020-01-22,West Ham,eng Premier League,W 4-1,4,1,+3,67,3,1,1,0,736,47,168,255,217,40,735,Match Report
289,Manchester Utd,2020-01-22,Burnley,eng Premier League,L 0-2,0,2,-2,72,0,0,0,0,853,55,241,255,255,33,853,Match Report
290,West Ham,2020-01-22,Leicester City,eng Premier League,L 1-4,1,4,-3,33,0,1,1,0,424,67,163,174,92,16,423,Match Report
291,Chelsea,2020-01-21,Arsenal,eng Premier League,D 2-2,2,2,0,58,1,1,1,0,728,43,148,255,255,48,727,Match Report
292,Manchester City,2020-01-21,Sheffield Utd,eng Premier League,W 1-0,1,0,+1,66,1,0,1,1,762,61,229,255,177,32,761,Match Report
293,Aston Villa,2020-01-21,Watford,eng Premier League,W 2-1,2,1,+1,64,2,0,0,0,747,62,217,255,196,31,747,Match Report
294,Crystal Palace,2020-01-21,Southampton,eng Premier League,L 0-2,0,2,-2,45,0,0,0,0,549,59,222,242,91,19,549,Match Report
295,Southampton,2020-01-21,Crystal Palace,eng Premier League,W 2-0,2,0,+2,55,2,0,0,0,642,41,131,255,195,18,642,Match Report
296,Brighton,2020-01-21,Bournemouth,eng Premier League,L 1-3,1,3,-2,66,1,0,0,0,749,64,242,255,176,18,749,Match Report
297,Watford,2020-01-21,Aston Villa,eng Premier League,L 1-2,1,2,-1,36,1,0,0,0,490,66,186,203,107,13,490,Match Report
298,Everton,2020-01-21,Newcastle Utd,eng Premier League,D 2-2,2,2,0,55,2,0,0,0,736,53,195,255,178,24,736,Match Report
299,Sheffield Utd,2020-01-21,Manchester City,eng Premier League,L 0-1,0,1,-1,34,0,0,0,0,427,71,154,158,119,15,427,Match Report
300,Arsenal,2020-01-21,Chelsea,eng Premier League,D 2-2,2,2,0,42,2,0,0,0,546,97,240,216,97,15,546,Match Report
301,Bournemouth,2020-01-21,Brighton,eng Premier League,W 3-1,3,1,+2,34,2,0,0,0,464,72,177,164,126,26,464,Match Report
302,Newcastle Utd,2020-01-21,Everton,eng Premier League,D 2-2,2,2,0,45,2,0,0,0,624,67,228,255,112,15,624,Match Report
303,Liverpool,2020-01-19,Manchester Utd,eng Premier League,W 2-0,2,0,+2,53,2,0,0,0,674,84,223,255,194,30,674,Match Report
304,Leicester City,2020-01-19,Burnley,eng Premier League,L 1-2,1,2,-1,55,1,0,1,1,665,70,208,255,190,35,664,Match Report
305,Burnley,2020-01-19,Leicester City,eng Premier League,W 2-1,2,1,+1,45,2,0,0,0,574,70,178,255,119,14,574,Match Report
306,Manchester Utd,2020-01-19,Liverpool,eng Premier League,L 0-2,0,2,-2,47,0,0,0,0,621,78,230,255,124,15,621,Match Report
307,Sheffield Utd,2020-01-18,Arsenal,eng Premier League,D 1-1,1,1,0,39,1,0,0,0,502,49,139,248,125,24,502,Match Report
308,Bournemouth,2020-01-18,Norwich City,eng Premier League,L 0-1,0,1,-1,35,0,0,0,0,464,57,184,193,92,17,464,Match Report
309,Arsenal,2020-01-18,Sheffield Utd,eng Premier League,D 1-1,1,1,0,61,1,0,0,0,720,74,251,255,156,21,720,Match Report
310,Tottenham,2020-01-18,Watford,eng Premier League,D 0-0,0,0,0,58,0,0,0,0,694,79,212,255,133,27,694,Match Report
311,Wolves,2020-01-18,Southampton,eng Premier League,W 3-2,3,2,+1,47,2,1,1,0,528,58,192,255,74,16,527,Match Report
312,Watford,2020-01-18,Tottenham,eng Premier League,D 0-0,0,0,0,42,0,0,1,1,512,44,140,191,185,37,511,Match Report
313,Manchester City,2020-01-18,Crystal Palace,eng Premier League,D 2-2,2,2,0,72,2,0,0,0,863,32,118,255,255,64,863,Match Report
314,Norwich City,2020-01-18,Bournemouth,eng Premier League,W 1-0,1,0,+1,65,0,1,1,0,780,55,222,255,206,19,779,Match Report
315,Everton,2020-01-18,West Ham,eng Premier League,D 1-1,1,1,0,50,1,0,0,0,621,71,214,255,149,20,621,Match Report
316,Brighton,2020-01-18,Aston Villa,eng Premier League,D 1-1,1,1,0,55,1,0,0,0,674,66,230,255,153,34,674,Match Report
317,Southampton,2020-01-18,Wolves,eng Premier League,L 2-3,2,3,-1,53,2,0,0,0,583,39,122,255,136,16,583,Match Report
318,Chelsea,2020-01-18,Newcastle Utd,eng Premier League,L 0-1,0,1,-1,69,0,0,0,0,825,28,102,255,255,37,825,Match Report
319,Crystal Palace,2020-01-18,Manchester City,eng Premier League,D 2-2,2,2,0,28,1,0,0,0,422,110,215,157,53,12,422,Match Report
320,Newcastle Utd,2020-01-18,Chelsea,eng Premier League,W 1-0,1,0,+1,31,1,0,0,0,473,81,197,192,86,10,473,Match Report
321,Aston Villa,2020-01-18,Brighton,eng Premier League,D 1-1,1,1,0,45,1,0,0,0,583,63,206,255,121,14,583,Match Report
322,West Ham,2020-01-18,Everton,eng Premier League,D 1-1,1,1,0,50,1,0,0,0,612,49,160,255,141,18,612,Match Report
323,Bournemouth,2020-01-12,Watford,eng Premier League,L 0-3,0,3,-3,57,0,0,0,0,700,60,212,255,170,17,700,Match Report
324,Watford,2020-01-12,Bournemouth,eng Premier League,W 3-0,3,0,+3,43,3,0,0,0,576,70,183,255,125,25,576,Match Report
325,Manchester City,2020-01-12,Aston Villa,eng Premier League,W 6-1,6,1,+5,70,6,0,0,0,1001,57,191,255,253,44,1001,Match Report
326,Aston Villa,2020-01-12,Manchester City,eng Premier League,L 1-6,1,6,-5,30,0,1,1,0,500,73,224,195,84,16,499,Match Report
327,Crystal Palace,2020-01-11,Arsenal,eng Premier League,D 1-1,1,1,0,43,1,0,0,0,520,46,160,242,120,17,520,Match Report
328,Norwich City,2020-01-11,Manchester Utd,eng Premier League,L 0-4,0,4,-4,40,0,0,0,0,603,61,233,252,127,9,603,Match Report
329,Manchester Utd,2020-01-11,Norwich City,eng Premier League,W 4-0,4,0,+4,60,3,1,1,0,800,37,151,255,255,36,799,Match Report
330,Leicester City,2020-01-11,Southampton,eng Premier League,L 1-2,1,2,-1,58,1,0,0,0,642,67,237,255,100,11,642,Match Report
331,Liverpool,2020-01-11,Tottenham,eng Premier League,W 1-0,1,0,+1,67,1,0,0,0,919,44,188,255,229,52,919,Match Report
332,Arsenal,2020-01-11,Crystal Palace,eng Premier League,D 1-1,1,1,0,57,1,0,0,0,655,72,230,255,128,18,655,Match Report
333,Newcastle Utd,2020-01-11,Wolves,eng Premier League,D 1-1,1,1,0,35,1,0,0,0,466,64,162,197,114,4,466,Match Report
334,Chelsea,2020-01-11,Burnley,eng Premier League,W 3-0,3,0,+3,65,2,1,1,0,729,52,200,255,202,36,728,Match Report
335,Southampton,2020-01-11,Leicester City,eng Premier League,W 2-1,2,1,+1,43,2,0,0,0,496,41,114,255,127,19,496,Match Report
336,Wolves,2020-01-11,Newcastle Utd,eng Premier League,D 1-1,1,1,0,65,1,0,0,0,746,38,175,255,162,20,746,Match Report
337,Burnley,2020-01-11,Chelsea,eng Premier League,L 0-3,0,3,-3,35,0,0,0,0,440,73,167,196,80,7,440,Match Report
338,Everton,2020-01-11,Brighton,eng Premier League,W 1-0,1,0,+1,53,1,0,0,0,674,73,195,255,179,31,674,Match Report
339,Brighton,2020-01-11,Everton,eng Premier League,L 0-1,0,1,-1,47,0,0,0,0,616,83,216,255,112,19,616,Match Report
340,Tottenham,2020-01-11,Liverpool,eng Premier League,L 0-1,0,1,-1,33,0,0,0,0,546,97,230,247,81,15,546,Match Report
341,West Ham,2020-01-10,Sheffield Utd,eng Premier League,L 0-1,0,1,-1,53,0,0,0,0,664,62,197,255,118,11,664,Match Report
342,Sheffield Utd,2020-01-10,West Ham,eng Premier League,W 1-0,1,0,+1,47,1,0,0,0,581,40,141,255,146,16,581,Match Report
343,Liverpool,2020-01-02,Sheffield Utd,eng Premier League,W 2-0,2,0,+2,74,2,0,0,0,1082,44,255,255,242,38,1082,Match Report
344,Sheffield Utd,2020-01-02,Liverpool,eng Premier League,L 0-2,0,2,-2,26,0,0,0,0,447,76,172,195,83,9,447,Match Report
345,Manchester Utd,2020-01-01,Arsenal,eng Premier League,L 0-2,0,2,-2,51,0,0,0,0,679,48,155,255,187,18,679,Match Report
346,Arsenal,2020-01-01,Manchester Utd,eng Premier League,W 2-0,2,0,+2,49,2,0,0,0,670,77,255,255,125,27,670,Match Report
347,Crystal Palace,2020-01-01,Norwich City,eng Premier League,D 1-1,1,1,0,59,1,0,0,0,702,41,162,255,229,34,702,Match Report
348,Wolves,2020-01-01,Watford,eng Premier League,L 1-2,1,2,-1,63,1,0,0,0,727,44,191,255,176,23,727,Match Report
349,Tottenham,2020-01-01,Southampton,eng Premier League,L 0-1,0,1,-1,59,0,0,0,0,686,50,233,255,148,19,686,Match Report
350,Southampton,2020-01-01,Tottenham,eng Premier League,W 1-0,1,0,+1,41,1,0,0,0,545,65,170,255,117,15,545,Match Report
351,Norwich City,2020-01-01,Crystal Palace,eng Premier League,D 1-1,1,1,0,41,1,0,0,0,567,80,194,254,124,22,567,Match Report
352,West Ham,2020-01-01,Bournemouth,eng Premier League,W 4-0,4,0,+4,43,3,1,1,0,602,41,151,255,148,26,601,Match Report
353,Bournemouth,2020-01-01,West Ham,eng Premier League,L 0-4,0,4,-4,57,0,0,0,0,770,83,255,255,131,12,770,Match Report
354,Burnley,2020-01-01,Aston Villa,eng Premier League,L 1-2,1,2,-1,62,1,0,0,0,677,41,114,255,200,30,677,Match Report
355,Watford,2020-01-01,Wolves,eng Premier League,W 2-1,2,1,+1,37,2,0,0,0,489,75,183,204,110,18,489,Match Report
356,Aston Villa,2020-01-01,Burnley,eng Premier League,W 2-1,2,1,+1,38,2,0,0,0,475,80,208,178,96,14,475,Match Report
357,Newcastle Utd,2020-01-01,Leicester City,eng Premier League,L 0-3,0,3,-3,24,0,0,0,0,398,67,173,167,63,9,398,Match Report
358,Leicester City,2020-01-01,Newcastle Utd,eng Premier League,W 3-0,3,0,+3,76,3,0,0,0,994,34,149,255,232,28,994,Match Report
359,Everton,2020-01-01,Manchester City,eng Premier League,L 1-2,1,2,-1,35,1,0,0,0,525,77,231,214,82,12,525,Match Report
360,Brighton,2020-01-01,Chelsea,eng Premier League,D 1-1,1,1,0,48,1,0,0,0,671,78,230,255,165,29,671,Match Report
361,Chelsea,2020-01-01,Brighton,eng Premier League,D 1-1,1,1,0,52,1,0,0,0,717,75,255,255,116,35,717,Match Report
362,Manchester City,2020-01-01,Everton,eng Premier League,W 2-1,2,1,+1,65,2,0,0,0,913,43,218,255,177,21,913,Match Report
363,Chelsea,2019-12-29,Arsenal,eng Premier League,W 2-1,2,1,+1,58,2,0,0,0,724,53,178,255,176,24,724,Match Report
364,Manchester City,2019-12-29,Sheffield Utd,eng Premier League,W 2-0,2,0,+2,72,2,0,0,0,996,62,242,255,254,24,996,Match Report
365,Liverpool,2019-12-29,Wolves,eng Premier League,W 1-0,1,0,+1,62,1,0,0,0,779,53,180,255,171,29,779,Match Report
366,Sheffield Utd,2019-12-29,Manchester City,eng Premier League,L 0-2,0,2,-2,28,0,0,0,0,457,72,171,163,128,13,457,Match Report
367,Arsenal,2019-12-29,Chelsea,eng Premier League,L 1-2,1,2,-1,42,1,0,0,0,568,68,205,255,82,14,568,Match Report
368,Wolves,2019-12-29,Liverpool,eng Premier League,L 0-1,0,1,-1,38,0,0,0,0,509,50,169,248,96,10,509,Match Report
369,Burnley,2019-12-28,Manchester Utd,eng Premier League,L 0-2,0,2,-2,39,0,0,0,0,431,55,155,197,87,17,431,Match Report
370,Tottenham,2019-12-28,Norwich City,eng Premier League,D 2-2,2,2,0,58,1,1,1,0,729,48,152,255,217,24,728,Match Report
371,Aston Villa,2019-12-28,Watford,eng Premier League,L 0-3,0,3,-3,51,0,0,0,0,602,64,198,251,157,20,602,Match Report
372,Crystal Palace,2019-12-28,Southampton,eng Premier League,D 1-1,1,1,0,41,1,0,0,0,497,76,213,199,90,10,497,Match Report
373,Norwich City,2019-12-28,Tottenham,eng Premier League,D 2-2,2,2,0,42,1,0,0,0,559,70,228,230,105,13,559,Match Report
374,Southampton,2019-12-28,Crystal Palace,eng Premier League,D 1-1,1,1,0,59,1,0,0,0,643,39,133,255,168,23,643,Match Report
375,Brighton,2019-12-28,Bournemouth,eng Premier League,W 2-0,2,0,+2,55,2,0,0,0,663,48,200,255,185,20,663,Match Report
376,Leicester City,2019-12-28,West Ham,eng Premier League,W 2-1,2,1,+1,57,2,0,1,1,700,56,227,255,138,21,699,Match Report
377,Watford,2019-12-28,Aston Villa,eng Premier League,W 3-0,3,0,+3,49,2,1,1,0,570,54,154,243,187,32,569,Match Report
378,Manchester Utd,2019-12-28,Burnley,eng Premier League,W 2-0,2,0,+2,61,2,0,0,0,632,59,183,255,156,23,632,Match Report
379,West Ham,2019-12-28,Leicester City,eng Premier League,L 1-2,1,2,-1,43,1,0,0,0,552,54,138,255,140,22,552,Match Report
380,Everton,2019-12-28,Newcastle Utd,eng Premier League,W 2-1,2,1,+1,57,2,0,0,0,625,88,226,242,164,31,625,Match Report
381,Bournemouth,2019-12-28,Brighton,eng Premier League,L 0-2,0,2,-2,45,0,0,0,0,566,82,203,255,108,14,566,Match Report
382,Newcastle Utd,2019-12-28,Everton,eng Premier League,L 1-2,1,2,-1,43,1,0,0,0,500,59,176,199,129,29,500,Match Report
383,Manchester City,2019-12-27,Wolves,eng Premier League,L 2-3,2,3,-1,38,2,0,1,1,498,87,215,221,69,10,497,Match Report
384,Wolves,2019-12-27,Manchester City,eng Premier League,W 3-2,3,2,+1,62,3,0,0,0,717,28,126,255,235,35,717,Match Report
385,Bournemouth,2019-12-26,Arsenal,eng Premier League,D 1-1,1,1,0,40,1,0,0,0,547,69,209,222,120,21,547,Match Report
386,Newcastle Utd,2019-12-26,Manchester Utd,eng Premier League,L 1-4,1,4,-3,28,1,0,0,0,441,70,206,167,73,9,441,Match Report
387,Aston Villa,2019-12-26,Norwich City,eng Premier League,W 1-0,1,0,+1,43,1,0,0,0,516,61,169,201,152,20,516,Match Report
388,Watford,2019-12-26,Sheffield Utd,eng Premier League,D 1-1,1,1,0,42,1,0,0,0,556,80,203,255,93,15,556,Match Report
389,Sheffield Utd,2019-12-26,Watford,eng Premier League,D 1-1,1,1,0,58,0,1,1,0,685,34,181,255,191,26,684,Match Report
390,Chelsea,2019-12-26,Southampton,eng Premier League,L 0-2,0,2,-2,66,0,0,0,0,889,55,220,255,255,27,889,Match Report
391,Brighton,2019-12-26,Tottenham,eng Premier League,L 1-2,1,2,-1,46,1,0,0,0,591,63,209,255,109,12,591,Match Report
392,West Ham,2019-12-26,Crystal Palace,eng Premier League,L 1-2,1,2,-1,42,1,0,0,0,570,70,166,245,165,24,570,Match Report
393,Arsenal,2019-12-26,Bournemouth,eng Premier League,D 1-1,1,1,0,60,1,0,0,0,766,53,185,255,205,38,766,Match Report
394,Crystal Palace,2019-12-26,West Ham,eng Premier League,W 2-1,2,1,+1,58,2,0,0,0,734,55,228,255,185,41,734,Match Report
395,Norwich City,2019-12-26,Aston Villa,eng Premier League,L 0-1,0,1,-1,57,0,0,0,0,667,64,209,255,174,21,667,Match Report
396,Everton,2019-12-26,Burnley,eng Premier League,W 1-0,1,0,+1,67,1,0,0,0,675,53,208,255,156,24,675,Match Report
397,Liverpool,2019-12-26,Leicester City,eng Premier League,W 4-0,4,0,+4,59,3,1,1,0,749,45,180,255,200,30,748,Match Report
398,Manchester Utd,2019-12-26,Newcastle Utd,eng Premier League,W 4-1,4,1,+3,72,4,0,0,0,947,34,155,255,255,22,947,Match Report
399,Southampton,2019-12-26,Chelsea,eng Premier League,W 2-0,2,0,+2,34,2,0,0,0,560,67,224,255,65,10,560,Match Report
400,Tottenham,2019-12-26,Brighton,eng Premier League,W 2-1,2,1,+1,54,2,0,0,0,655,48,186,255,174,23,655,Match Report
401,Burnley,2019-12-26,Everton,eng Premier League,L 0-1,0,1,-1,33,0,0,0,0,395,68,153,177,66,8,395,Match Report
402,Leicester City,2019-12-26,Liverpool,eng Premier League,L 0-4,0,4,-4,41,0,0,0,0,581,98,255,208,99,8,581,Match Report
403,Watford,2019-12-22,Manchester Utd,eng Premier League,W 2-0,2,0,+2,37,1,1,1,0,467,52,147,185,141,29,466,Match Report
404,Manchester Utd,2019-12-22,Watford,eng Premier League,L 0-2,0,2,-2,63,0,0,0,0,725,65,212,255,198,21,725,Match Report
405,Chelsea,2019-12-22,Tottenham,eng Premier League,W 2-0,2,0,+2,55,1,1,1,0,730,48,208,255,197,23,729,Match Report
406,Tottenham,2019-12-22,Chelsea,eng Premier League,L 0-2,0,2,-2,45,0,0,0,0,615,62,200,255,114,14,615,Match Report
407,Everton,2019-12-21,Arsenal,eng Premier League,D 0-0,0,0,0,43,0,0,0,0,513,39,147,227,145,22,513,Match Report
408,Wolves,2019-12-21,Norwich City,eng Premier League,W 2-1,2,1,+1,50,2,0,0,0,582,47,156,255,151,22,582,Match Report
409,Brighton,2019-12-21,Sheffield Utd,eng Premier League,L 0-1,0,1,-1,69,0,0,0,0,800,66,245,255,208,26,800,Match Report
410,Aston Villa,2019-12-21,Southampton,eng Premier League,L 1-3,1,3,-2,56,1,0,0,0,620,62,192,255,176,28,620,Match Report
411,Newcastle Utd,2019-12-21,Crystal Palace,eng Premier League,W 1-0,1,0,+1,43,1,0,0,0,519,51,184,231,106,16,519,Match Report
412,Burnley,2019-12-21,Bournemouth,eng Premier League,W 1-0,1,0,+1,37,1,0,0,0,385,55,129,176,80,7,385,Match Report
413,Southampton,2019-12-21,Aston Villa,eng Premier League,W 3-1,3,1,+2,44,3,0,0,0,501,71,173,227,107,22,501,Match Report
414,Norwich City,2019-12-21,Wolves,eng Premier League,L 1-2,1,2,-1,50,1,0,0,0,593,55,177,255,116,11,593,Match Report
415,Bournemouth,2019-12-21,Burnley,eng Premier League,L 0-1,0,1,-1,63,0,0,0,0,596,62,225,222,154,13,596,Match Report
416,Manchester City,2019-12-21,Leicester City,eng Premier League,W 3-1,3,1,+2,62,2,1,1,0,829,63,189,255,230,44,828,Match Report
417,Crystal Palace,2019-12-21,Newcastle Utd,eng Premier League,L 0-1,0,1,-1,57,0,0,0,0,662,52,188,255,158,31,662,Match Report
418,Leicester City,2019-12-21,Manchester City,eng Premier League,L 1-3,1,3,-2,38,1,0,0,0,549,100,255,207,56,8,549,Match Report
419,Sheffield Utd,2019-12-21,Brighton,eng Premier League,W 1-0,1,0,+1,31,1,0,0,0,437,65,179,175,88,12,437,Match Report
420,Arsenal,2019-12-21,Everton,eng Premier League,D 0-0,0,0,0,57,0,0,0,0,649,76,255,255,107,8,649,Match Report
421,Brighton,2019-12-16,Crystal Palace,eng Premier League,D 1-1,1,1,0,65,1,0,0,0,771,57,182,255,255,28,771,Match Report
422,Crystal Palace,2019-12-16,Brighton,eng Premier League,D 1-1,1,1,0,35,1,0,0,0,489,76,215,197,82,15,489,Match Report
423,Manchester City,2019-12-15,Arsenal,eng Premier League,W 3-0,3,0,+3,57,3,0,0,0,815,60,209,255,175,16,815,Match Report
424,Everton,2019-12-15,Manchester Utd,eng Premier League,D 1-1,1,1,0,34,0,0,0,0,443,75,163,155,132,17,443,Match Report
425,Wolves,2019-12-15,Tottenham,eng Premier League,L 1-2,1,2,-1,58,1,0,0,0,649,52,148,255,205,33,649,Match Report
426,Tottenham,2019-12-15,Wolves,eng Premier League,W 2-1,2,1,+1,42,2,0,0,0,546,78,200,255,68,17,546,Match Report
427,Arsenal,2019-12-15,Manchester City,eng Premier League,L 0-3,0,3,-3,43,0,0,0,0,627,70,238,255,122,14,627,Match Report
428,Manchester Utd,2019-12-15,Everton,eng Premier League,D 1-1,1,1,0,66,1,0,0,0,720,51,207,255,221,22,720,Match Report
429,Leicester City,2019-12-14,Norwich City,eng Premier League,D 1-1,1,1,0,57,0,0,0,0,702,41,167,255,240,29,702,Match Report
430,Aston Villa,2019-12-14,Sheffield Utd,eng Premier League,L 0-2,0,2,-2,44,0,0,1,1,566,89,237,234,97,8,565,Match Report
431,Liverpool,2019-12-14,Watford,eng Premier League,W 2-0,2,0,+2,68,2,0,0,0,818,54,213,255,182,30,818,Match Report
432,West Ham,2019-12-14,Southampton,eng Premier League,W 1-0,1,0,+1,43,1,0,0,0,525,55,178,216,134,21,525,Match Report
433,Chelsea,2019-12-14,Bournemouth,eng Premier League,L 0-1,0,1,-1,66,0,0,0,0,787,74,198,255,225,33,787,Match Report
434,Southampton,2019-12-14,West Ham,eng Premier League,L 0-1,0,1,-1,57,0,0,0,0,666,47,172,255,163,23,666,Match Report
435,Sheffield Utd,2019-12-14,Aston Villa,eng Premier League,W 2-0,2,0,+2,56,2,0,0,0,681,42,140,255,238,34,681,Match Report
436,Newcastle Utd,2019-12-14,Burnley,eng Premier League,L 0-1,0,1,-1,52,0,0,0,0,538,43,170,244,133,9,538,Match Report
437,Norwich City,2019-12-14,Leicester City,eng Premier League,D 1-1,1,1,0,43,1,0,0,0,564,85,212,252,106,14,564,Match Report
438,Burnley,2019-12-14,Newcastle Utd,eng Premier League,W 1-0,1,0,+1,48,1,0,0,0,522,47,139,255,101,15,522,Match Report
439,Bournemouth,2019-12-14,Chelsea,eng Premier League,W 1-0,1,0,+1,34,1,0,0,0,497,97,239,153,110,23,497,Match Report
440,Watford,2019-12-14,Liverpool,eng Premier League,L 0-2,0,2,-2,32,0,0,0,0,475,72,176,210,96,16,475,Match Report
441,West Ham,2019-12-09,Arsenal,eng Premier League,L 1-3,1,3,-2,36,1,0,0,0,512,34,100,210,205,25,512,Match Report
442,Arsenal,2019-12-09,West Ham,eng Premier League,W 3-1,3,1,+2,64,3,0,0,0,819,96,255,255,144,20,819,Match Report
443,Sheffield Utd,2019-12-08,Norwich City,eng Premier League,W 2-1,2,1,+1,42,2,0,0,0,589,68,183,255,148,18,589,Match Report
444,Norwich City,2019-12-08,Sheffield Utd,eng Premier League,L 1-2,1,2,-1,58,1,0,0,0,742,85,255,255,185,26,742,Match Report
445,Newcastle Utd,2019-12-08,Southampton,eng Premier League,W 2-1,2,1,+1,46,2,0,0,0,530,73,185,223,128,17,530,Match Report
446,Leicester City,2019-12-08,Aston Villa,eng Premier League,W 4-1,4,1,+3,59,4,0,0,0,650,62,174,255,174,46,650,Match Report
447,Brighton,2019-12-08,Wolves,eng Premier League,D 2-2,2,2,0,61,2,0,0,0,718,76,207,255,148,18,718,Match Report
448,Aston Villa,2019-12-08,Leicester City,eng Premier League,L 1-4,1,4,-3,41,1,0,0,0,485,76,147,158,185,38,485,Match Report
449,Southampton,2019-12-08,Newcastle Utd,eng Premier League,L 1-2,1,2,-1,54,1,0,0,0,593,52,154,255,159,31,593,Match Report
450,Wolves,2019-12-08,Brighton,eng Premier League,D 2-2,2,2,0,39,2,0,0,0,488,51,152,228,114,27,488,Match Report
451,Manchester City,2019-12-07,Manchester Utd,eng Premier League,L 1-2,1,2,-1,72,1,0,0,0,840,39,98,255,255,75,840,Match Report
452,Crystal Palace,2019-12-07,Watford,eng Premier League,D 0-0,0,0,0,49,0,0,0,0,543,70,226,231,92,8,543,Match Report
453,Burnley,2019-12-07,Tottenham,eng Premier League,L 0-5,0,5,-5,51,0,0,0,0,635,51,163,255,130,13,635,Match Report
454,Watford,2019-12-07,Crystal Palace,eng Premier League,D 0-0,0,0,0,51,0,0,0,0,543,43,143,254,152,23,543,Match Report
455,Liverpool,2019-12-07,Bournemouth,eng Premier League,W 3-0,3,0,+3,73,3,0,0,0,987,31,180,255,237,39,987,Match Report
456,Tottenham,2019-12-07,Burnley,eng Premier League,W 5-0,5,0,+5,49,5,0,0,0,624,71,252,255,101,18,624,Match Report
457,Manchester Utd,2019-12-07,Manchester City,eng Premier League,W 2-1,2,1,+1,28,1,1,1,0,441,109,242,125,78,15,440,Match Report
458,Everton,2019-12-07,Chelsea,eng Premier League,W 3-1,3,1,+2,31,3,0,0,0,439,64,163,157,123,24,439,Match Report
459,Chelsea,2019-12-07,Everton,eng Premier League,L 1-3,1,3,-2,69,1,0,0,0,777,57,242,255,193,35,777,Match Report
460,Bournemouth,2019-12-07,Liverpool,eng Premier League,L 0-3,0,3,-3,27,0,0,0,0,441,95,242,150,53,6,441,Match Report
461,Brighton,2019-12-05,Arsenal,eng Premier League,W 2-1,2,1,+1,50,2,0,0,0,564,62,174,255,138,28,564,Match Report
462,Newcastle Utd,2019-12-05,Sheffield Utd,eng Premier League,W 2-0,2,0,+2,27,2,0,0,0,415,85,204,134,85,13,415,Match Report
463,Sheffield Utd,2019-12-05,Newcastle Utd,eng Premier League,L 0-2,0,2,-2,73,0,0,0,0,852,41,140,255,255,29,852,Match Report
464,Arsenal,2019-12-05,Brighton,eng Premier League,L 1-2,1,2,-1,50,1,0,0,0,567,76,216,207,150,23,567,Match Report
465,Tottenham,2019-12-04,Manchester Utd,eng Premier League,L 1-2,1,2,-1,53,1,0,0,0,660,70,198,255,130,12,660,Match Report
466,Southampton,2019-12-04,Norwich City,eng Premier League,W 2-1,2,1,+1,40,2,0,0,0,553,32,105,255,154,32,553,Match Report
467,Leicester City,2019-12-04,Watford,eng Premier League,W 2-0,2,0,+2,62,1,1,1,0,721,43,207,255,171,18,720,Match Report
468,Norwich City,2019-12-04,Southampton,eng Premier League,L 1-2,1,2,-1,60,1,0,0,0,751,104,255,255,126,15,751,Match Report
469,Manchester Utd,2019-12-04,Tottenham,eng Premier League,W 2-1,2,1,+1,47,1,1,1,0,599,54,179,255,155,21,598,Match Report
470,Wolves,2019-12-04,West Ham,eng Premier League,W 2-0,2,0,+2,50,2,0,0,0,636,44,155,255,164,29,636,Match Report
471,Chelsea,2019-12-04,Aston Villa,eng Premier League,W 2-1,2,1,+1,64,2,0,0,0,827,57,198,255,233,43,827,Match Report
472,West Ham,2019-12-04,Wolves,eng Premier League,L 0-2,0,2,-2,50,0,0,0,0,640,43,134,255,124,11,640,Match Report
473,Watford,2019-12-04,Leicester City,eng Premier League,L 0-2,0,2,-2,38,0,0,0,0,503,51,132,250,124,19,503,Match Report
474,Aston Villa,2019-12-04,Chelsea,eng Premier League,L 1-2,1,2,-1,36,1,0,0,0,557,80,192,234,134,14,557,Match Report
475,Liverpool,2019-12-04,Everton,eng Premier League,W 5-2,5,2,+3,58,5,0,0,0,661,75,245,255,118,19,661,Match Report
476,Everton,2019-12-04,Liverpool,eng Premier League,L 2-5,2,5,-3,42,2,0,0,0,503,45,160,237,113,21,503,Match Report
477,Bournemouth,2019-12-03,Crystal Palace,eng Premier League,L 0-1,0,1,-1,68,0,0,0,0,739,48,189,255,222,29,739,Match Report
478,Crystal Palace,2019-12-03,Bournemouth,eng Premier League,W 1-0,1,0,+1,32,1,0,0,0,417,70,143,156,122,25,417,Match Report
479,Manchester City,2019-12-03,Burnley,eng Premier League,W 4-1,4,1,+3,75,4,0,0,0,917,57,204,255,255,34,917,Match Report
480,Burnley,2019-12-03,Manchester City,eng Premier League,L 1-4,1,4,-3,25,1,0,0,0,397,74,140,174,84,12,397,Match Report
481,Norwich City,2019-12-01,Arsenal,eng Premier League,D 2-2,2,2,0,40,2,0,0,0,539,91,224,202,121,21,539,Match Report
482,Aston Villa,2019-12-01,Manchester Utd,eng Premier League,D 2-2,2,2,0,38,2,0,0,0,465,79,171,184,115,16,465,Match Report
483,Arsenal,2019-12-01,Norwich City,eng Premier League,D 2-2,2,2,0,60,1,1,1,0,711,57,189,255,217,44,710,Match Report
484,Wolves,2019-12-01,Sheffield Utd,eng Premier League,D 1-1,1,1,0,59,1,0,0,0,670,46,186,255,155,28,670,Match Report
485,Manchester Utd,2019-12-01,Aston Villa,eng Premier League,D 2-2,2,2,0,62,1,0,0,0,691,57,212,255,217,37,691,Match Report
486,Sheffield Utd,2019-12-01,Wolves,eng Premier League,D 1-1,1,1,0,41,1,0,0,0,543,72,179,210,156,21,543,Match Report
487,Everton,2019-12-01,Leicester City,eng Premier League,L 1-2,1,2,-1,32,1,0,0,0,465,74,178,171,119,19,465,Match Report
488,Leicester City,2019-12-01,Everton,eng Premier League,W 2-1,2,1,+1,68,2,0,0,0,821,52,197,255,213,35,821,Match Report
489,Southampton,2019-11-30,Watford,eng Premier League,W 2-1,2,1,+1,63,2,0,0,0,739,53,158,255,197,23,739,Match Report
490,Watford,2019-11-30,Southampton,eng Premier League,L 1-2,1,2,-1,37,1,0,0,0,489,58,187,204,105,13,489,Match Report
491,Bournemouth,2019-11-30,Tottenham,eng Premier League,L 2-3,2,3,-1,48,2,0,0,0,609,69,222,255,139,26,609,Match Report
492,Burnley,2019-11-30,Crystal Palace,eng Premier League,L 0-2,0,2,-2,44,0,0,0,0,518,48,122,255,118,23,518,Match Report
493,Tottenham,2019-11-30,Bournemouth,eng Premier League,W 3-2,3,2,+1,52,3,0,0,0,665,81,184,255,156,27,665,Match Report
494,Chelsea,2019-11-30,West Ham,eng Premier League,L 0-1,0,1,-1,66,0,0,0,0,859,42,207,255,255,29,859,Match Report
495,Crystal Palace,2019-11-30,Burnley,eng Premier League,W 2-0,2,0,+2,56,2,0,0,0,639,71,241,255,106,19,639,Match Report
496,Manchester City,2019-11-30,Newcastle Utd,eng Premier League,D 2-2,2,2,0,75,2,0,0,0,928,37,118,255,255,43,928,Match Report
497,Newcastle Utd,2019-11-30,Manchester City,eng Premier League,D 2-2,2,2,0,25,2,0,0,0,417,104,221,143,59,3,417,Match Report
498,West Ham,2019-11-30,Chelsea,eng Premier League,W 1-0,1,0,+1,34,1,0,0,0,518,79,190,215,119,13,518,Match Report
499,Liverpool,2019-11-30,Brighton,eng Premier League,W 2-1,2,1,+1,44,2,0,0,0,623,70,211,255,134,32,623,Match Report
500,Brighton,2019-11-30,Liverpool,eng Premier League,L 1-2,1,2,-1,56,1,0,0,0,767,93,255,255,174,9,767,Match Report
501,Newcastle Utd,2019-11-25,Aston Villa,eng Premier League,L 0-2,0,2,-2,39,0,0,0,0,467,75,173,170,129,13,467,Match Report
502,Aston Villa,2019-11-25,Newcastle Utd,eng Premier League,W 2-0,2,0,+2,61,2,0,0,0,655,53,171,255,212,32,655,Match Report
503,Sheffield Utd,2019-11-24,Manchester Utd,eng Premier League,D 3-3,3,3,0,41,3,0,0,0,548,45,153,227,171,15,548,Match Report
504,Manchester Utd,2019-11-24,Sheffield Utd,eng Premier League,D 3-3,3,3,0,59,3,0,0,0,755,62,211,255,158,15,755,Match Report
505,Southampton,2019-11-23,Arsenal,eng Premier League,D 2-2,2,2,0,39,2,0,1,1,493,62,146,209,143,31,493,Match Report
506,Everton,2019-11-23,Norwich City,eng Premier League,L 0-2,0,2,-2,57,0,0,0,0,589,56,177,234,185,41,589,Match Report
507,Burnley,2019-11-23,Watford,eng Premier League,W 3-0,3,0,+3,38,2,1,1,0,391,71,143,161,89,15,390,Match Report
508,Arsenal,2019-11-23,Southampton,eng Premier League,D 2-2,2,2,0,61,2,0,0,0,670,65,210,255,161,27,670,Match Report
509,West Ham,2019-11-23,Tottenham,eng Premier League,L 2-3,2,3,-1,48,2,0,0,0,571,42,139,255,137,17,571,Match Report
510,Liverpool,2019-11-23,Crystal Palace,eng Premier League,W 2-1,2,1,+1,60,2,0,0,0,677,71,180,255,164,19,677,Match Report
511,Wolves,2019-11-23,Bournemouth,eng Premier League,W 2-1,2,1,+1,53,2,0,0,0,662,55,167,255,149,25,662,Match Report
512,Tottenham,2019-11-23,West Ham,eng Premier League,W 3-2,3,2,+1,52,3,0,0,0,615,54,168,255,111,15,615,Match Report
513,Bournemouth,2019-11-23,Wolves,eng Premier League,L 1-2,1,2,-1,47,1,0,0,0,578,54,194,255,114,13,578,Match Report
514,Watford,2019-11-23,Burnley,eng Premier League,L 0-3,0,3,-3,62,0,0,0,0,560,37,174,221,169,26,560,Match Report
515,Brighton,2019-11-23,Leicester City,eng Premier League,L 0-2,0,2,-2,53,0,0,0,0,628,72,192,247,194,18,628,Match Report
516,Chelsea,2019-11-23,Manchester City,eng Premier League,L 1-2,1,2,-1,53,1,0,0,0,782,111,255,255,121,20,782,Match Report
517,Manchester City,2019-11-23,Chelsea,eng Premier League,W 2-1,2,1,+1,47,2,0,0,0,691,65,184,255,160,27,691,Match Report
518,Leicester City,2019-11-23,Brighton,eng Premier League,W 2-0,2,0,+2,47,1,1,1,0,567,63,220,229,127,36,566,Match Report
519,Norwich City,2019-11-23,Everton,eng Premier League,W 2-0,2,0,+2,43,2,0,0,0,494,87,193,182,123,22,494,Match Report
520,Crystal Palace,2019-11-23,Liverpool,eng Premier League,L 1-2,1,2,-1,40,1,0,0,0,513,79,207,180,128,25,513,Match Report
521,Brighton,2019-11-10,Manchester Utd,eng Premier League,L 1-3,1,3,-2,58,1,0,0,0,659,85,240,255,121,9,659,Match Report
522,Wolves,2019-11-10,Aston Villa,eng Premier League,W 2-1,2,1,+1,50,2,0,0,0,554,60,188,231,143,33,554,Match Report
523,Aston Villa,2019-11-10,Wolves,eng Premier League,L 1-2,1,2,-1,50,1,0,0,0,547,68,197,243,119,10,547,Match Report
524,Liverpool,2019-11-10,Manchester City,eng Premier League,W 3-1,3,1,+2,45,3,0,0,0,579,115,255,203,103,22,579,Match Report
525,Manchester Utd,2019-11-10,Brighton,eng Premier League,W 3-1,3,1,+2,42,3,0,0,0,520,34,177,196,151,29,520,Match Report
526,Manchester City,2019-11-10,Liverpool,eng Premier League,L 1-3,1,3,-2,55,1,0,0,0,673,78,203,255,212,43,673,Match Report
527,Leicester City,2019-11-09,Arsenal,eng Premier League,W 2-0,2,0,+2,51,2,0,0,0,654,51,128,255,197,36,654,Match Report
528,Tottenham,2019-11-09,Sheffield Utd,eng Premier League,D 1-1,1,1,0,61,1,0,0,0,767,66,251,255,195,21,767,Match Report
529,Everton,2019-11-09,Southampton,eng Premier League,W 2-1,2,1,+1,53,2,0,0,0,561,50,149,236,184,44,561,Match Report
530,Sheffield Utd,2019-11-09,Tottenham,eng Premier League,D 1-1,1,1,0,39,1,0,0,0,556,61,162,225,170,16,556,Match Report
531,Chelsea,2019-11-09,Crystal Palace,eng Premier League,W 2-0,2,0,+2,60,2,0,0,0,726,42,173,255,220,26,726,Match Report
532,Newcastle Utd,2019-11-09,Bournemouth,eng Premier League,W 2-1,2,1,+1,35,2,0,0,0,456,64,170,176,117,21,456,Match Report
533,Burnley,2019-11-09,West Ham,eng Premier League,W 3-0,3,0,+3,41,2,0,0,0,467,50,112,241,118,18,467,Match Report
534,West Ham,2019-11-09,Burnley,eng Premier League,L 0-3,0,3,-3,59,0,0,0,0,597,67,180,255,129,15,597,Match Report
535,Arsenal,2019-11-09,Leicester City,eng Premier League,L 0-2,0,2,-2,49,0,0,0,0,626,87,255,248,131,15,626,Match Report
536,Bournemouth,2019-11-09,Newcastle Utd,eng Premier League,L 1-2,1,2,-1,65,1,0,0,0,744,66,214,255,173,25,744,Match Report
537,Crystal Palace,2019-11-09,Chelsea,eng Premier League,L 0-2,0,2,-2,40,0,0,0,0,518,58,179,253,90,7,518,Match Report
538,Southampton,2019-11-09,Everton,eng Premier League,L 1-2,1,2,-1,47,1,0,0,0,506,78,184,245,85,7,506,Match Report
539,Watford,2019-11-08,Norwich City,eng Premier League,W 2-0,2,0,+2,34,2,0,0,0,486,79,185,194,113,18,486,Match Report
540,Norwich City,2019-11-08,Watford,eng Premier League,L 0-2,0,2,-2,66,0,0,0,0,777,53,215,255,223,30,777,Match Report
541,Everton,2019-11-03,Tottenham,eng Premier League,D 1-1,1,1,0,47,1,0,0,0,528,42,154,210,171,27,528,Match Report
542,Leicester City,2019-11-03,Crystal Palace,eng Premier League,W 2-0,2,0,+2,55,2,0,0,0,598,66,216,255,117,24,598,Match Report
543,Crystal Palace,2019-11-03,Leicester City,eng Premier League,L 0-2,0,2,-2,45,0,0,0,0,501,43,167,223,118,12,501,Match Report
544,Tottenham,2019-11-03,Everton,eng Premier League,D 1-1,1,1,0,53,1,0,0,0,610,76,217,255,84,8,610,Match Report
545,Wolves,2019-11-02,Arsenal,eng Premier League,D 1-1,1,1,0,43,1,0,0,0,577,68,184,219,179,32,577,Match Report
546,Bournemouth,2019-11-02,Manchester Utd,eng Premier League,W 1-0,1,0,+1,43,1,0,0,0,546,79,208,204,141,23,546,Match Report
547,Brighton,2019-11-02,Norwich City,eng Premier League,W 2-0,2,0,+2,58,2,0,0,0,691,45,173,255,215,42,691,Match Report
548,Burnley,2019-11-02,Sheffield Utd,eng Premier League,L 0-3,0,3,-3,55,0,0,0,0,606,55,178,255,127,11,606,Match Report
549,Chelsea,2019-11-02,Watford,eng Premier League,W 2-1,2,1,+1,67,2,0,0,0,954,79,255,255,185,24,954,Match Report
550,Manchester City,2019-11-02,Southampton,eng Premier League,W 2-1,2,1,+1,75,2,0,0,0,835,22,95,255,255,80,835,Match Report
551,Manchester Utd,2019-11-02,Bournemouth,eng Premier League,L 0-1,0,1,-1,57,0,0,0,0,665,50,179,255,183,16,665,Match Report
552,Newcastle Utd,2019-11-02,West Ham,eng Premier League,W 3-2,3,2,+1,30,3,0,0,0,415,80,170,150,104,18,415,Match Report
553,Liverpool,2019-11-02,Aston Villa,eng Premier League,W 2-1,2,1,+1,73,2,0,0,0,831,38,172,255,255,46,831,Match Report
554,Arsenal,2019-11-02,Wolves,eng Premier League,D 1-1,1,1,0,57,1,0,0,0,718,82,216,255,211,26,718,Match Report
555,Sheffield Utd,2019-11-02,Burnley,eng Premier League,W 3-0,3,0,+3,45,3,0,0,0,526,58,168,210,151,25,526,Match Report
556,West Ham,2019-11-02,Newcastle Utd,eng Premier League,L 2-3,2,3,-1,70,2,0,0,0,758,45,144,255,255,35,758,Match Report
557,Southampton,2019-11-02,Manchester City,eng Premier League,L 1-2,1,2,-1,25,1,0,0,0,427,154,248,129,58,4,427,Match Report
558,Watford,2019-11-02,Chelsea,eng Premier League,L 1-2,1,2,-1,33,0,1,1,0,527,55,148,250,132,22,526,Match Report
559,Norwich City,2019-11-02,Brighton,eng Premier League,L 0-2,0,2,-2,42,0,0,0,0,525,83,198,244,92,14,525,Match Report
560,Aston Villa,2019-11-02,Liverpool,eng Premier League,L 1-2,1,2,-1,27,1,0,0,0,416,105,216,117,87,11,416,Match Report
561,Crystal Palace,2019-10-27,Arsenal,eng Premier League,D 2-2,2,2,0,44,1,1,1,0,506,74,174,201,139,22,505,Match Report
562,Norwich City,2019-10-27,Manchester Utd,eng Premier League,L 1-3,1,3,-2,46,1,0,0,0,577,88,255,233,98,15,577,Match Report
563,Manchester Utd,2019-10-27,Norwich City,eng Premier League,W 3-1,3,1,+2,54,3,0,2,2,640,37,122,255,220,25,638,Match Report
564,Liverpool,2019-10-27,Tottenham,eng Premier League,W 2-1,2,1,+1,67,1,1,1,0,802,51,148,255,255,38,801,Match Report
565,Arsenal,2019-10-27,Crystal Palace,eng Premier League,D 2-2,2,2,0,56,2,0,0,0,607,47,187,255,162,26,607,Match Report
566,Newcastle Utd,2019-10-27,Wolves,eng Premier League,D 1-1,1,1,0,44,1,0,0,0,550,62,167,255,106,21,550,Match Report
567,Wolves,2019-10-27,Newcastle Utd,eng Premier League,D 1-1,1,1,0,56,1,0,0,0,692,47,157,255,160,26,692,Match Report
568,Tottenham,2019-10-27,Liverpool,eng Premier League,L 1-2,1,2,-1,33,1,0,0,0,477,95,221,181,83,17,477,Match Report
569,West Ham,2019-10-26,Sheffield Utd,eng Premier League,D 1-1,1,1,0,60,1,0,0,0,693,44,169,255,157,29,693,Match Report
570,Bournemouth,2019-10-26,Watford,eng Premier League,D 0-0,0,0,0,59,0,0,0,0,666,65,255,255,128,15,666,Match Report
571,Watford,2019-10-26,Bournemouth,eng Premier League,D 0-0,0,0,0,41,0,0,0,0,511,64,153,246,122,13,511,Match Report
572,Sheffield Utd,2019-10-26,West Ham,eng Premier League,D 1-1,1,1,0,40,1,0,0,0,520,73,183,229,113,18,520,Match Report
573,Manchester City,2019-10-26,Aston Villa,eng Premier League,W 3-0,3,0,+3,63,3,0,0,0,761,65,158,255,255,63,761,Match Report
574,Chelsea,2019-10-26,Burnley,eng Premier League,W 4-2,4,2,+2,63,4,0,0,0,849,78,255,255,160,24,849,Match Report
575,Aston Villa,2019-10-26,Manchester City,eng Premier League,L 0-3,0,3,-3,37,0,0,0,0,502,109,238,163,108,17,502,Match Report
576,Burnley,2019-10-26,Chelsea,eng Premier League,L 2-4,2,4,-2,37,2,0,0,0,539,43,112,255,136,21,539,Match Report
577,Everton,2019-10-26,Brighton,eng Premier League,L 2-3,2,3,-1,45,1,0,0,0,577,57,186,255,117,17,577,Match Report
578,Brighton,2019-10-26,Everton,eng Premier League,W 3-2,3,2,+1,55,1,1,1,0,677,77,255,255,121,16,676,Match Report
579,Leicester City,2019-10-25,Southampton,eng Premier League,W 9-0,9,0,+9,72,8,1,1,0,886,36,203,255,255,38,885,Match Report
580,Southampton,2019-10-25,Leicester City,eng Premier League,L 0-9,0,9,-9,28,0,0,0,0,434,55,140,219,80,8,434,Match Report
581,Sheffield Utd,2019-10-21,Arsenal,eng Premier League,W 1-0,1,0,+1,33,1,0,0,0,463,68,159,163,146,23,463,Match Report
582,Arsenal,2019-10-21,Sheffield Utd,eng Premier League,L 0-1,0,1,-1,67,0,0,0,0,788,79,247,255,239,27,788,Match Report
583,Liverpool,2019-10-20,Manchester Utd,eng Premier League,D 1-1,1,1,0,66,1,0,0,0,813,53,205,255,193,13,813,Match Report
584,Manchester Utd,2019-10-20,Liverpool,eng Premier League,D 1-1,1,1,0,34,1,0,0,0,476,65,181,190,108,11,476,Match Report
585,Bournemouth,2019-10-19,Norwich City,eng Premier League,D 0-0,0,0,0,48,0,0,0,0,585,57,174,243,170,24,585,Match Report
586,Tottenham,2019-10-19,Watford,eng Premier League,D 1-1,1,1,0,69,1,0,0,0,865,35,142,255,255,24,865,Match Report
587,Wolves,2019-10-19,Southampton,eng Premier League,D 1-1,1,1,0,57,0,1,1,0,647,51,204,255,115,11,646,Match Report
588,Watford,2019-10-19,Tottenham,eng Premier League,D 1-1,1,1,0,31,1,0,0,0,469,86,206,216,53,10,469,Match Report
589,Manchester City,2019-10-19,Crystal Palace,eng Premier League,W 2-0,2,0,+2,71,2,0,0,0,835,40,172,255,255,46,835,Match Report
590,Norwich City,2019-10-19,Bournemouth,eng Premier League,D 0-0,0,0,0,52,0,0,0,0,631,84,255,231,145,20,631,Match Report
591,Everton,2019-10-19,West Ham,eng Premier League,W 2-0,2,0,+2,51,2,0,0,0,563,52,152,245,175,34,563,Match Report
592,Brighton,2019-10-19,Aston Villa,eng Premier League,L 1-2,1,2,-1,51,1,0,0,0,626,107,250,223,158,28,626,Match Report
593,Southampton,2019-10-19,Wolves,eng Premier League,D 1-1,1,1,0,43,1,0,0,0,535,50,136,255,104,17,535,Match Report
594,Leicester City,2019-10-19,Burnley,eng Premier League,W 2-1,2,1,+1,63,2,0,0,0,736,60,248,255,200,26,736,Match Report
595,Burnley,2019-10-19,Leicester City,eng Premier League,L 1-2,1,2,-1,37,1,0,0,0,476,51,114,213,151,13,476,Match Report
596,Chelsea,2019-10-19,Newcastle Utd,eng Premier League,W 1-0,1,0,+1,71,1,0,0,0,811,34,164,255,230,33,811,Match Report
597,Crystal Palace,2019-10-19,Manchester City,eng Premier League,L 0-2,0,2,-2,29,0,0,0,0,433,81,182,159,98,10,433,Match Report
598,Newcastle Utd,2019-10-19,Chelsea,eng Premier League,L 0-1,0,1,-1,29,0,0,0,0,409,69,161,156,99,6,409,Match Report
599,Aston Villa,2019-10-19,Brighton,eng Premier League,W 2-1,2,1,+1,49,2,0,0,0,605,66,147,226,244,40,605,Match Report
600,West Ham,2019-10-19,Everton,eng Premier League,L 0-2,0,2,-2,49,0,0,0,0,536,86,223,223,98,13,536,Match Report
601,Bournemouth,2019-10-06,Arsenal,eng Premier League,L 0-1,0,1,-1,47,0,0,0,0,596,83,246,251,105,17,596,Match Report
602,Newcastle Utd,2019-10-06,Manchester Utd,eng Premier League,W 1-0,1,0,+1,32,1,0,0,0,419,52,166,193,68,13,419,Match Report
603,Chelsea,2019-10-06,Southampton,eng Premier League,W 4-1,4,1,+3,57,4,0,0,0,686,57,233,255,129,20,686,Match Report
604,Arsenal,2019-10-06,Bournemouth,eng Premier League,W 1-0,1,0,+1,53,1,0,0,0,618,58,177,255,165,36,618,Match Report
605,Manchester City,2019-10-06,Wolves,eng Premier League,L 0-2,0,2,-2,75,0,0,0,0,880,37,121,255,255,41,880,Match Report
606,Manchester Utd,2019-10-06,Newcastle Utd,eng Premier League,L 0-1,0,1,-1,68,0,0,0,0,736,38,123,255,184,16,736,Match Report
607,Wolves,2019-10-06,Manchester City,eng Premier League,W 2-0,2,0,+2,25,2,0,0,0,390,92,221,129,48,9,390,Match Report
608,Southampton,2019-10-06,Chelsea,eng Premier League,L 1-4,1,4,-3,43,1,0,0,0,551,52,173,255,118,13,551,Match Report
609,Aston Villa,2019-10-05,Norwich City,eng Premier League,W 5-1,5,1,+4,43,5,0,1,1,534,91,206,187,144,23,533,Match Report
610,Watford,2019-10-05,Sheffield Utd,eng Premier League,D 0-0,0,0,0,40,0,0,0,0,515,64,171,208,144,16,515,Match Report
611,Sheffield Utd,2019-10-05,Watford,eng Premier League,D 0-0,0,0,0,60,0,0,0,0,728,56,209,255,178,20,728,Match Report
612,Brighton,2019-10-05,Tottenham,eng Premier League,W 3-0,3,0,+3,48,3,0,0,0,677,69,180,255,213,27,677,Match Report
613,West Ham,2019-10-05,Crystal Palace,eng Premier League,L 1-2,1,2,-1,52,1,0,0,0,652,51,151,255,135,17,652,Match Report
614,Crystal Palace,2019-10-05,West Ham,eng Premier League,W 2-1,2,1,+1,48,1,1,1,0,627,52,189,255,133,21,626,Match Report
615,Norwich City,2019-10-05,Aston Villa,eng Premier League,L 1-5,1,5,-4,57,1,0,0,0,649,84,210,220,227,51,649,Match Report
616,Everton,2019-10-05,Burnley,eng Premier League,L 0-1,0,1,-1,58,0,0,0,0,610,59,200,255,140,20,610,Match Report
617,Liverpool,2019-10-05,Leicester City,eng Premier League,W 2-1,2,1,+1,51,1,1,1,0,685,65,197,255,177,31,684,Match Report
618,Tottenham,2019-10-05,Brighton,eng Premier League,L 0-3,0,3,-3,52,0,0,0,0,709,90,255,255,144,17,709,Match Report
619,Burnley,2019-10-05,Everton,eng Premier League,W 1-0,1,0,+1,42,1,0,0,0,485,56,149,238,104,21,485,Match Report
620,Leicester City,2019-10-05,Liverpool,eng Premier League,L 1-2,1,2,-1,49,1,0,0,0,634,75,253,251,139,15,634,Match Report
621,Manchester Utd,2019-09-30,Arsenal,eng Premier League,D 1-1,1,1,0,55,1,0,0,0,592,55,163,255,153,25,592,Match Report
622,Arsenal,2019-09-30,Manchester Utd,eng Premier League,D 1-1,1,1,0,45,1,0,0,0,525,69,188,200,144,21,525,Match Report
623,Newcastle Utd,2019-09-29,Leicester City,eng Premier League,L 0-5,0,5,-5,32,0,0,0,0,478,54,201,215,66,3,478,Match Report
624,Leicester City,2019-09-29,Newcastle Utd,eng Premier League,W 5-0,5,0,+5,68,4,0,0,0,891,32,170,255,255,28,891,Match Report
625,Crystal Palace,2019-09-28,Norwich City,eng Premier League,W 2-0,2,0,+2,45,1,1,1,0,582,45,144,230,217,27,581,Match Report
626,Liverpool,2019-09-28,Sheffield Utd,eng Premier League,W 1-0,1,0,+1,70,1,0,0,0,866,71,218,255,207,26,866,Match Report
627,Wolves,2019-09-28,Watford,eng Premier League,W 2-0,2,0,+2,39,1,0,0,0,550,64,205,255,86,13,550,Match Report
628,Tottenham,2019-09-28,Southampton,eng Premier League,W 2-1,2,1,+1,42,2,0,0,0,533,76,223,211,102,20,533,Match Report
629,Southampton,2019-09-28,Tottenham,eng Premier League,L 1-2,1,2,-1,58,1,0,0,0,681,35,122,255,236,25,681,Match Report
630,Norwich City,2019-09-28,Crystal Palace,eng Premier League,L 0-2,0,2,-2,55,0,0,0,0,694,75,255,255,157,26,694,Match Report
631,West Ham,2019-09-28,Bournemouth,eng Premier League,D 2-2,2,2,0,50,2,0,0,0,628,50,157,255,168,30,628,Match Report
632,Bournemouth,2019-09-28,West Ham,eng Premier League,D 2-2,2,2,0,50,2,0,0,0,627,63,227,255,136,20,627,Match Report
633,Burnley,2019-09-28,Aston Villa,eng Premier League,D 2-2,2,2,0,40,2,0,0,0,416,59,121,218,82,13,416,Match Report
634,Watford,2019-09-28,Wolves,eng Premier League,L 0-2,0,2,-2,61,0,0,0,0,770,34,108,255,180,21,770,Match Report
635,Aston Villa,2019-09-28,Burnley,eng Premier League,D 2-2,2,2,0,60,2,0,0,0,581,39,170,241,175,14,581,Match Report
636,Everton,2019-09-28,Manchester City,eng Premier League,L 1-3,1,3,-2,37,1,0,0,0,496,76,197,183,123,24,496,Match Report
637,Brighton,2019-09-28,Chelsea,eng Premier League,L 0-2,0,2,-2,47,0,0,0,0,670,102,255,255,102,14,670,Match Report
638,Chelsea,2019-09-28,Brighton,eng Premier League,W 2-0,2,0,+2,53,1,1,1,0,722,62,212,255,194,32,721,Match Report
639,Manchester City,2019-09-28,Everton,eng Premier League,W 3-1,3,1,+2,63,3,0,0,0,779,59,190,255,192,29,779,Match Report
640,Sheffield Utd,2019-09-28,Liverpool,eng Premier League,L 0-1,0,1,-1,30,0,0,0,0,450,72,157,170,129,23,450,Match Report
641,Aston Villa,2019-09-22,Arsenal,eng Premier League,L 2-3,2,3,-1,42,2,0,0,0,482,75,179,183,132,17,482,Match Report
642,West Ham,2019-09-22,Manchester Utd,eng Premier League,W 2-0,2,0,+2,47,2,0,0,0,571,54,162,240,176,13,571,Match Report
643,Wolves,2019-09-22,Crystal Palace,eng Premier League,D 1-1,1,1,0,49,1,0,0,0,629,69,206,255,137,18,629,Match Report
644,Manchester Utd,2019-09-22,West Ham,eng Premier League,L 0-2,0,2,-2,53,0,0,0,0,621,55,181,255,137,18,621,Match Report
645,Arsenal,2019-09-22,Aston Villa,eng Premier League,W 3-2,3,2,+1,58,2,1,1,0,615,66,174,224,222,38,614,Match Report
646,Crystal Palace,2019-09-22,Wolves,eng Premier League,D 1-1,1,1,0,51,0,0,0,0,633,55,202,255,171,27,633,Match Report
647,Liverpool,2019-09-22,Chelsea,eng Premier League,W 2-1,2,1,+1,45,2,0,0,0,573,76,181,255,132,21,573,Match Report
648,Chelsea,2019-09-22,Liverpool,eng Premier League,L 1-2,1,2,-1,55,1,0,0,0,687,65,236,255,180,18,687,Match Report
649,Burnley,2019-09-21,Norwich City,eng Premier League,W 2-0,2,0,+2,42,2,0,0,0,518,45,114,237,170,23,518,Match Report
650,Everton,2019-09-21,Sheffield Utd,eng Premier League,L 0-2,0,2,-2,69,0,0,0,0,713,43,166,255,255,41,713,Match Report
651,Manchester City,2019-09-21,Watford,eng Premier League,W 8-0,8,0,+8,68,7,1,1,0,868,41,167,255,241,46,867,Match Report
652,Leicester City,2019-09-21,Tottenham,eng Premier League,W 2-1,2,1,+1,44,2,0,0,0,549,70,195,221,138,24,549,Match Report
653,Norwich City,2019-09-21,Burnley,eng Premier League,L 0-2,0,2,-2,58,0,0,0,0,675,92,255,240,164,23,675,Match Report
654,Tottenham,2019-09-21,Leicester City,eng Premier League,L 1-2,1,2,-1,56,1,0,0,0,658,75,172,255,190,26,658,Match Report
655,Brighton,2019-09-21,Newcastle Utd,eng Premier League,D 0-0,0,0,0,71,0,0,0,0,881,75,216,255,189,27,881,Match Report
656,Watford,2019-09-21,Manchester City,eng Premier League,L 0-8,0,8,-8,32,0,0,0,0,464,69,197,211,61,10,464,Match Report
657,Newcastle Utd,2019-09-21,Brighton,eng Premier League,D 0-0,0,0,0,29,0,0,0,0,428,60,152,189,98,19,428,Match Report
658,Sheffield Utd,2019-09-21,Everton,eng Premier League,W 2-0,2,0,+2,31,1,0,0,0,418,99,225,110,86,6,418,Match Report
659,Bournemouth,2019-09-20,Southampton,eng Premier League,W 3-1,3,1,+2,35,3,0,0,0,483,87,205,207,77,13,483,Match Report
660,Southampton,2019-09-20,Bournemouth,eng Premier League,L 1-3,1,3,-2,65,0,1,1,0,746,31,152,255,197,36,745,Match Report
661,Aston Villa,2019-09-16,West Ham,eng Premier League,D 0-0,0,0,0,46,0,0,0,0,566,55,178,246,151,19,566,Match Report
662,West Ham,2019-09-16,Aston Villa,eng Premier League,D 0-0,0,0,0,54,0,0,0,0,637,51,172,255,194,25,637,Match Report
663,Watford,2019-09-15,Arsenal,eng Premier League,D 2-2,2,2,0,52,1,1,1,0,640,30,119,255,238,46,639,Match Report
664,Arsenal,2019-09-15,Watford,eng Premier League,D 2-2,2,2,0,48,2,0,0,0,577,85,192,255,117,15,577,Match Report
665,Everton,2019-09-15,Bournemouth,eng Premier League,L 1-3,1,3,-2,59,1,0,0,0,643,49,177,255,153,26,643,Match Report
666,Bournemouth,2019-09-15,Everton,eng Premier League,W 3-1,3,1,+2,41,3,0,0,0,512,87,221,205,93,16,512,Match Report
667,Leicester City,2019-09-14,Manchester Utd,eng Premier League,L 0-1,0,1,-1,58,0,0,0,0,641,48,200,255,158,26,641,Match Report
668,Manchester City,2019-09-14,Norwich City,eng Premier League,L 2-3,2,3,-1,68,2,0,0,0,836,26,73,255,255,48,836,Match Report
669,Southampton,2019-09-14,Sheffield Utd,eng Premier League,W 1-0,1,0,+1,51,1,0,0,0,646,73,242,255,116,18,646,Match Report
670,Sheffield Utd,2019-09-14,Southampton,eng Premier League,L 0-1,0,1,-1,49,0,0,0,0,609,56,188,237,189,28,609,Match Report
671,Crystal Palace,2019-09-14,Tottenham,eng Premier League,L 0-4,0,4,-4,36,0,0,0,0,498,69,200,223,78,23,498,Match Report
672,Tottenham,2019-09-14,Crystal Palace,eng Premier League,W 4-0,4,0,+4,64,3,0,0,0,794,48,155,255,166,23,794,Match Report
673,Chelsea,2019-09-14,Wolves,eng Premier League,W 5-2,5,2,+3,54,5,0,0,0,741,78,255,255,132,23,741,Match Report
674,Brighton,2019-09-14,Burnley,eng Premier League,D 1-1,1,1,0,62,1,0,0,0,663,49,179,255,188,31,663,Match Report
675,Manchester Utd,2019-09-14,Leicester City,eng Premier League,W 1-0,1,0,+1,42,0,1,1,0,521,64,165,242,122,10,520,Match Report
676,Liverpool,2019-09-14,Newcastle Utd,eng Premier League,W 3-1,3,1,+2,74,3,0,0,0,994,38,137,255,255,45,994,Match Report
677,Norwich City,2019-09-14,Manchester City,eng Premier League,W 3-2,3,2,+1,32,3,0,0,0,492,145,255,128,56,15,492,Match Report
678,Wolves,2019-09-14,Chelsea,eng Premier League,L 2-5,2,5,-3,46,1,0,0,0,607,51,152,255,165,15,607,Match Report
679,Burnley,2019-09-14,Brighton,eng Premier League,D 1-1,1,1,0,38,1,0,0,0,462,66,147,214,107,8,462,Match Report
680,Newcastle Utd,2019-09-14,Liverpool,eng Premier League,L 1-3,1,3,-2,26,1,0,0,0,445,83,221,174,58,8,445,Match Report
681,Tottenham,2019-09-01,Arsenal,eng Premier League,D 2-2,2,2,0,45,1,1,1,0,528,108,245,199,89,17,527,Match Report
682,Arsenal,2019-09-01,Tottenham,eng Premier League,D 2-2,2,2,0,55,2,0,0,0,627,50,135,255,237,34,627,Match Report
683,Everton,2019-09-01,Wolves,eng Premier League,W 3-2,3,2,+1,58,3,0,0,0,646,77,173,255,179,31,646,Match Report
684,Wolves,2019-09-01,Everton,eng Premier League,L 2-3,2,3,-1,42,2,0,0,0,485,61,179,216,91,18,485,Match Report
685,Southampton,2019-08-31,Manchester Utd,eng Premier League,D 1-1,1,1,0,41,1,0,0,0,564,69,187,248,139,16,564,Match Report
686,West Ham,2019-08-31,Norwich City,eng Premier League,W 2-0,2,0,+2,48,2,0,0,0,613,44,131,255,167,36,613,Match Report
687,Chelsea,2019-08-31,Sheffield Utd,eng Premier League,D 2-2,2,2,0,62,2,0,0,0,858,64,255,255,144,17,858,Match Report
688,Newcastle Utd,2019-08-31,Watford,eng Premier League,D 1-1,1,1,0,49,1,0,0,0,613,51,152,255,138,23,613,Match Report
689,Manchester Utd,2019-08-31,Southampton,eng Premier League,D 1-1,1,1,0,59,1,0,0,0,725,63,212,255,204,37,725,Match Report
690,Aston Villa,2019-08-31,Crystal Palace,eng Premier League,L 0-1,0,1,-1,48,0,0,0,0,545,95,206,219,124,11,545,Match Report
691,Leicester City,2019-08-31,Bournemouth,eng Premier League,W 3-1,3,1,+2,55,3,0,0,0,722,58,231,255,161,28,722,Match Report
692,Norwich City,2019-08-31,West Ham,eng Premier League,L 0-2,0,2,-2,52,0,0,0,0,653,59,177,255,116,16,653,Match Report
693,Crystal Palace,2019-08-31,Aston Villa,eng Premier League,W 1-0,1,0,+1,52,1,0,0,0,577,46,171,224,187,46,577,Match Report
694,Liverpool,2019-08-31,Burnley,eng Premier League,W 3-0,3,0,+3,63,2,0,0,0,706,68,231,255,151,21,706,Match Report
695,Bournemouth,2019-08-31,Leicester City,eng Premier League,L 1-3,1,3,-2,45,1,0,0,0,599,57,184,255,141,13,599,Match Report
696,Watford,2019-08-31,Newcastle Utd,eng Premier League,D 1-1,1,1,0,51,1,0,0,0,657,66,182,255,139,19,657,Match Report
697,Brighton,2019-08-31,Manchester City,eng Premier League,L 0-4,0,4,-4,47,0,0,0,0,643,110,255,251,96,17,643,Match Report
698,Sheffield Utd,2019-08-31,Chelsea,eng Premier League,D 2-2,2,2,0,38,1,0,0,0,570,63,188,255,110,10,570,Match Report
699,Manchester City,2019-08-31,Brighton,eng Premier League,W 4-0,4,0,+4,53,4,0,0,0,729,67,195,255,205,34,729,Match Report
700,Burnley,2019-08-31,Liverpool,eng Premier League,L 0-3,0,3,-3,37,0,0,0,0,456,62,149,227,87,7,456,Match Report
701,Newcastle Utd,2019-08-25,Tottenham,eng Premier League,W 1-0,1,0,+1,21,1,0,0,0,363,86,185,114,72,12,363,Match Report
702,Manchester City,2019-08-25,Bournemouth,eng Premier League,W 3-1,3,1,+2,74,3,0,0,0,872,64,204,255,197,34,872,Match Report
703,Burnley,2019-08-25,Wolves,eng Premier League,D 1-1,1,1,0,35,1,0,0,0,452,64,141,208,108,18,452,Match Report
704,Wolves,2019-08-25,Burnley,eng Premier League,D 1-1,1,1,0,65,0,1,1,0,741,58,207,255,192,27,740,Match Report
705,Tottenham,2019-08-25,Newcastle Utd,eng Premier League,L 0-1,0,1,-1,79,0,0,0,0,910,32,108,255,255,27,910,Match Report
706,Bournemouth,2019-08-25,Manchester City,eng Premier League,L 1-3,1,3,-2,26,1,0,0,0,387,63,164,137,93,14,387,Match Report
707,Liverpool,2019-08-24,Arsenal,eng Premier League,W 3-1,3,1,+2,52,2,1,1,0,714,40,121,255,255,47,713,Match Report
708,Crystal Palace,2019-08-24,Manchester Utd,eng Premier League,W 2-1,2,1,+1,29,2,0,0,0,379,76,178,136,67,16,379,Match Report
709,Chelsea,2019-08-24,Norwich City,eng Premier League,W 3-2,3,2,+1,54,3,0,0,0,714,44,162,255,222,30,714,Match Report
710,Leicester City,2019-08-24,Sheffield Utd,eng Premier League,W 2-1,2,1,+1,51,2,0,0,0,634,85,255,236,133,18,634,Match Report
711,West Ham,2019-08-24,Watford,eng Premier League,W 3-1,3,1,+2,45,2,1,1,0,547,70,184,225,143,32,546,Match Report
712,Brighton,2019-08-24,Southampton,eng Premier League,L 0-2,0,2,-2,51,0,0,0,0,560,58,195,226,141,30,560,Match Report
713,Manchester Utd,2019-08-24,Crystal Palace,eng Premier League,L 1-2,1,2,-1,71,1,0,1,1,700,34,116,255,252,34,699,Match Report
714,Watford,2019-08-24,West Ham,eng Premier League,L 1-3,1,3,-2,55,1,0,0,0,627,46,127,255,198,40,627,Match Report
715,Sheffield Utd,2019-08-24,Leicester City,eng Premier League,L 1-2,1,2,-1,49,1,0,0,0,585,41,131,219,241,21,585,Match Report
716,Norwich City,2019-08-24,Chelsea,eng Premier League,L 2-3,2,3,-1,46,2,0,0,0,649,90,255,255,98,13,649,Match Report
717,Southampton,2019-08-24,Brighton,eng Premier League,W 2-0,2,0,+2,49,2,0,0,0,544,59,159,255,124,17,544,Match Report
718,Arsenal,2019-08-24,Liverpool,eng Premier League,L 1-3,1,3,-2,48,1,0,0,0,693,118,255,230,112,11,693,Match Report
719,Everton,2019-08-23,Aston Villa,eng Premier League,L 0-2,0,2,-2,64,0,0,0,0,692,45,150,255,207,27,692,Match Report
720,Aston Villa,2019-08-23,Everton,eng Premier League,W 2-0,2,0,+2,36,2,0,0,0,462,75,197,175,98,16,462,Match Report
721,Wolves,2019-08-19,Manchester Utd,eng Premier League,D 1-1,1,1,0,35,1,0,0,0,489,51,175,220,99,19,489,Match Report
722,Manchester Utd,2019-08-19,Wolves,eng Premier League,D 1-1,1,1,0,65,1,0,1,1,807,55,171,255,190,19,806,Match Report
723,Crystal Palace,2019-08-18,Sheffield Utd,eng Premier League,L 0-1,0,1,-1,57,0,0,0,0,671,64,235,255,139,11,671,Match Report
724,Sheffield Utd,2019-08-18,Crystal Palace,eng Premier League,W 1-0,1,0,+1,43,1,0,0,0,569,53,177,195,200,22,569,Match Report
725,Chelsea,2019-08-18,Leicester City,eng Premier League,D 1-1,1,1,0,50,1,0,0,0,636,71,213,255,156,18,636,Match Report
726,Leicester City,2019-08-18,Chelsea,eng Premier League,D 1-1,1,1,0,50,1,0,0,0,640,68,209,255,136,19,640,Match Report
727,Burnley,2019-08-17,Arsenal,eng Premier League,L 1-2,1,2,-1,33,1,0,0,0,410,55,120,138,156,34,410,Match Report
728,Newcastle Utd,2019-08-17,Norwich City,eng Premier League,L 1-3,1,3,-2,37,1,0,0,0,480,47,160,230,94,17,480,Match Report
729,Everton,2019-08-17,Watford,eng Premier League,W 1-0,1,0,+1,44,1,0,0,0,483,81,188,205,97,15,483,Match Report
730,Liverpool,2019-08-17,Southampton,eng Premier League,W 2-1,2,1,+1,63,2,0,0,0,707,70,244,255,160,19,707,Match Report
731,Manchester City,2019-08-17,Tottenham,eng Premier League,D 2-2,2,2,0,55,2,0,0,0,778,40,118,255,255,48,778,Match Report
732,Aston Villa,2019-08-17,Bournemouth,eng Premier League,L 1-2,1,2,-1,63,1,0,0,0,649,51,201,255,181,25,649,Match Report
733,Brighton,2019-08-17,West Ham,eng Premier League,D 1-1,1,1,0,57,1,0,0,0,683,58,192,255,172,25,683,Match Report
734,Bournemouth,2019-08-17,Aston Villa,eng Premier League,W 2-1,2,1,+1,37,1,1,1,0,441,80,175,142,132,18,440,Match Report
735,Arsenal,2019-08-17,Burnley,eng Premier League,W 2-1,2,1,+1,67,2,0,0,0,693,90,255,235,187,26,693,Match Report
736,Norwich City,2019-08-17,Newcastle Utd,eng Premier League,W 3-1,3,1,+2,63,3,0,0,0,746,66,229,255,173,27,746,Match Report
737,Tottenham,2019-08-17,Manchester City,eng Premier League,D 2-2,2,2,0,45,2,0,0,0,649,143,255,217,40,5,649,Match Report
738,West Ham,2019-08-17,Brighton,eng Premier League,D 1-1,1,1,0,43,1,0,0,0,533,56,170,255,98,15,533,Match Report
739,Watford,2019-08-17,Everton,eng Premier League,L 0-1,0,1,-1,56,0,0,0,0,574,46,157,255,156,26,574,Match Report
740,Southampton,2019-08-17,Liverpool,eng Premier League,L 1-2,1,2,-1,37,1,0,0,0,475,53,132,215,129,22,475,Match Report
741,Newcastle Utd,2019-08-11,Arsenal,eng Premier League,L 0-1,0,1,-1,38,0,0,0,0,548,47,179,255,122,11,548,Match Report
742,Chelsea,2019-08-11,Manchester Utd,eng Premier League,L 0-4,0,4,-4,54,0,0,0,0,687,50,166,255,197,15,687,Match Report
743,Leicester City,2019-08-11,Wolves,eng Premier League,D 0-0,0,0,0,69,0,0,0,0,834,41,182,255,213,27,834,Match Report
744,Wolves,2019-08-11,Leicester City,eng Premier League,D 0-0,0,0,0,31,0,0,0,0,482,69,212,193,81,13,482,Match Report
745,Arsenal,2019-08-11,Newcastle Utd,eng Premier League,W 1-0,1,0,+1,62,1,0,0,0,771,64,232,255,162,24,771,Match Report
746,Manchester Utd,2019-08-11,Chelsea,eng Premier League,W 4-0,4,0,+4,46,3,1,1,0,597,67,235,245,123,26,596,Match Report
747,Bournemouth,2019-08-10,Sheffield Utd,eng Premier League,D 1-1,1,1,0,53,1,0,0,0,633,46,217,255,124,16,633,Match Report
748,Brighton,2019-08-10,Watford,eng Premier League,W 3-0,3,0,+3,51,2,0,0,0,597,68,250,248,104,11,597,Match Report
749,Burnley,2019-08-10,Southampton,eng Premier League,W 3-0,3,0,+3,47,3,0,0,0,507,55,154,255,89,14,507,Match Report
750,Aston Villa,2019-08-10,Tottenham,eng Premier League,L 1-3,1,3,-2,30,1,0,0,0,422,104,220,152,55,8,422,Match Report
751,Everton,2019-08-10,Crystal Palace,eng Premier League,D 0-0,0,0,0,64,0,0,0,0,690,62,214,255,139,16,690,Match Report
752,Sheffield Utd,2019-08-10,Bournemouth,eng Premier League,D 1-1,1,1,0,47,1,0,0,0,584,50,171,255,161,11,584,Match Report
753,Manchester City,2019-08-10,West Ham,eng Premier League,W 5-0,5,0,+5,57,4,1,1,0,682,60,210,255,168,26,681,Match Report
754,Tottenham,2019-08-10,Aston Villa,eng Premier League,W 3-1,3,1,+2,70,3,0,0,0,749,23,83,255,255,41,749,Match Report
755,Southampton,2019-08-10,Burnley,eng Premier League,L 0-3,0,3,-3,53,0,0,0,0,556,45,147,255,117,27,556,Match Report
756,West Ham,2019-08-10,Manchester City,eng Premier League,L 0-5,0,5,-5,43,0,0,0,0,523,52,149,251,123,7,523,Match Report
757,Watford,2019-08-10,Brighton,eng Premier League,L 0-3,0,3,-3,49,0,0,0,0,562,33,139,255,133,12,562,Match Report
758,Crystal Palace,2019-08-10,Everton,eng Premier League,D 0-0,0,0,0,36,0,0,0,0,427,44,142,179,114,14,427,Match Report
759,Liverpool,2019-08-09,Norwich City,eng Premier League,W 4-1,4,1,+3,57,3,0,0,0,627,44,117,255,209,35,627,Match Report
760,Norwich City,2019-08-09,Liverpool,eng Premier League,L 1-4,1,4,-3,43,1,0,0,0,534,125,254,203,79,14,534,Match Report
